reportingrailroadcode,accidentnumber,date,time,accidenttype,hazmatreleasedcars,station,stateabbr,temperature,visibility_code,visibility,weathercondition,tracktype,equipmenttype,trainspeed,equipmentdamagecost,trackdamagecost,totaldamagecost,primaryaccidentcausecode,latitude,longitude
POCA,20200623,2020-06-23,8:20 AM,Derailment,0,CATOOSA,OK,95.0,2,Day,Clear,Yard,Yard/switching,7,10000,34000,44000,T316,36.241849999999999,-95.740077999999997
CSX,000188525,2020-02-19,8:44 AM,Derailment,0,CINCINNATI,OH,25.0,2,Day,Clear,Yard,Yard/switching,6,407771,0,625123,T207,39.125335,-84.540043999999995
DT,09292015,2015-09-29,11:40 AM,Derailment,0,DECATUR,IL,80.0,2,Day,Cloudy,Main,Freight Train,5,3500,20000,23500,T202,39.890456,-88.914480999999995
GNBC,G12202017,2017-12-20,1:47 PM,Derailment,0,SOUTHARD,OK,56.0,2,Day,Clear,Main,Freight Train,24,75800,3800,79600,T207,36.033416000000003,-98.495253000000005
BNSF,PR0216106,2016-02-06,10:00 AM,Derailment,0,AMARILLO,TX,55.0,2,Day,Clear,Industry,Yard/switching,10,6250,58000,64250,T108,35.216177000000002,-101.79707000000001
ATK,167308,2021-06-08,9:58 PM,Derailment,0,NEW YORK,NY,84.0,4,Dark,Clear,Yard,Yard/switching,10,100000,3802,103802,T311,40.747767000000003,-73.933522999999994
UP,1015WH004,2015-10-21,10:30 AM,Derailment,0,PRYOR,OK,75.0,2,Day,Clear,Yard,Freight Train,11,6047,8752,14799,T399,36.246816000000003,-95.337022000000005
CWRO,201512,2015-02-07,12:15 PM,Derailment,0,CLEVELAND,OH,35.0,2,Day,Clear,Industry,Yard/switching,7,5000,15000,20000,T103,41.280000000000001,-81.799999999999997
WE,190093,2019-10-13,3:30 PM,Derailment,0,AKRON,OH,65.0,2,Day,Clear,Siding,Freight Train,9,0,13205,26414,T110,41.065111999999999,-81.452162000000001
ATK,154828,2018-08-15,3:34 PM,Derailment,0,LONG ISLAND CITY,NY,0.0,2,Day,Clear,Yard,,0,0,1500,53091,T110,40.751472,-73.928256000000005
NS,143571,2021-11-24,11:00 AM,Derailment,0,MAUMEE,OH,42.0,2,Day,Cloudy,Industry,Light loco(s),4,137,16227,16364,T110,41.563718999999999,-83.673721
BNSF,TX0316102,2016-03-12,8:25 PM,Derailment,0,MOORE,OK,65.0,4,Dark,Clear,Yard,Yard/switching,10,33900,11348,45248,T205,35.373873000000003,-97.483214000000004
NS,132719,2019-02-04,8:15 PM,Derailment,0,MIDDLETOWN,OH,55.0,4,Dark,Clear,Yard,Freight Train,5,9439,8475,17914,T110,39.467478,-84.393489000000002
OSRR,OSR833718D,2018-10-27,9:32 PM,Derailment,0,ZANESVILLE,OH,49.0,4,Dark,Cloudy,Main,Freight Train,10,30000,62584,92584,T207,39.918906,-82.010407000000001
NS,137232,2020-02-19,7:33 PM,Derailment,0,CLEVELAND,OH,25.0,3,Dusk,Cloudy,Industry,Freight Train,5,15000,0,15000,T207,41.502485,-81.702652
BNSF,RD0222102,2022-02-02,3:10 PM,Derailment,0,WAYNE,OK,25.0,2,Day,Cloudy,Siding,Freight Train,9,265239,45000,310239,T001,34.928913000000001,-97.327415000000002
CSX,000175393,2018-03-24,10:53 AM,Derailment,0,LIMA,OH,36.0,2,Day,Clear,Yard,Cut of cars,0,56125,20288,196239,T311,40.745353999999999,-84.101095000000001
KRR,KRR079022,2022-12-28,7:00 AM,Derailment,0,BOSWELL,OK,33.0,1,Dawn,Clear,Main,Freight Train,25,60000,240373,300373,T204,34.012982000000001,-95.950079000000002
LI,74779,2021-05-11,11:10 PM,Derailment,0,JAMAICA,NY,56.0,4,Dark,Clear,Main,,0,0,269312,298926,T403,40.700847000000003,-73.803240000000002
NJTR,202110403,2021-09-17,10:45 PM,Derailment,0,HILLBURN,NY,70.0,4,Dark,Clear,Siding,Yard/switching,7,89382,0,89382,T113,41.119222000000001,-74.159077999999994
SW,SWC060815D,2015-06-08,12:50 PM,Derailment,0,CARLSBAD,NM,76.0,2,Day,Cloudy,Yard,Yard/switching,3,17814,7568,25382,T199,32.411900000000003,-104.2364
BNSF,RD0522124,2022-05-24,4:58 AM,Derailment,0,TULSA,OK,68.0,1,Dawn,Clear,Yard,Yard/switching,10,28000,300000,328000,T210,36.126522999999999,-96.010929000000004
WE,170010,2017-01-27,9:12 PM,Derailment,0,SPENCER,OH,25.0,4,Dark,Snow,Yard,Yard/switching,6,21736,212,21948,T110,41.061272000000002,-82.065164999999993
CSX,000156805,2016-02-03,11:55 PM,Derailment,0,CHICAGO,IL,25.0,4,Dark,Clear,Industry,Freight Train,7,173876,0,176771,T110,41.764831000000001,-87.810084000000003
SLWC,220122003,2022-01-22,8:00 AM,Derailment,0,NORGE,OK,22.0,2,Day,Clear,Main,Freight Train,21,250000,150000,400000,T210,34.991387000000003,-98.057818999999995
CSX,000149084,2015-07-13,6:50 AM,Derailment,0,EAST SYRACUSE,NY,70.0,1,Dawn,Clear,Yard,Freight Train,6,38289,100,38389,T314,43.070768000000001,-76.029307000000003
UP,1121MA024,2021-11-15,4:59 AM,Derailment,0,EAST ST LOUIS,IL,30.0,1,Dawn,Cloudy,Yard,Freight Train,9,19571,0,21686,T204,38.583182000000001,-90.135585000000006
BNSF,TX1114103,2014-11-09,10:32 AM,Derailment,0,SCULLIN,OK,60.0,2,Day,Clear,Yard,Freight Train,9,159914,208000,367914,T001,34.466152000000001,-96.841685999999996
CSX,000153483,2015-10-20,7:05 PM,Derailment,0,NIAGARA FALLS,NY,50.0,3,Dusk,Cloudy,Yard,Yard/switching,6,39927,2100,42027,T206,43.118713,-78.996170000000006
ATK,156065,2018-10-31,9:30 AM,Derailment,0,LONG ISLAND CITY,NY,55.0,2,Day,Cloudy,Yard,,0,0,750,25661,T112,40.751939999999998,-73.920749999999998
BNSF,RD0520103,2020-05-04,3:40 PM,Derailment,0,NICOMA PARK,OK,81.0,2,Day,Clear,Main,Freight Train,6,1536,0,165794,T110,35.486559,-97.352165999999997
CRSH,116614,2015-07-20,1:00 AM,Derailment,0,NEWARK,NJ,88.0,4,Dark,Clear,Yard,Yard/switching,7,42941,3000,70063,T305,40.713667999999998,-74.142477
ATK,157298,2019-01-23,7:53 AM,Other (describe in narrative),0,NEW YORK,NY,32.0,2,Day,Clear,Main,,0,0,564,11065,T404,40.750591999999997,-73.993538000000001
WE,160102,2016-12-10,9:50 PM,Derailment,0,BREWSTER,OH,22.0,4,Dark,Clear,Yard,Light loco(s),8,11727,837,12564,T307,40.714796999999997,-81.601639000000006
GNBC,G06172019,2019-06-17,12:45 PM,Derailment,0,BESSIE,OK,80.0,2,Day,Clear,Industry,Freight Train,3,5200,12121,17321,T001,35.386552000000002,-98.985245000000006
BNSF,RD0221110,2021-02-09,4:45 PM,Derailment,0,MOORE,OK,18.0,2,Day,Cloudy,Yard,Yard/switching,4,38432,900,39332,T207,35.367604999999998,-97.483142999999998
BNSF,HL0721107,2021-07-10,12:45 AM,Derailment,0,KANSAS CITY,MO,78.0,4,Dark,Clear,Yard,Yard/switching,7,31257,0,107257,T001,39.124326000000003,-94.575948999999994
CSX,000191171,2020-07-02,5:30 PM,Derailment,0,WILLARD,OH,86.0,3,Dusk,Clear,Yard,,0,0,3000,50063,T110,41.063276999999999,-82.743520000000004
NS,118581,2015-12-15,11:20 PM,Derailment,0,MEYERS LAKE,OH,47.0,4,Dark,Cloudy,Siding,,0,0,250,22926,T110,40.781764000000003,-81.420731000000004
CSX,000174744,2018-02-14,7:31 PM,Derailment,0,CINCINNATI,OH,65.0,3,Dusk,Cloudy,Yard,Yard/switching,7,41266,1000,42266,T207,39.124550999999997,-84.542520999999994
SLWC,170625002,2017-06-25,11:30 PM,Derailment,0,OKLAHOMA CITY,OK,72.0,4,Dark,Clear,Yard,Yard/switching,4,5573,12250,17823,T402,35.454051,-97.484375999999997
CSX,000149635,2015-07-24,5:30 AM,Derailment,0,SELKIRK,NY,70.0,1,Dawn,Clear,Yard,Yard/switching,20,47362,2315,65259,T103,42.564653999999997,-73.85257
CWRO,201927,2019-05-19,11:00 AM,Derailment,0,CLEVELAND,OH,80.0,2,Day,Clear,Industry,Yard/switching,5,4000,9000,13000,T314,41.461199999999998,-81.673199999999994
LI,EQ20160707,2016-07-27,2:12 PM,Derailment,0,SPEONK,NY,90.0,2,Day,Clear,Yard,Yard/switching,5,0,26454,26454,T110,40.821447999999997,-72.701583999999997
ASRY,D122417,2017-12-24,4:30 PM,Derailment,0,WILLARD,OH,32.0,2,Day,Cloudy,Yard,Freight Train,10,20000,80000,100000,T210,41.050328999999998,-82.716032999999996
WE,200062,2020-07-02,5:30 PM,Derailment,0,WILLARD,OH,86.0,3,Dusk,Clear,Yard,Freight Train,8,47063,0,50063,T110,41.063276999999999,-82.743520000000004
FGLK,03062020,2020-03-06,12:11 PM,Derailment,0,ROMULUS,NY,46.0,2,Day,Cloudy,Yard,Yard/switching,2,1347,29989,31336,T110,42.703516,-76.865243000000007
SLWC,230212001,2023-02-12,1:30 PM,Derailment,0,TUTTLE,OK,63.0,2,Day,Clear,Industry,Freight Train,4,36000,7348,43348,T111,35.218843999999997,-97.854546999999997
NS,151450,2022-10-01,10:12 PM,Derailment,0,MINGO JUNCTION,OH,55.0,4,Dark,Clear,Yard,Freight Train,7,185954,0,185954,T110,40.309626000000002,-80.610951999999997
CSX,000205615,2022-06-16,4:00 PM,Derailment,0,WALBRIDGE,OH,95.0,2,Day,Clear,Yard,Yard/switching,6,27430,100,27530,T206,41.589911000000001,-83.496928999999994
NS,118317,2015-11-22,11:45 AM,Derailment,0,BROOK PARK,OH,34.0,2,Day,Cloudy,Yard,Yard/switching,8,55239,2000,57239,T110,41.422254000000002,-81.798107999999999
NS,144164,2022-01-26,3:34 PM,Derailment,0,WALTON HILLS,OH,17.0,2,Day,Clear,Industry,Light loco(s),2,25639,800,26439,T314,41.370835,-81.527431000000007
WE,170112,2017-10-07,11:25 AM,Derailment,0,CAREY,OH,74.0,2,Day,Clear,Yard,Yard/switching,8,3788,27032,30820,T110,40.956206000000002,-83.365576000000004
MNCW,77538,2022-07-11,4:08 PM,Derailment,0,NEW YORK NEW YORK,NY,82.0,2,Day,Cloudy,Main,EMU,9,164559,142843,307402,T399,40.752654999999997,-73.977294999999998
AOK,05162018,2018-05-16,10:00 PM,Derailment,0,HARRAH,OK,73.0,4,Dark,Clear,Main,,0,0,304410,314410,T401,35.295392999999997,-97.110387000000003
BNSF,NW1218110,2018-12-10,8:00 PM,Derailment,0,KLAMATH FALLS,OR,29.0,3,Dusk,Fog,Yard,Yard/switching,9,44000,70000,114000,T112,42.173282999999998,-121.822166
NS,122968,2016-12-01,10:22 PM,Derailment,0,LOUISVILLE,OH,34.0,4,Dark,Clear,Yard,Freight Train,7,19439,0,19439,T110,40.825181000000001,-81.296453999999997
POCA,180604,2018-06-04,2:00 PM,Derailment,0,CATOOSA,OK,92.0,2,Day,Clear,Yard,Yard/switching,5,100000,50000,150000,T314,36.228319999999997,-95.757908
WE,170066,2017-05-27,10:30 AM,Derailment,0,CANTON,OH,60.0,2,Day,Clear,Yard,Yard/switching,8,25589,44094,69683,T314,40.766727000000003,-81.42389
UP,0723MA016,2023-07-07,5:14 AM,Derailment,0,ST LOUIS,MO,63.0,1,Dawn,Cloudy,Main,Freight Train,16,559498,0,1032773,T314,38.620781999999998,-90.198488999999995
UP,0717FW016,2017-07-12,3:08 PM,Derailment,0,WAGONER,OK,98.0,2,Day,Cloudy,Main,Freight Train,32,1284618,744303,2028921,T109,35.880364,-95.330985999999996
OHIC,012015A,2015-01-20,9:40 AM,Derailment,0,MINERVA,OH,35.0,2,Day,Clear,Main,Yard/switching,9,30000,965,30965,T110,40.709330999999999,-81.083332999999996
BNSF,TX0116100,2016-01-04,1:30 PM,Derailment,0,OKMULGEE,OK,37.0,2,Day,Clear,Yard,Yard/switching,5,19781,500,20281,T201,35.628749999999997,-95.964479999999995
LI,EQ20150904,2015-09-23,4:37 PM,Derailment,0,NEW YORK NEW YORK,NY,74.0,2,Day,Cloudy,Yard,EMU,8,636136,15000,651136,T108,40.754157999999997,-74.003345999999993
WE,170095,2017-08-23,8:20 AM,Derailment,0,AKRON,OH,75.0,2,Day,Clear,Industry,Yard/switching,7,28000,0,28000,T314,41.061512999999998,-81.430689000000001
IORY,IOR067422D,2022-04-23,3:30 PM,Derailment,0,CANAL WINCHESTER,OH,87.0,2,Day,Clear,Main,Freight Train,10,104098,21191,125289,T202,39.850110000000001,-82.834339999999997
BNSF,SF1015115,2015-10-31,11:00 AM,Derailment,0,TULSA,OK,60.0,2,Day,Cloudy,Yard,Light loco(s),5,36550,24500,61050,T403,36.128743999999998,-96.011787999999996
BNSF,RD0719130,2019-07-29,2:00 PM,Derailment,0,OKLAHOMA CITY,OK,98.0,2,Day,Clear,Siding,Freight Train,24,14600,10500,25100,T102,35.570991999999997,-97.528537
BNSF,KS0620107,2020-06-08,3:12 PM,Derailment,0,KANSAS CITY,KS,90.0,2,Day,Clear,Main,Freight Train,15,23000,151647,174647,T319,39.072524999999999,-94.638583999999994
UP,0420GL009,2020-04-13,10:29 AM,Derailment,0,GRAND ISLAND,NE,31.0,2,Day,Clear,Yard,Cut of cars,0,14767,0,119595,T101,40.932859000000001,-98.325345999999996
NS,136947,2020-01-27,3:45 AM,Derailment,0,SILVER SPRINGS,NY,30.0,4,Dark,Snow,Yard,Freight Train,3,97005,20154,117159,T207,42.660744000000001,-78.083158999999995
NS,138937,2020-08-23,4:15 AM,Derailment,0,CONWAY,PA,63.0,1,Dawn,Cloudy,Yard,Freight Train,6,7500,4256,11756,T311,40.658977999999998,-80.243482
FGLK,06182015,2015-06-18,6:30 PM,Derailment,0,SENECA FALLS,NY,77.0,2,Day,Clear,Main,Freight Train,22,23170,88823,111993,T001,42.927467,-76.775163000000006
NJTR,202201011,2021-12-17,4:00 PM,Derailment,0,LONG ISLAND CITY,NY,56.0,2,Day,Cloudy,Yard,Commuter Train - Pulling,6,13881,0,89881,T110,40.745696000000002,-73.939412000000004
PNWR,PNW889418D,2018-12-19,11:08 AM,Derailment,0,MCMINNVILLE,OR,50.0,2,Day,Cloudy,Main,Freight Train,4,4500,15000,19500,T401,45.151147000000002,-123.197525
ATK,151331,2018-01-04,9:10 PM,Derailment,0,RENSSELAER,NY,17.0,4,Dark,Snow,Yard,Light loco(s),5,30117,0,30117,T319,42.683129999999998,-73.778450000000007
NJTR,201809464,2018-09-07,11:30 PM,Other (describe in narrative),0,NEW YORK NEW YORK,NY,50.0,4,Dark,Clear,Main,EMU,60,342420,0,540835,T404,40.757562,-74.009282999999996
CSX,000167363,2017-03-10,7:22 PM,Derailment,0,MARLBOROUGH,MA,35.0,3,Dusk,Clear,Main,Freight Train,8,17314,698,18012,T110,42.328594000000002,-71.540474000000003
NYSW,180808CY01,2018-08-09,2:01 AM,Derailment,0,DEPOSIT,NY,72.0,4,Dark,Rain,Main,Freight Train,24,2799195,171490,2970685,T002,42.008519,-75.395242999999994
CSX,000218857,2024-06-24,11:15 AM,Derailment,0,WALBRIDGE,OH,90.0,2,Day,Clear,Yard,Yard/switching,9,64515,265426,329941,T403,41.589911000000001,-83.496928999999994
UP,0316WH008,2016-03-21,6:00 AM,Derailment,0,CLAREMORE,OK,30.0,4,Dark,Clear,Main,Freight Train,34,11760,6600,18360,T108,36.320636999999998,-95.613253
UP,0124RM012,2024-01-17,7:05 PM,Derailment,0,POCATELLO,ID,32.0,3,Dusk,Sleet,Yard,Freight Train,5,33509,3095,36604,T207,42.831986999999998,-112.414663
ATK,147091,2017-04-14,3:10 PM,Other (describe in narrative),0,NEW YORK NEW YORK,NY,60.0,2,Day,Clear,Main,,0,0,2000,17000,T404,40.696769000000003,-74.011437999999998
YB,YBR241217D,2017-03-11,10:50 AM,Derailment,0,YOUNGSTOWN,OH,20.0,2,Day,Clear,Yard,Freight Train,10,24000,7500,31500,T210,41.154763000000003,-80.711178000000004
FGLK,10212021,2021-10-21,1:25 PM,Derailment,0,SENECA FALLS,NY,71.0,2,Day,Clear,Industry,Freight Train,5,3721,14997,18718,T110,42.921339000000003,-76.782526000000004
NJTR,202001031,2020-01-09,7:30 PM,Derailment,0,GLADSTONE,NJ,26.0,4,Dark,Clear,Yard,EMU,9,194341,13462,207803,T314,40.719639999999998,-74.665567999999993
NS,117587,2015-09-30,3:45 PM,Derailment,0,MANSFIELD,OH,68.0,2,Day,Clear,Yard,Freight Train,7,14000,2000,16000,T110,40.754053999999996,-82.497262000000006
CSX,000175385,2018-03-23,9:20 AM,Derailment,0,CINCINNATI,OH,49.0,2,Day,Clear,Yard,Freight Train,3,51481,31442,82923,T207,39.124550999999997,-84.542520999999994
CSX,000211908,2023-06-21,8:45 PM,Derailment,0,CINCINNATI,OH,70.0,4,Dark,Clear,Yard,Freight Train,7,102040,5536,107576,T205,39.136408000000003,-84.542399000000003
SLWC,230224004,2023-02-24,5:45 AM,Derailment,0,CYRIL,OK,27.0,1,Dawn,Clear,Yard,Freight Train,8,16013,60000,76013,T110,34.897686,-98.195284999999998
NS,143873,2021-12-27,3:30 PM,Derailment,0,MASURY,OH,46.0,2,Day,Cloudy,Industry,Freight Train,8,14200,33263,47463,T207,41.212603000000001,-80.525865999999994
NJTR,202309372,2023-09-11,9:03 AM,Derailment,0,SUFFERN,NY,70.0,2,Day,Clear,Yard,Commuter Train - Pulling,7,16556,0,16556,T314,41.118557000000003,-74.158095000000003
BNSF,RD0323112,2023-03-10,8:55 AM,Derailment,0,ADA,OK,63.0,1,Dawn,Clear,Industry,Freight Train,4,12830,5000,17830,T110,34.775530000000003,-96.681251000000003
CWRO,201930,2019-06-10,3:20 PM,Derailment,0,CLEVELAND,OH,65.0,2,Day,Cloudy,Industry,Yard/switching,3,6000,7500,13500,T402,41.457599999999999,-81.674000000000007
ATK,157156,2019-01-11,8:18 AM,Other (describe in narrative),0,BRONX,NY,28.0,2,Day,Clear,Main,Passenger Train - Pulling,62,22988,10800,33788,T404,40.859264000000003,-73.827169999999995
UP,0716WH005,2016-07-09,6:31 AM,Derailment,0,EL RENO,OK,80.0,1,Dawn,Clear,Main,Freight Train,9,35590,188584,224174,T110,35.551789999999997,-97.969402000000002
NS,129350,2018-05-03,12:01 PM,Derailment,0,COLUMBUS,OH,79.0,2,Day,Clear,Yard,Freight Train,4,28800,38584,67384,T207,39.916218000000001,-82.947011000000003
UP,0523TO013,2023-05-09,9:33 AM,Derailment,0,ATOKA,OK,73.0,2,Day,Cloudy,Industry,Freight Train,7,636,20275,20911,T210,34.467030000000001,-96.056044
BNSF,NW0419119,2019-04-23,6:30 PM,Derailment,0,KLAMATH FALLS,OR,65.0,3,Dusk,Clear,Industry,Yard/switching,4,9075,3100,12175,T110,42.172601,-121.824761
UP,0315TC008,2015-03-18,8:40 PM,Derailment,0,ST PAUL,MN,45.0,4,Dark,Clear,Yard,Yard/switching,8,5742,9317,15059,T001,44.936661000000001,-93.082701999999998
CWRO,201972,2019-12-15,8:35 AM,Derailment,0,CLEVELAND,OH,31.0,2,Day,Cloudy,Industry,Yard/switching,1,8000,6000,14000,T001,41.469000000000001,-81.675899999999999
DQE,ID150033,2015-04-15,10:51 PM,Derailment,0,EAGLETOWN,OK,55.0,4,Dark,Clear,Main,Freight Train,18,200474,702866,903340,T207,34.033687,-94.589068999999995
CWRO,201869,2018-12-14,7:35 PM,Derailment,0,CLEVELAND,OH,35.0,4,Dark,Clear,Industry,Yard/switching,5,5000,7500,12500,T110,41.466500000000003,-81.675600000000003
WE,170114,2017-10-09,9:10 PM,Derailment,0,AKRON,OH,64.0,2,Day,Clear,Yard,Yard/switching,5,3173,12549,15722,T110,41.065249000000001,-81.444856999999999
ATK,163473,2020-03-13,6:56 PM,Other (describe in narrative),0,NEW YORK,NY,67.0,3,Dusk,Clear,Main,,0,0,0,78383,T404,40.762832000000003,-74.008899
BNSF,HL0819115,2019-08-13,9:45 PM,Derailment,0,CATOOSA,OK,78.0,4,Dark,Clear,Industry,Freight Train,4,12500,0,12500,T319,36.228603999999997,-95.757895000000005
NS,142587,2021-08-18,9:25 PM,Derailment,0,CANISTEO,NY,72.0,4,Dark,Rain,Main,Work train,39,282950,211714,494664,T002,42.262973000000002,-77.554291000000006
WE,240022,2024-03-16,10:30 PM,Other impacts,0,AKRON,OH,35.0,4,Dark,Cloudy,Main,Freight Train,20,30000,117963,147963,T002,41.081899999999997,-81.486400000000003
WE,180058,2018-06-18,8:25 PM,Derailment,0,SYCAMORE,OH,85.0,2,Day,Clear,Main,Freight Train,26,337560,667105,1004665,T106,40.95917,-83.271654999999996
WNYP,W2017022,2017-12-13,3:50 PM,Derailment,0,OLEAN,NY,18.0,2,Day,Cloudy,Yard,Freight Train,8,0,11852,11852,T205,42.085943,-78.456883000000005
CSX,000188525,2020-02-19,8:44 AM,Derailment,0,CINCINNATI,OH,25.0,2,Day,Clear,Yard,Cut of cars,0,21403,111000,625123,T207,39.125335,-84.540043999999995
CSX,000155419,2015-12-21,4:30 PM,Derailment,0,WALBRIDGE,OH,46.0,3,Dusk,Cloudy,Yard,Cut of cars,4,32159,200,51958,T305,41.573731000000002,-83.513594999999995
BNSF,HL0517115,2017-05-17,2:45 PM,Derailment,0,TULSA,OK,75.0,2,Day,Clear,Yard,Yard/switching,5,4950,0,13356,T110,36.162208,-95.984617999999998
NS,118442,2015-12-03,9:45 AM,Derailment,0,BELLEVUE,OH,37.0,2,Day,Cloudy,Yard,Light loco(s),5,12876,0,12876,T110,41.290520000000001,-82.788126000000005
CSX,000210059,2023-02-27,12:34 AM,Derailment,0,COLUMBUS,OH,40.0,4,Dark,Clear,Yard,Freight Train,5,30388,342088,372476,T207,39.915086000000002,-82.987324999999998
NS,113489,2014-12-17,6:20 PM,Derailment,0,SAVANNAH,GA,72.0,3,Dusk,Clear,Industry,Yard/switching,5,12787,300,13087,T314,32.085937999999999,-81.105971999999994
ATK,156480,2018-11-25,9:50 AM,Other (describe in narrative),0,LONG ISLAND CITY,NY,50.0,2,Day,Cloudy,Main,Passenger Train - Pulling,30,22995,0,22995,T404,40.745158000000004,-73.939066999999994
NS,115497,2015-05-01,7:47 AM,Derailment,0,OREGON,OH,64.0,1,Dawn,Cloudy,Main,Freight Train,5,90000,0,91336,T111,41.679392999999997,-83.499106999999995
AB,DR16004,2016-07-18,9:05 AM,Derailment,0,KENT,OH,70.0,2,Day,Clear,Main,Freight Train,6,0,31490,31490,T110,41.090266999999997,-81.213800000000006
BNSF,RD0221105,2021-02-06,2:55 PM,Derailment,0,VALLEY BROOK,OK,34.0,2,Day,Cloudy,Yard,Yard/switching,9,97388,34000,131388,T299,35.382362000000001,-97.483107000000004
CSX,000190106,2020-05-07,4:23 AM,Derailment,0,WILLARD,OH,36.0,1,Dawn,Cloudy,Yard,Freight Train,8,171562,20592,192154,T207,41.059857000000001,-82.723963999999995
UP,0420GL009,2020-04-13,10:29 AM,Derailment,0,GRAND ISLAND,NE,31.0,2,Day,Clear,Yard,Cut of cars,0,768,0,119595,T101,40.932859000000001,-98.325345999999996
NS,114006,2015-01-23,6:45 PM,Derailment,0,LOUISVILLE,OH,32.0,3,Dusk,Cloudy,Yard,Freight Train,8,13636,500,14136,T205,40.822384,-81.305262999999997
CWRO,201520,2015-03-08,4:00 AM,Derailment,0,CLEVELAND,OH,33.0,4,Dark,Clear,Industry,Yard/switching,3,7000,10000,17000,T299,41.280000000000001,-81.799999999999997
UP,0318KC032,2018-03-12,12:38 AM,Derailment,0,DEL CITY,OK,37.0,4,Dark,Cloudy,Yard,,0,0,698,39799,T319,35.471935000000002,-97.444345999999996
NS,151938,2023-01-07,3:30 AM,Derailment,0,LEXINGTON,NC,30.0,4,Dark,Clear,Yard,Yard/switching,10,23400,80601,104001,T207,35.750594,-80.318290000000005
BNSF,RD0318118,2018-03-12,12:38 AM,Derailment,0,DEL CITY,OK,37.0,4,Dark,Cloudy,Yard,Freight Train,5,34101,0,39799,T319,35.471935000000002,-97.444345999999996
CP,1001870733,2023-03-26,10:20 PM,Derailment,0,WYNDMERE,ND,7.0,4,Dark,Clear,Main,Freight Train,40,2146936,16984,2163920,T202,46.229855000000001,-97.079892999999998
CSX,000165580,2017-01-01,12:50 AM,Derailment,0,CINCINNATI,OH,30.0,4,Dark,Cloudy,Yard,Yard/switching,10,51085,1944,53029,T319,39.104289000000001,-84.538797000000002
BNSF,RD1221104,2021-12-06,8:00 PM,Derailment,1,GOLDTHWAITE,TX,37.0,3,Dusk,Clear,Main,Freight Train,25,612331,405000,1017331,T307,31.362344,-98.505123999999995
NS,119566,2016-03-01,9:27 PM,Derailment,2,RIPLEY,NY,27.0,4,Dark,Snow,Main,Freight Train,51,641974,65079,707053,T207,42.265734000000002,-79.707734000000002
ATK,162700,2020-01-09,11:35 PM,Derailment,0,NEW YORK,NY,40.0,4,Dark,Clear,Yard,Light loco(s),5,31034,800,31834,T111,40.743163000000003,-73.922891000000007
UP,0418FW053,2018-04-30,8:55 AM,Derailment,0,TULSA,OK,70.0,2,Day,Clear,Yard,Freight Train,6,50145,0,81645,T314,36.137009999999997,-96.008745000000005
LAS,D640415,2015-02-28,8:32 PM,Derailment,0,MINDEN,LA,41.0,4,Dark,Clear,Yard,Yard/switching,7,4500,10300,14800,T303,32.644812000000002,-93.291916000000001
BNSF,TC0821102,2021-08-03,1:50 PM,Derailment,0,CROOKSTON,MN,90.0,2,Day,Clear,Yard,Freight Train,5,72000,0,112000,T109,47.746271999999998,-96.601315999999997
BNSF,RD0318109,2018-03-07,11:10 AM,Derailment,0,TULSA,OK,41.0,2,Day,Clear,Yard,Light loco(s),6,15000,500,15500,T202,36.129857000000001,-96.011668999999998
CWRO,201622,2016-03-30,11:45 AM,Derailment,0,CLEVELAND,OH,40.0,2,Day,Clear,Industry,Yard/switching,10,7500,7500,15000,T314,41.282800000000002,-81.403999999999996
UP,0719PN011,2019-07-15,12:27 PM,Derailment,0,PORTLAND,OR,64.0,2,Day,Cloudy,Main,Freight Train,3,25100,199393,224493,T113,45.529480999999997,-122.66803899999999
UP,0516FW014,2016-05-13,9:15 PM,Derailment,0,BAIRD,TX,70.0,4,Dark,Clear,Main,Freight Train,32,335021,279180,614201,T102,32.387855000000002,-99.340197000000003
BNSF,RD0117108,2017-01-16,8:28 PM,Derailment,0,TULSA,OK,51.0,3,Dusk,Clear,Industry,Yard/switching,8,26333,5000,31333,T110,36.182983999999998,-95.882756000000001
CP,1000248575,2015-08-04,3:45 PM,Derailment,0,BALLSTON SPA,NY,79.0,2,Day,Clear,Main,,0,0,378674,498674,T109,43.027880000000003,-73.832130000000006
CSX,000181372,2019-02-15,3:10 AM,Side collision,0,WILLARD,OH,40.0,4,Dark,Cloudy,Yard,Yard/switching,10,76755,137643,457184,T207,41.063276999999999,-82.743520000000004
NYA,NYA000022,2021-05-11,11:10 PM,Derailment,0,JAMAICA,NY,56.0,4,Dark,Clear,Main,Freight Train,9,29614,0,298926,T403,40.700847000000003,-73.803240000000002