reportingrailroadcode,accidentnumber,date,time,accidenttype,hazmatreleasedcars,station,stateabbr,temperature,visibility_code,visibility,weathercondition,tracktype,equipmenttype,trainspeed,equipmentdamagecost,trackdamagecost,totaldamagecost,primaryaccidentcausecode,latitude,longitude
MQT,MQT995319R,2019-03-21,12:20 PM,Derailment,0,FILER CITY,MI,35.0,2,Day,Clear,Industry,Yard/switching,5,19,14145,14164,T111,44.218001999999998,-86.292745999999994
WE,170027,2017-03-03,1:45 PM,Derailment,0,STREETSBORO,OH,25.0,2,Day,Snow,Industry,Yard/switching,8,10443,11352,21795,T110,41.257185999999997,-81.387466000000003
BNSF,PR0324105,2024-03-22,9:08 AM,Derailment,0,THEDFORD,NE,30.0,2,Day,Clear,Main,Freight Train,43,1582096,538897,2120993,T299,42.000681,-100.72153
NS,154488,2023-10-12,12:40 PM,Derailment,0,BUFFALO,NY,58.0,2,Day,Clear,Yard,Yard/switching,2,14007,500,14507,T314,42.882720999999997,-78.819481999999994
UP,1117FW028,2017-11-21,3:38 AM,Derailment,0,APACHE,OK,28.0,4,Dark,Clear,Main,Freight Train,25,181493,68828,250321,T210,34.857686000000001,-98.373762999999997
UP,0418FW005,2018-04-06,8:44 AM,Derailment,0,OOLOGAH,OK,58.0,2,Day,Cloudy,Industry,Freight Train,5,27384,298,27682,T199,36.435935999999998,-95.702912999999995
BNSF,RD0418107,2018-04-08,7:00 AM,Derailment,0,PAULS VALLEY,OK,45.0,1,Dawn,Cloudy,Main,Freight Train,49,4579,190000,194579,T199,34.766523999999997,-97.247641000000002
BNG,BNG202001,2020-05-29,4:25 PM,Derailment,0,BRAMAN,OK,82.0,2,Day,Clear,Main,Freight Train,7,6000,20000,26000,T205,36.976762999999998,-97.396747000000005
CSX,000185085,2019-09-02,5:40 AM,Derailment,0,COLUMBUS,OH,65.0,1,Dawn,Clear,Yard,Yard/switching,6,15093,250,15343,T101,39.905374999999999,-82.974796999999995
NS,140252,2021-01-14,7:08 AM,Derailment,0,MINGO JUNCTION,OH,40.0,1,Dawn,Clear,Yard,Freight Train,4,627422,13562,640984,T207,40.310678000000003,-80.610466000000002
SKOL,231029002,2023-10-29,10:48 AM,Derailment,0,RAMONA,OK,37.0,2,Day,Clear,Main,Freight Train,24,314475,27476,341951,T202,36.509492999999999,-95.909756999999999
NJTR,201704122,2017-04-03,9:00 AM,Derailment,0,NEW YORK NEW YORK,NY,55.0,2,Day,Clear,Main,Commuter Train - Pulling,13,245409,0,963409,T113,40.751736999999999,-73.996820999999997
LSRC,D240608,2024-06-08,9:25 PM,Derailment,0,TAWAS CITY,MI,64.0,3,Dusk,Fog,Yard,Freight Train,8,36384,65065,101449,T399,44.316665999999998,-83.405000000000001
UP,0323GL008,2023-03-06,9:52 AM,Derailment,0,FORT DODGE,IA,34.0,2,Day,Cloudy,Yard,Freight Train,9,7665,6340,14005,T314,42.488242,-94.157730000000001
BNSF,KS0621109,2021-06-16,6:30 PM,Derailment,0,WAYNOKA,OK,102.0,3,Dusk,Clear,Yard,Freight Train,7,14013,40000,54013,T108,36.615802000000002,-98.865922999999995
CSX,000181372,2019-02-15,3:10 AM,Side collision,0,WILLARD,OH,40.0,4,Dark,Cloudy,Yard,Freight Train,8,242786,0,457184,T207,41.063276999999999,-82.743520000000004
WE,220089,2022-12-27,8:00 AM,Derailment,0,CANTON,OH,24.0,2,Day,Snow,Yard,Yard/switching,5,1764,17811,19575,T309,40.868467000000003,-81.251883000000007
CSX,000213726,2023-09-26,3:58 AM,Derailment,0,ALBANY,NY,68.0,4,Dark,Clear,Yard,Yard/switching,8,81811,1474,83285,T001,42.901881000000003,-78.773893999999999
LI,68209,2018-07-21,4:45 PM,Derailment,0,NEW YORK NEW YORK,NY,77.0,2,Day,Rain,Yard,EMU,15,2000000,107975,2107975,T307,40.754344000000003,-74.001383000000004
WE,170086,2017-08-02,6:45 PM,Derailment,0,MINGO JUNCTION,OH,80.0,2,Day,Clear,Yard,Yard/switching,9,8842,60971,69813,T110,40.306162999999998,-80.607426000000004
CSX,000146255,2015-05-15,5:40 AM,Other impacts,0,LOUISVILLE,KY,60.0,4,Dark,Clear,Yard,Yard/switching,3,28518,6997,35515,T110,38.160784999999997,-85.749194000000003
CSX,000149635,2015-07-24,5:30 AM,Derailment,0,SELKIRK,NY,70.0,1,Dawn,Clear,Yard,Cut of cars,0,15582,0,65259,T103,42.564653999999997,-73.85257
WE,240008,2024-01-22,10:30 PM,Derailment,0,MEDINA,OH,34.0,4,Dark,Cloudy,Industry,Yard/switching,4,13864,0,13864,T110,41.080132999999996,-81.953480999999996
CSX,000164898,2016-12-04,7:45 AM,Derailment,0,OREGON,OH,30.0,1,Dawn,Cloudy,Main,Freight Train,15,383780,85162,468942,T207,41.667453000000002,-83.482577000000006
WE,170017,2017-02-16,6:20 PM,Derailment,0,AKRON,OH,25.0,3,Dusk,Clear,Yard,Yard/switching,6,755,14316,15071,T110,41.065094999999999,-81.442419000000001
NS,118784,2016-01-04,2:45 PM,Derailment,0,BELLEVUE,OH,31.0,2,Day,Clear,Yard,Freight Train,14,428339,18000,446339,T203,41.281571999999997,-82.820217
NS,121289,2016-07-16,3:35 PM,Derailment,0,HAMILTON,OH,85.0,2,Day,Clear,Main,Freight Train,7,66211,251887,318098,T111,39.399301999999999,-84.556905
CSX,000193499,2020-10-28,4:20 AM,Derailment,0,SELKIRK,NY,42.0,4,Dark,Clear,Yard,Yard/switching,4,48574,5295,53869,T207,42.565902999999999,-73.854184000000004
NYSW,18072801,2018-07-28,8:20 AM,Derailment,0,RIDGEFIELD PARK,NJ,78.0,2,Day,Cloudy,Yard,Freight Train,10,3926,280000,283926,T499,40.846854999999998,-74.027760000000001
FWWR,16052701,2016-05-27,8:55 AM,Derailment,0,FORT WORTH,TX,75.0,2,Day,Rain,Yard,Yard/switching,0,12167,0,12167,T001,32.725276999999998,-97.302554999999998
NS,152089,2023-01-24,2:30 PM,Derailment,0,CANTON,OH,34.0,2,Day,Clear,Industry,Freight Train,4,1550,11529,13079,T314,40.786476999999998,-81.398792
NS,136936,2020-01-25,11:00 AM,Derailment,0,DORAVILLE,GA,43.0,2,Day,Clear,Yard,Freight Train,4,2219,13270,15489,T207,33.904730000000001,-84.278294000000002
CAGY,CAG980422,2022-06-22,12:30 PM,Derailment,0,GREENWOOD,MS,101.0,2,Day,Clear,Main,Freight Train,6,3208,37500,40708,T314,33.501887000000004,-90.238135999999997
BNSF,PR0921105,2021-09-25,6:57 AM,Derailment,0,GERING,NE,42.0,1,Dawn,Clear,Siding,Freight Train,31,623902,297411,921313,T207,41.770702,-103.38512
IAIS,2020010,2020-03-24,2:05 AM,Derailment,0,WILTON,IA,37.0,4,Dark,Clear,Industry,Yard/switching,8,45080,5800,50880,T110,41.583748999999997,-91.038368000000006
BNSF,CH1221103,2021-12-20,3:44 AM,Derailment,0,GALESBURG,IL,21.0,4,Dark,Clear,Yard,Freight Train,9,27518,88864,120509,T314,40.934967,-90.412004999999994
UP,0321GL025,2021-03-27,2:02 AM,Derailment,0,SHAKOPEE,MN,41.0,4,Dark,Clear,Industry,Yard/switching,2,100,34083,34183,T314,44.795755,-93.467202
NJTR,202007254,2020-07-21,11:30 PM,Derailment,0,KEARNY,NJ,85.0,4,Dark,Clear,Yard,Yard/switching,4,19647,2770,22417,T314,40.744425,-74.101793000000001
BNSF,CH1221106,2021-12-27,11:15 AM,Derailment,0,RIVERDALE,IA,40.0,2,Day,Cloudy,Industry,Freight Train,2,4155,75000,79155,T111,41.534945999999998,-90.456245999999993
CRSH,122377,2016-10-11,12:45 AM,Derailment,0,PAULSBORO,NJ,56.0,4,Dark,Clear,Yard,Yard/switching,5,19637,1350,20987,T110,39.835417,-75.248987999999997
BNSF,SW0718111,2018-07-21,12:20 PM,Derailment,0,DEXTER,NM,105.0,2,Day,Clear,Siding,Freight Train,10,20000,200000,220000,T111,33.256374999999998,-104.415237
ACWR,04202023,2023-04-20,2:00 PM,Derailment,0,STAR,NC,85.0,2,Day,Clear,Industry,Freight Train,10,60392,35000,95392,T110,35.398333000000001,-79.783332999999999
UP,0819GL012,2019-08-05,2:00 AM,Derailment,0,ST PAUL,MN,73.0,4,Dark,Clear,Yard,Yard/switching,7,63527,44170,107697,T319,44.942481999999998,-93.051321000000002
CP,1000947670,2019-03-02,7:32 AM,Derailment,3,CARRINGTON,ND,3.0,1,Dawn,Fog,Main,Freight Train,49,3080334,35409,3115743,T201,47.449719999999999,-99.126222999999996
CSX,000189465,2020-04-03,6:20 AM,Derailment,0,NEWARK,NJ,50.0,1,Dawn,Cloudy,Yard,Freight Train,8,25663,12000,49663,T315,40.714238999999999,-74.144451000000004
BNSF,CH0420106,2020-04-11,7:49 PM,Derailment,0,RANSOM,IL,40.0,3,Dusk,Rain,Industry,Freight Train,3,19600,0,19600,T311,41.157862999999999,-88.657471999999999
CRSH,141837,2021-06-09,3:45 PM,Derailment,0,NEWARK,NJ,89.0,2,Day,Clear,Yard,Freight Train,8,13680,125191,138871,T110,40.683425,-74.165704000000005
ATK,170015,2022-02-10,5:17 PM,Other (describe in narrative),0,BALTIMORE,MD,59.0,3,Dusk,Cloudy,Main,Passenger Train - Pulling,88,32349,0,32349,T404,39.299973000000001,-76.651103000000006
ATK,154382,2018-07-20,11:16 AM,Derailment,0,TRENTON,NJ,85.0,2,Day,Clear,Main,,0,0,73863,141764,T110,40.221093000000003,-74.751024000000001
BNSF,TC1118109,2018-11-20,9:11 PM,Derailment,0,ONEILL,NE,33.0,4,Dark,Clear,Industry,Freight Train,3,18925,1000,19925,T204,42.447845000000001,-98.618821999999994
UP,1117SL015,2017-11-22,10:45 PM,Derailment,0,FULTS,IL,28.0,4,Dark,Cloudy,Main,Freight Train,50,16348,2747,19095,T201,38.172798999999998,-90.225313
EIRR,221211001,2022-12-11,1:45 PM,Derailment,0,BURLEY,ID,43.0,2,Day,Cloudy,Industry,Freight Train,6,33000,4680,37680,T110,42.539029999999997,-113.80258000000001
BNSF,TC0422105,2022-04-17,5:00 PM,Derailment,0,HILLSBORO,ND,30.0,3,Dusk,Cloudy,Industry,Freight Train,8,70854,9000,79854,T001,47.342184000000003,-97.041122000000001
CSX,000168458,2017-04-22,9:30 AM,Other impacts,0,INDIANAPOLIS,IN,67.0,2,Day,Clear,Yard,Single Car,7,40426,0,40740,T314,39.759791,-86.327526000000006
NJTR,202105215,2021-05-06,10:18 PM,Derailment,0,KEARNY,NJ,51.0,4,Dark,Cloudy,Yard,EMU,5,108000,24505,132505,T399,40.743789,-74.100852000000003
UP,1023HL013,2023-10-17,5:31 AM,Derailment,0,KANSAS CITY,KS,43.0,1,Dawn,Clear,Yard,Yard/switching,5,15630,47426,63056,T201,39.134388999999999,-94.597797999999997
NS,116207,2015-06-19,4:50 PM,Derailment,0,GRANITE CITY,IL,80.0,3,Dusk,Rain,Yard,Freight Train,8,1350,24848,26198,T110,38.717140999999998,-90.146225000000001
KCS,14102103,2014-10-21,6:23 PM,Derailment,0,LOUISIANA,MO,66.0,2,Day,Clear,Main,Freight Train,9,3592,11810,15402,T102,39.264363000000003,-91.203900000000004
UP,0220GC019,2020-02-14,1:30 PM,Derailment,0,LIVONIA,LA,55.0,2,Day,Clear,Yard,Yard/switching,7,83323,54042,137365,T199,30.518583,-91.551742000000004
GRW,20230830,2023-08-30,4:00 PM,Derailment,0,GARY,IN,75.0,2,Day,Clear,Industry,Yard/switching,3,3500,17500,21000,T110,41.623699999999999,-87.350999999999999
BNSF,KS0118109,2018-01-13,9:15 AM,Derailment,0,KANSAS CITY,KS,8.0,2,Day,Clear,Yard,Yard/switching,4,14525,1200,20936,T305,39.084449999999997,-94.690455
NJTR,202112508,2021-11-06,3:13 AM,Other (describe in narrative),0,TRENTON,NJ,38.0,4,Dark,Clear,Main,EMU,60,7310,0,13610,T404,40.224333000000001,-74.746944999999997
BNSF,HL0622120,2022-06-30,2:55 PM,Derailment,0,BENNET,NE,96.0,2,Day,Clear,Main,Freight Train,23,1577194,1375000,2952194,T105,40.687392000000003,-96.468494000000007
BNSF,SW0521105,2021-05-24,5:30 AM,Derailment,0,THOREAU,NM,27.0,1,Dawn,Clear,Main,Freight Train,15,20327,103000,123327,T204,35.498303,-108.461688
UP,0915TC010,2015-09-10,10:41 AM,Derailment,0,SAVAGE,MN,67.0,2,Day,Clear,Industry,Freight Train,4,996,25000,25996,T112,44.779372000000002,-93.352995000000007
NS,144070,2022-01-19,5:45 AM,Derailment,0,DECATUR,IL,32.0,1,Dawn,Cloudy,Yard,Freight Train,7,21850,6040,27890,T110,39.852181999999999,-88.918342999999993
BNSF,SW0324111,2024-03-25,11:03 PM,Derailment,0,SOCORRO,NM,34.0,4,Dark,Clear,Main,Freight Train,48,2715929,913093,3629022,T299,34.048540000000003,-106.882278
NJTR,202407373,2024-07-12,9:07 PM,Derailment,0,NEW BRUNSWICK,NJ,80.0,4,Dark,Clear,Yard,Yard/switching,4,68426,24795,93221,T102,40.479978000000003,-74.467330000000004
BNSF,TC1019108,2019-10-14,11:15 PM,Derailment,0,BOTTINEAU,ND,36.0,4,Dark,Clear,Industry,Freight Train,9,18207,0,18207,T001,48.828138000000003,-100.444266
GRW,14,2021-05-31,7:30 PM,Derailment,0,GARY,IN,57.0,2,Day,Clear,Yard,Yard/switching,5,2860,20910,23770,T111,41.618907999999998,-87.352466000000007
CSX,000179935,2018-11-19,2:45 AM,Derailment,0,CHARLOTTE,NC,48.0,4,Dark,Fog,Yard,Cut of cars,0,22000,97,39122,T210,35.232810000000001,-80.830434999999994
DMVW,DE041719,2019-04-17,7:15 PM,Derailment,0,FULLERTON,ND,47.0,2,Day,Rain,Siding,Freight Train,8,77844,30736,108580,T001,46.094109000000003,-98.252990999999994
BNSF,HL0119113,2019-01-14,3:45 AM,Derailment,0,SPRINGFIELD,MO,30.0,4,Dark,Cloudy,Yard,Yard/switching,5,104231,174000,278231,T111,37.227324000000003,-93.323248000000007
IAIS,2019049,2019-11-21,6:05 AM,Derailment,0,DES MOINES,IA,53.0,4,Dark,Rain,Yard,Yard/switching,9,1600,13354,14954,T110,41.625644000000001,-93.752506999999994
CP,1001307177,2020-08-22,3:59 PM,Derailment,0,PARSHALL,ND,87.0,2,Day,Clear,Main,Freight Train,23,225480,16484,241964,T199,47.971708,-102.01486800000001
ALS,20211119,2021-11-19,6:30 AM,Derailment,0,EAST ST LOUIS,IL,37.0,1,Dawn,Clear,Yard,Yard/switching,4,8550,23000,31550,T403,38.590024,-90.139155000000002
ATK,156834,2018-12-21,11:45 PM,Derailment,0,NEW ORLEANS,LA,43.0,4,Dark,Clear,Yard,Yard/switching,8,20378,15000,35378,T399,30.021899999999999,-89.918729999999996
MRL,2023050,2023-05-27,12:05 AM,Derailment,0,LAUREL,MT,54.0,4,Dark,Clear,Yard,Yard/switching,9,36000,8352,44352,T110,45.677309999999999,-108.729904
NS,135251,2019-08-26,3:05 PM,Derailment,0,NEW HAVEN,IN,69.0,2,Day,Rain,Yard,Freight Train,3,28595,300,28895,T314,41.074342000000001,-85.053838999999996
KCS,16090501,2016-09-05,9:00 PM,Derailment,0,LEESVILLE,LA,78.0,4,Dark,Cloudy,Industry,Freight Train,12,29516,12500,42016,T110,31.039619999999999,-93.273223000000002
DMVW,DE507BUR,2018-05-07,9:30 AM,Derailment,0,BURNSTAD,ND,55.0,2,Day,Cloudy,Main,Freight Train,10,31113,17700,48813,T001,46.373572000000003,-99.627719999999997
BNSF,TC1214100,2014-12-01,6:00 AM,Derailment,0,WADENA,MN,-11.0,1,Dawn,Clear,Main,Freight Train,53,1667508,168466,1835974,T201,46.457979000000002,-95.181901999999994
BNSF,SF0315121,2015-03-25,8:20 AM,Derailment,0,ST LOUIS,MO,45.0,1,Dawn,Cloudy,Yard,Freight Train,9,90144,70000,160144,T210,38.702218999999999,-90.217116000000004
BNSF,SW0724102,2024-07-06,9:45 AM,Derailment,0,CLOVIS,NM,72.0,2,Day,Clear,Yard,Freight Train,6,5858,42277,48135,T314,34.397891000000001,-103.218463
UP,0620GP021,2020-06-24,3:30 PM,Derailment,0,SUTHERLAND,NE,91.0,2,Day,Clear,Main,Freight Train,35,589903,533759,1123662,T108,41.160325,-101.062872
GRS,20190329G1,2019-03-29,5:05 PM,Derailment,0,ENFIELD,ME,45.0,3,Dusk,Cloudy,Main,Freight Train,4,29606,4875,34481,T109,45.275753000000002,-68.582133999999996
WC,1139196,2023-09-22,6:30 PM,Derailment,0,EOLA,IL,72.0,3,Dusk,Clear,Yard,Freight Train,9,111000,0,156764,T110,41.886707999999999,-88.309102999999993
BNSF,HL1118113,2018-11-12,4:11 PM,Derailment,0,OMAHA,NE,48.0,2,Day,Clear,Yard,Freight Train,9,12000,10000,22000,T314,41.217725000000002,-95.928291000000002
UP,0222PR013,2022-02-15,6:45 AM,Derailment,0,JOLIET,IL,22.0,1,Dawn,Cloudy,Yard,Freight Train,5,13297,0,13297,T319,41.482163,-88.089719000000002
UP,0317NP032,2017-03-20,12:15 AM,Derailment,0,HANOVER,KS,58.0,4,Dark,Clear,Industry,Freight Train,4,1912,16901,18813,T319,39.909829999999999,-96.893333999999996
BNSF,NE1215108,2015-12-15,7:45 PM,Derailment,0,OMAHA,NE,36.0,3,Dusk,Clear,Yard,Yard/switching,6,10000,800,10800,T311,41.221432999999998,-95.923761999999996
NS,117965,2015-10-28,4:40 PM,Derailment,0,SECAUCUS,NJ,65.0,3,Dusk,Rain,Yard,Freight Train,8,12164,0,12164,T311,40.760342000000001,-74.069794999999999
UP,0515NP019,2015-05-25,2:00 PM,Derailment,0,CLATONIA,NE,71.0,2,Day,Clear,Main,Freight Train,10,9268,60494,69762,T001,40.436368000000002,-96.875730000000004
NJTR,201702042,2017-01-09,5:58 AM,Other (describe in narrative),0,NEW BRUNSWICK,NJ,30.0,4,Dark,Clear,Main,Commuter Train - Pulling,40,11000,0,12000,T404,40.448642,-74.490379000000004
UP,0716CB007,2016-07-07,5:45 PM,Derailment,0,BELLEVUE,NE,91.0,2,Day,Clear,Main,Freight Train,25,713139,149736,862875,T001,41.146861999999999,-95.935190000000006
DMVW,DE121721,2021-12-17,2:50 AM,Derailment,0,WILTON,ND,5.0,4,Dark,Clear,Main,Freight Train,25,97141,6574,103715,T299,47.210011000000002,-100.85924799999999
UP,0623HL027,2023-06-29,2:45 PM,Derailment,0,KANSAS CITY,MO,91.0,2,Day,Clear,Main,Freight Train,3,334339,36460,597799,T108,39.108694,-94.500591999999997
BNSF,HL0323121,2023-03-20,5:45 AM,Derailment,0,ST LOUIS,MO,34.0,1,Dawn,Clear,Yard,Freight Train,10,22100,5710,27810,T319,38.599868999999998,-90.31644
UP,1118NP032,2018-11-25,1:08 AM,Derailment,1,NORTH PLATTE,NE,31.0,4,Dark,Snow,Yard,Yard/switching,4,499489,160110,659599,T207,41.145842999999999,-100.794809
BNSF,MT0522101,2022-05-01,12:06 AM,Derailment,0,DES LACS,ND,38.0,4,Dark,Cloudy,Main,Freight Train,55,1000000,280000,1280000,T002,48.247799999999998,-101.47108799999999
UP,1118NP002,2018-11-02,9:36 AM,Derailment,0,NORTH PLATTE,NE,53.0,2,Day,Clear,Yard,Yard/switching,3,11596,2800,14396,T311,41.151564999999998,-100.814645
BNSF,SW0418102,2018-04-09,9:55 PM,Derailment,0,CLOVIS,NM,45.0,4,Dark,Clear,Yard,Freight Train,8,45000,100000,145000,T207,34.395420999999999,-103.20672
CSX,000194666,2020-12-25,2:58 AM,Derailment,0,ATLANTA,GA,28.0,4,Dark,Sleet,Yard,Yard/switching,10,68754,6076,74830,T210,33.794105000000002,-84.417334999999994
UP,0722GP010,2022-07-16,9:32 AM,Derailment,0,NORTH PLATTE,NE,78.0,2,Day,Cloudy,Yard,Yard/switching,7,241974,177813,419787,T111,41.153002999999998,-100.83473499999999
TRRA,23033OR,2023-07-07,5:14 AM,Derailment,0,ST LOUIS,MO,80.0,1,Dawn,Clear,Main,,0,0,473275,1032773,T314,38.620781999999998,-90.198488999999995
NS,143806,2021-12-20,5:45 PM,Derailment,0,DECATUR,IL,39.0,3,Dusk,Clear,Yard,Yard/switching,7,5987,9500,15487,T110,39.848098,-88.939068000000006
BNSF,PR0324108,2024-03-26,10:54 PM,Derailment,0,HASTINGS,NE,21.0,4,Dark,Clear,Industry,Freight Train,4,34491,3000,37491,T210,40.592979999999997,-98.343781000000007
BNSF,HL0817105,2017-08-10,12:09 PM,Derailment,0,LINCOLN,NE,85.0,2,Day,Clear,Yard,Freight Train,8,22497,55200,77697,T319,40.807630000000003,-96.726630999999998
BNSF,KS1215108,2015-12-18,2:10 AM,Derailment,0,KANSAS CITY,KS,25.0,4,Dark,Clear,Yard,Freight Train,7,15060,29000,44060,T314,39.077956,-94.663717000000005
KYLE,KYL64320A,2020-12-18,5:30 AM,Other (describe in narrative),0,DELPHOS,KS,35.0,4,Dark,Clear,Main,Freight Train,5,0,30000,30000,T401,39.269509999999997,-97.769561999999993
NJTR,201502060,2015-01-28,8:00 PM,Other (describe in narrative),0,TRENTON,NJ,30.0,4,Dark,Clear,Main,Commuter Train - Pushing,15,13040,0,13140,T404,40.218254000000002,-74.754321000000004
BNSF,TC0619112,2019-06-21,7:30 PM,Derailment,0,BEULAH,ND,72.0,3,Dusk,Cloudy,Industry,Freight Train,13,120000,0,120000,T001,47.362107000000002,-101.829686
CSX,000162593,2016-09-02,1:50 AM,Derailment,0,WEST SPRINGFIELD,MA,71.0,4,Dark,Clear,Yard,Freight Train,3,42036,2288,44324,T311,42.098671000000003,-72.620755000000003
BNSF,CH1020107,2020-10-27,3:50 AM,Derailment,0,HARDIN,MO,28.0,4,Dark,Clear,Industry,Freight Train,6,15000,0,15000,T113,39.269084999999997,-93.819839000000002
NMRX,NMRX00002F,2023-01-27,5:05 PM,Derailment,0,ALBUQUERQUE,NM,38.0,3,Dusk,Clear,Yard,Yard/switching,5,14000,9538,37538,T311,35.049059999999997,-106.653605
BNSF,SW0217100,2017-02-02,11:50 AM,Derailment,0,CARLSBAD,NM,60.0,2,Day,Clear,Main,Freight Train,20,35000,19000,54000,T201,32.492359,-104.116101
EWR,EWR200902D,2020-09-02,10:13 AM,Derailment,0,ROCHESTER,IN,80.0,2,Day,Clear,Main,Freight Train,5,2829,9100,11929,T103,41.084249999999997,-86.206649999999996
UP,0821GP014,2021-08-18,6:45 AM,Derailment,0,MORRILL,NE,69.0,1,Dawn,Clear,Yard,Freight Train,12,3428,15889,19317,T399,41.930807999999999,-103.88934999999999
KO,20160211,2016-02-10,3:00 AM,Derailment,0,WICHITA,KS,26.0,4,Dark,Clear,Yard,Yard/switching,0,71350,10000,81350,T399,37.651857999999997,-97.385973000000007
BNSF,KS0116101,2016-01-09,4:30 AM,Derailment,0,NEWTON,KS,23.0,1,Dawn,Clear,Yard,Yard/switching,4,15935,2200,18135,T110,38.026214000000003,-97.374526000000003
WC,841815,2015-02-25,2:53 AM,Derailment,0,COTTON,MN,-11.0,4,Dark,Clear,Main,Freight Train,24,770019,339954,1109973,T207,47.081564,-92.348875000000007
ALS,20211003,2021-10-03,3:40 PM,Derailment,0,EAST ST LOUIS,IL,71.0,2,Day,Cloudy,Yard,,0,0,99,19117,T403,38.596029999999999,-90.147513000000004
CRSH,137673,2020-04-03,6:00 AM,Derailment,0,PORT NEWARK,NJ,48.0,1,Dawn,Cloudy,Yard,,0,0,12000,49663,T309,40.682993000000003,-74.165913000000003
BNSF,TC0917106,2017-09-20,10:15 AM,Derailment,0,JAMESTOWN,ND,64.0,2,Day,Clear,Industry,Freight Train,7,43821,50000,93821,T111,46.912002999999999,-98.777462999999997
CRSH,131627,2018-11-10,4:00 PM,Derailment,0,CARTERET,NJ,42.0,3,Dusk,Cloudy,Yard,Yard/switching,4,11856,250,12106,T311,40.588279999999997,-74.213266000000004
NJTR,202208328,2022-08-07,1:12 PM,Other (describe in narrative),0,EDISON,NJ,93.0,2,Day,Clear,Main,EMU,54,12575,0,20314,T404,40.520986999999998,-74.408179000000004
BNSF,MT0923104,2023-09-12,2:00 PM,Derailment,0,SWEETGRASS,MT,65.0,2,Day,Clear,Industry,Freight Train,10,10473,20000,30473,T314,48.994216999999999,-111.956002
BNSF,GC0116101,2016-01-01,7:35 AM,Derailment,0,LAFAYETTE,LA,55.0,1,Dawn,Clear,Yard,Yard/switching,7,34500,19500,54000,T311,30.235143000000001,-92.053597999999994
BNSF,CH1221103,2021-12-20,3:44 AM,Derailment,0,GALESBURG,IL,21.0,4,Dark,Clear,Yard,Freight Train,7,4127,0,120509,T314,40.934967,-90.412004999999994
RCPE,RCP276222D,2022-12-20,7:00 AM,Derailment,0,CHADRON,NE,-4.0,1,Dawn,Clear,Main,Freight Train,10,165000,4000,169000,T207,42.995959999999997,-103.242341
CRSH,142928,2021-09-24,12:47 PM,Derailment,0,JERSEY CITY,NJ,70.0,2,Day,Clear,Industry,Freight Train,4,2092,16732,18824,T110,40.686131000000003,-74.092618000000002
CSX,000163271,2016-10-01,11:47 PM,Derailment,0,CLARKTON,NC,56.0,4,Dark,Clear,Siding,Light loco(s),4,200000,96,200096,T314,34.617043000000002,-79.009876000000006
BNSF,HL0119125,2019-01-20,12:15 PM,Derailment,0,KANSAS CITY,MO,20.0,2,Day,Cloudy,Yard,Yard/switching,7,87603,374000,461603,T110,39.134923999999998,-94.586461999999997
BNSF,MT0518104,2018-05-14,11:04 PM,Derailment,0,LEDGER,MT,62.0,4,Dark,Clear,Main,Freight Train,13,596698,870000,1466698,T109,48.348123000000001,-111.755286
BNSF,TC0321107,2021-03-10,3:37 PM,Derailment,0,EUCLID,MN,30.0,2,Day,Clear,Main,Freight Train,34,323705,210841,534546,T204,47.867784999999998,-96.613878
MNNR,0615002,2015-06-06,11:30 AM,Derailment,0,MINNEAPOLIS,MN,71.0,2,Day,Clear,Industry,Yard/switching,4,1600,12375,13975,T110,44.950209999999998,-93.238889
NS,153140,2023-05-21,7:40 AM,Derailment,0,MERIDIAN,MS,70.0,1,Dawn,Clear,Yard,Freight Train,8,31500,4579,36079,T207,32.359527999999997,-88.711267000000007
CSX,000164960,2016-12-07,9:20 AM,Derailment,0,HAMLET,NC,48.0,2,Day,Clear,Yard,Freight Train,4,24500,882,25382,T207,34.925491000000001,-79.646586999999997
UP,0820GP022,2020-08-22,6:00 PM,Derailment,0,MAXWELL,NE,94.0,3,Dusk,Clear,Main,Freight Train,47,1217419,1622948,2840367,T108,41.096286999999997,-100.58436500000001
NJTR,202406313,2024-06-14,6:30 PM,Other (describe in narrative),0,HAMILTON,NJ,85.0,2,Day,Clear,Main,Commuter Train - Pulling,45,19126,0,19126,T404,40.230927999999999,-74.737874000000005
CAGY,CAG003522,2022-08-04,8:00 PM,Derailment,0,GREENWOOD,MS,84.0,4,Dark,Clear,Yard,Yard/switching,3,58000,7500,65500,T001,33.502453000000003,-90.233186000000003
CSX,000168458,2017-04-22,9:30 AM,Other impacts,0,INDIANAPOLIS,IN,67.0,2,Day,Clear,Yard,Single Car,7,0,314,40740,T314,39.759791,-86.327526000000006