reportingrailroadcode,accidentnumber,date,time,accidenttype,hazmatreleasedcars,station,stateabbr,temperature,visibility_code,visibility,weathercondition,tracktype,equipmenttype,trainspeed,equipmentdamagecost,trackdamagecost,totaldamagecost,primaryaccidentcausecode,latitude,longitude
BNSF,PR0917108,2017-09-17,2:27 PM,Derailment,0,FAIRMONT,NE,75.0,2,Day,Clear,Yard,Freight Train,6,50323,5600,55923,T110,40.637141,-97.589489
BNSF,HL1119107,2019-11-13,3:01 AM,Derailment,0,RED OAK,IA,15.0,4,Dark,Clear,Main,Freight Train,41,1431064,488000,1919064,T201,41.011310999999999,-95.338733000000005
ALS,201331,2020-12-31,4:36 AM,Derailment,0,EAST ST LOUIS,IL,37.0,4,Dark,Clear,Yard,,0,0,300,23164,T403,38.583100000000002,-90.135622999999995
UP,0715NP015,2015-07-26,10:00 PM,Derailment,0,NORTH PLATTE,NE,72.0,4,Dark,Rain,Yard,Yard/switching,3,93681,35725,132646,T110,41.146065,-100.81661699999999
CSX,000175806,2018-04-14,6:08 AM,Derailment,0,HAMLET,NC,55.0,4,Dark,Clear,Yard,Yard/switching,4,12002,9788,21790,T316,34.925491000000001,-79.646586999999997
DMVW,DE0517KIN,2019-05-17,10:50 AM,Derailment,0,NAPOLEON,ND,41.0,2,Day,Cloudy,Main,Freight Train,10,68528,82424,150952,T099,46.540895999999996,-99.874302
UP,0822GL009,2022-08-08,10:42 AM,Derailment,0,SIDNEY,NE,70.0,2,Day,Clear,Industry,Freight Train,5,18127,0,46127,T111,41.430945999999999,-96.504133999999993
ATK,169569,2021-11-08,6:45 PM,Other (describe in narrative),0,PRINCETON JUNCTION,NJ,50.0,4,Dark,Clear,Main,,0,0,6500,21500,T404,40.403145000000002,-74.521748000000002
SW,SWW032315D,2015-03-23,4:00 PM,Derailment,0,TYRONE,NM,55.0,2,Day,Clear,Industry,Light loco(s),5,0,11145,11145,T001,32.643965999999999,-108.36782599999999
NS,139286,2020-09-28,7:00 PM,Derailment,0,CHICAGO,IL,72.0,3,Dusk,Clear,Yard,Freight Train,4,3393,12638,16031,T110,41.772866999999998,-87.617148999999998
BNSF,HL0424115,2024-04-16,10:51 AM,Derailment,0,NEBRASKA CITY,NE,62.0,2,Day,Clear,Main,Freight Train,9,12108,150000,162108,T303,40.672294000000001,-95.846311999999998
ATK,175619,2023-07-24,12:34 PM,Derailment,0,HAVRE,MT,101.0,2,Day,Clear,Main,Passenger Train - Pulling,55,18620,0,18620,T109,48.561931000000001,-109.714085
UP,0124GL041,2024-01-21,1:44 AM,Derailment,0,ARLINGTON,NE,21.0,4,Dark,Snow,Main,Freight Train,35,1123952,230839,1354791,T201,41.437525999999998,-96.257569000000004
EVWR,E2023JUL1D,2023-07-20,7:35 PM,Derailment,0,MOUNT VERNON,IN,80.0,3,Dusk,Clear,Industry,Freight Train,9,0,15000,15000,T314,37.930390000000003,-87.873549999999994
NS,140960,2021-03-18,10:00 PM,Derailment,0,CLAREMONT,NC,52.0,4,Dark,Rain,Main,Freight Train,8,33,15153,15186,T314,35.711526999999997,-81.155309000000003
MNR,807367,2024-01-17,2:25 PM,Derailment,0,VAN BUREN,ME,12.0,2,Day,Clear,Yard,Yard/switching,6,7859,15033,22892,T110,47.172707000000003,-67.944804000000005
UP,0519GL037,2019-05-28,8:28 AM,Derailment,0,ST PAUL,MN,46.0,2,Day,Cloudy,Main,Freight Train,7,60538,191140,251678,T111,44.950122999999998,-93.077162000000001
NECR,NEC544423D,2023-09-20,2:53 AM,Derailment,0,WILLIMANTIC,CT,65.0,4,Dark,Cloudy,Main,Freight Train,10,10958,57497,68455,T002,41.712539999999997,-72.218490000000003
UP,0720HL007,2020-07-08,3:02 PM,Derailment,0,RESERVE,KS,91.0,2,Day,Clear,Main,Freight Train,30,623479,435626,1059105,T109,39.973827999999997,-95.561532
BNSF,HL0424124,2024-04-27,10:15 PM,Derailment,0,LINCOLN,NE,55.0,4,Dark,Clear,Yard,Yard/switching,9,37179,216551,253730,T111,40.808557,-96.764494999999997
BNSF,MT0320102,2020-03-06,2:06 PM,Derailment,0,MOORE,MT,65.0,2,Day,Clear,Industry,Yard/switching,9,7616,4000,11616,T001,46.978028999999999,-109.695294
NS,129574,2018-05-23,11:05 AM,Derailment,0,WALKERTOWN,NC,78.0,2,Day,Clear,Yard,Freight Train,9,13081,8515,21596,T311,36.136764999999997,-80.232012999999995
BNSF,HL1019118,2019-10-19,5:11 AM,Derailment,0,LINCOLN,NE,51.0,1,Dawn,Cloudy,Yard,Yard/switching,10,17766,500,18266,T111,40.808002000000002,-96.742332000000005
NJTR,202112507,2021-11-08,6:45 PM,Other (describe in narrative),0,PRINCETON JUNCTION,NJ,50.0,4,Dark,Clear,Main,Commuter Train - Pulling,90,15000,0,21500,T404,40.403145000000002,-74.521748000000002
GRS,20151002M1,2015-10-02,8:05 AM,Derailment,0,DEERFIELD,MA,60.0,2,Day,Clear,Yard,Freight Train,4,16150,9074,25224,T110,42.563614000000001,-72.560395
UP,0522GP021,2022-05-26,7:28 AM,Derailment,0,GOTHENBURG,NE,40.0,1,Dawn,Clear,Main,Freight Train,50,1065715,90000,1155715,T210,40.911264000000003,-100.128641
CRSH,118760,2015-12-31,12:30 AM,Derailment,0,CAMDEN,NJ,45.0,4,Dark,Rain,Yard,Work train,0,7901,3000,10901,T110,39.947279000000002,-75.098016999999999
EIRR,230108003,2023-01-08,10:55 AM,Derailment,0,BURLEY,ID,42.0,2,Day,Clear,Siding,Freight Train,11,43000,14364,57364,T110,42.534140000000001,-113.86973999999999
MACZ,169830,2022-01-25,1:40 PM,Other (describe in narrative),0,ROSEDALE,MD,25.0,2,Day,Cloudy,Main,Commuter Train - Pulling,0,13881,0,23011,T404,39.314549,-76.492735999999994
CRSH,146818,2024-01-14,1:36 AM,Derailment,0,DETROIT,MI,6.0,4,Dark,Snow,Yard,Freight Train,5,3287,20403,23690,T110,42.324311000000002,-83.113726999999997
ATK,181731,2024-04-25,5:07 AM,Other (describe in narrative),0,HARRISON,NJ,40.0,4,Dark,Clear,Main,,0,0,0,0,T404,40.742905,-74.135773
CRSH,144488,2022-02-22,3:15 PM,Derailment,0,PAULSBORO,NJ,57.0,2,Day,Rain,Yard,Freight Train,5,4681,13393,18074,T199,39.834206000000002,-75.247341000000006
BNSF,SW1117114,2017-11-28,5:50 PM,Derailment,0,CARLSBAD,NM,74.0,2,Day,Clear,Yard,Freight Train,10,21260,149280,170540,T314,32.440036999999997,-104.199033
BNSF,HL0224108,2024-02-09,4:43 AM,Derailment,0,CAIRO,NE,29.0,1,Dawn,Clear,Main,Freight Train,42,3174347,1727884,4902231,T204,40.992654999999999,-98.562123
UP,0221GL001,2021-02-05,5:40 AM,Derailment,0,ST PAUL,MN,8.0,1,Dawn,Cloudy,Yard,Yard/switching,8,14956,9280,24236,T206,44.927176000000003,-93.040467000000007
MQT,MQT305720D,2020-01-15,9:30 PM,Derailment,0,LUDINGTON,MI,33.0,4,Dark,Clear,Yard,Yard/switching,8,26996,16000,42996,T202,43.950026999999999,-86.418762999999998
ALS,20211115,2021-11-15,4:59 AM,Derailment,0,EAST ST LOUIS,IL,38.0,1,Dawn,Clear,Yard,,0,0,2115,21686,T204,38.583182000000001,-90.135585000000006
CRSH,126024,2017-07-30,2:20 PM,Derailment,0,NEWARK,NJ,82.0,2,Day,Clear,Yard,Yard/switching,8,51676,90357,142033,T110,40.712014000000003,-74.152938000000006
UP,0718PR005,2018-07-09,10:30 AM,Derailment,0,MELROSE PARK,IL,90.0,2,Day,Clear,Yard,Freight Train,4,22751,1584,24335,T314,41.898504000000003,-87.904002000000006
UP,0215NP015,2015-02-07,5:15 AM,Derailment,0,NORTH PLATTE,NE,31.0,4,Dark,Clear,Yard,Yard/switching,2,16417,276966,293383,T207,41.149275000000003,-100.854062
WC,1103644,2022-05-24,2:30 AM,Derailment,0,DULUTH,MN,47.0,4,Dark,Clear,Yard,Yard/switching,5,200,240133,240333,T113,46.753976000000002,-92.173299
BNSF,HL0321116,2021-03-24,9:10 AM,Derailment,0,CRESTON,IA,40.0,2,Day,Rain,Yard,Freight Train,5,1473,130705,132178,T110,41.056629999999998,-94.354578000000004
NS,136744,2020-01-05,1:10 AM,Derailment,0,NEW ORLEANS,LA,36.0,4,Dark,Clear,Yard,Freight Train,5,110,16575,16685,T210,29.995667000000001,-90.044844999999995
EIRR,221012006,2022-10-12,9:30 PM,Derailment,0,TWIN FALLS,ID,57.0,4,Dark,Clear,Main,Freight Train,19,566700,28204,594904,T210,42.543622999999997,-114.423632
NJTR,202109390,2021-09-16,5:08 PM,Other (describe in narrative),0,KEARNY,NJ,80.0,3,Dusk,Clear,Main,Commuter Train - Pulling,30,76515,0,101515,T404,40.754111999999999,-74.093497999999997
ATK,143488,2016-07-27,5:22 AM,Derailment,0,TRENTON,NJ,88.0,1,Dawn,Clear,Yard,Light loco(s),5,82337,8000,90337,T113,40.224997000000002,-74.745993999999996
CRSH,119304,2016-02-09,4:48 PM,Derailment,0,CRANBURY,NJ,35.0,3,Dusk,Clear,Industry,Freight Train,6,16062,500,16562,T110,40.315677000000001,-74.501518000000004
BNSF,PR1121102,2021-11-02,1:22 AM,Derailment,0,HASTINGS,NE,45.0,4,Dark,Clear,Industry,Yard/switching,10,43172,5485,48657,T113,40.586370000000002,-98.319731000000004
BNSF,TC0323144,2023-03-30,1:02 AM,Derailment,5,RAYMOND,MN,28.0,4,Dark,Clear,Main,Freight Train,45,1803663,669411,2473074,T210,45.013759,-95.245070999999996
UP,0823GL001,2023-08-01,8:38 AM,Derailment,0,COLUMBUS,NE,70.0,2,Day,Cloudy,Yard,Freight Train,8,7451,26440,33891,T314,41.427596999999999,-97.365297999999996
TZPR,TZP021719O,2019-04-15,5:25 AM,Derailment,0,CREVE COEUR,IL,42.0,1,Dawn,Clear,Yard,,0,0,40710,105710,T111,40.661102,-89.595534999999998
CP,1001285850,2020-07-21,8:40 PM,Derailment,0,VALLEY CITY,ND,67.0,4,Dark,Clear,Main,Freight Train,40,530591,16490,547081,T099,46.929467000000002,-97.983564000000001
NS,129757,2018-06-08,2:40 PM,Derailment,0,SOUTHMONT,NC,90.0,2,Day,Cloudy,Yard,Freight Train,10,11744,7288,19032,T399,35.736021999999998,-80.336566000000005
UP,1215KC003,2015-12-02,6:10 AM,Derailment,0,TOPEKA,KS,35.0,1,Dawn,Cloudy,Industry,Yard/switching,10,61604,2815,64419,T314,39.083978000000002,-95.725604000000004
UP,0721GL003,2021-07-01,2:30 AM,Derailment,0,SIOUX CITY,IA,65.0,4,Dark,Clear,Main,Freight Train,5,19828,42625,62453,T399,42.518315000000001,-96.380984999999995
UP,0620HL004,2020-06-04,2:14 PM,Derailment,0,MULLINVILLE,KS,95.0,2,Day,Clear,Main,Freight Train,27,225574,372693,598267,T109,37.591082,-99.422653999999994
UP,0317CB023,2017-03-30,1:15 PM,Derailment,0,VALLEY,NE,45.0,2,Day,Cloudy,Yard,Freight Train,7,58573,67457,126030,T205,41.315851000000002,-96.348009000000005
BNSF,SF0616100,2016-06-04,4:11 AM,Derailment,0,ST LOUIS,MO,71.0,1,Dawn,Rain,Yard,Freight Train,6,35058,153779,188837,T403,38.602471999999999,-90.312387000000001
ALS,20190706,2019-07-06,9:15 PM,Derailment,0,EAST ST LOUIS,IL,85.0,4,Dark,Clear,Yard,,0,0,55453,76427,T310,38.582467999999999,-90.136583000000002
UP,0417KC015,2017-04-22,12:25 PM,Derailment,0,KANSAS CITY,KS,68.0,2,Day,Clear,Yard,Work train,4,145924,113980,259904,T205,39.098599,-94.619106000000002
NJTR,202208329,2022-08-23,6:00 PM,Other (describe in narrative),0,SECAUCUS,NJ,92.0,2,Day,Cloudy,Main,EMU,55,8410,0,20069,T404,40.767395999999998,-74.062321999999995
BNSF,SW0317101,2017-03-08,1:20 AM,Derailment,0,ALBUQUERQUE,NM,40.0,4,Dark,Clear,Yard,Yard/switching,10,20000,0,20439,T314,35.072949999999999,-106.64915999999999
CSX,000209969,2023-02-21,11:45 PM,Derailment,0,CHICAGO,IL,34.0,4,Dark,Clear,Yard,Freight Train,8,46733,0,259696,T311,41.765540000000001,-87.434399999999997
DN,DN08112021,2021-08-10,11:45 PM,Derailment,0,GRAFTON,ND,65.0,4,Dark,Clear,Yard,,0,0,71000,105998,T207,48.430266000000003,-97.413870000000003
KCS,14121602,2014-12-16,12:30 PM,Derailment,0,MEXICO,MO,34.0,2,Day,Cloudy,Industry,Yard/switching,4,9316,1271,10587,T202,39.173065000000001,-91.887270999999998
BNSF,TC0819102,2019-08-09,3:56 PM,Derailment,0,PISEK,ND,77.0,2,Day,Clear,Main,Freight Train,25,75000,100000,175000,T109,48.286439000000001,-97.701165000000003
NS,142596,2021-08-18,10:58 AM,Derailment,0,TOOMSUBA,MS,91.0,2,Day,Clear,Main,Freight Train,42,730644,253498,984142,T204,32.415377999999997,-88.565077000000002
MRL,2023059,2023-06-24,6:12 AM,Derailment,10,REEDPOINT,MT,50.0,1,Dawn,Cloudy,Main,Freight Train,38,0,0,0,T204,45.686943999999997,-109.438329
AGR,AGR638323R,2023-12-19,4:20 AM,Derailment,0,HAMILTON,MS,26.0,4,Dark,Clear,Main,Freight Train,36,565152,0,740152,T204,33.682150999999998,-88.421610999999999
NS,135235,2019-08-25,9:15 PM,Derailment,0,NEW HAVEN,IN,65.0,4,Dark,Clear,Yard,Freight Train,6,18435,8000,26435,T314,41.071635999999998,-85.019841
UP,0622GP028,2022-06-28,4:00 PM,Derailment,0,GOTHENBURG,NE,96.0,2,Day,Clear,Industry,Freight Train,5,48735,169081,217816,T110,40.924554999999998,-100.158666
ATK,136172,2015-01-28,8:00 PM,Other (describe in narrative),0,TRENTON,NJ,30.0,4,Dark,Clear,Main,,0,0,100,13140,T404,40.218254000000002,-74.754321000000004
BNSF,CH0422102,2022-04-01,12:32 PM,Derailment,0,GALESBURG,IL,55.0,2,Day,Clear,Industry,Yard/switching,5,155,15000,15155,T111,40.924030999999999,-90.324133000000003
NS,143275,2021-10-26,10:08 AM,Derailment,0,GARDEN CITY,GA,77.0,2,Day,Clear,Yard,Yard/switching,9,3380,66948,70328,T110,32.110264000000001,-81.174895000000006
UP,1221GP001,2021-12-02,10:56 AM,Derailment,0,NORTH PLATTE,NE,48.0,2,Day,Cloudy,Yard,Freight Train,10,15808,7146,22954,T314,41.154898000000003,-100.850134
NJTR,202406316,2024-06-23,1:25 PM,Other (describe in narrative),0,HOBOKEN,NJ,95.0,2,Day,Clear,Main,Passenger Train - Pulling,15,4001,9545,13546,T404,40.734850000000002,-74.028040000000004
DN,DN00673142,2021-10-09,11:15 PM,Derailment,0,CRYSTAL,ND,50.0,4,Dark,Rain,Main,Freight Train,8,226815,35000,261815,T001,48.602429999999998,-97.668892999999997
CRSH,124922,2017-05-03,3:10 AM,Derailment,0,NEWARK,NJ,55.0,4,Dark,Clear,Industry,Yard/switching,6,20049,1500,21549,T307,40.674008999999998,-74.154471999999998
RRVW,32718OAKES,2018-03-27,6:40 PM,Derailment,0,OAKES,ND,40.0,3,Dusk,Clear,Yard,Freight Train,9,154978,61442,216420,T110,46.131735999999997,-98.096935999999999
NKCR,NKCR151154,2015-06-10,7:45 PM,Derailment,0,GRANT,NE,60.0,2,Day,Clear,Industry,Freight Train,4,13100,24000,37100,T108,40.840131,-101.70961200000001
NS,129626,2018-05-28,11:55 PM,Derailment,0,STATESVILLE,NC,72.0,4,Dark,Rain,Yard,Freight Train,5,7000,7681,14681,T110,35.775089999999999,-80.888952000000003
CSX,000175545,2018-03-28,11:34 PM,Derailment,0,ENFIELD,NC,62.0,4,Dark,Cloudy,Main,,0,0,388,64332,T207,36.166566000000003,-77.682567000000006
NMRX,07162017,2017-07-16,5:20 PM,Derailment,0,ALBUQUERQUE,NM,86.0,2,Day,Cloudy,Yard,,0,0,0,35308,T110,35.076422999999998,-106.64855300000001
CSX,000179295,2018-10-13,5:50 AM,Derailment,0,WORCESTER,MA,49.0,1,Dawn,Cloudy,Yard,Freight Train,0,0,3500,73349,T316,42.255139,-71.805321000000006
BNSF,MT0723107,2023-07-24,12:34 PM,Derailment,0,HAVRE,MT,101.0,2,Day,Clear,Main,,0,0,2504,2504,T109,48.561931000000001,-109.714085
ATK,169573,2021-10-14,9:20 PM,Other (describe in narrative),0,NORTH BERGEN,NJ,66.0,4,Dark,Cloudy,Main,,0,0,10500,24220,T404,40.771867999999998,-74.042872000000003
ATK,169829,2022-01-25,1:40 PM,Other (describe in narrative),0,ROSEDALE,MD,35.0,2,Day,Cloudy,Main,,0,0,9130,23011,T404,39.314549,-76.492735999999994
NJTR,202204154,2022-03-31,10:25 AM,Derailment,0,GLADSTONE,NJ,59.0,2,Day,Clear,Yard,Yard/switching,5,33972,3747,37719,T314,40.719380000000001,-74.665128999999993
NIRC,9419000557,2016-05-27,3:19 PM,Derailment,0,CHICAGO,IL,75.0,2,Day,Clear,Main,Commuter Train - Pushing,5,2359,10053,12412,T102,41.887650000000001,-87.639970000000005
CSX,000160585,2016-06-15,8:41 PM,Derailment,0,RALEIGH,NC,75.0,4,Dark,Rain,Yard,Freight Train,5,41667,1075,42742,T310,35.792614,-78.640073999999998
KYLE,KYL859115D,2015-12-22,6:06 PM,Derailment,0,YUMA,KS,40.0,4,Dark,Clear,Main,Freight Train,6,75000,1000000,1075000,T401,39.625407000000003,-97.764510000000001
PGR,09052018,2018-09-05,9:45 AM,Derailment,0,NORTHFIELD,MN,70.0,2,Day,Cloudy,Yard,Yard/switching,10,0,116302,116302,T113,44.271299999999997,-93.101299999999995
CSX,000175607,2018-04-02,3:48 AM,Derailment,0,CHARLOTTE,NC,60.0,4,Dark,Clear,Yard,Yard/switching,8,36798,50096,86894,T207,35.232810000000001,-80.830434999999994
BNSF,KS1215100,2015-12-03,9:00 AM,Derailment,0,DODGE CITY,KS,38.0,2,Day,Clear,Yard,Yard/switching,4,1835,115000,116835,T319,37.751227999999998,-99.995681000000005
BNSF,MT0723101,2023-07-04,12:30 PM,Derailment,0,HAVRE,MT,68.0,2,Day,Clear,Yard,Yard/switching,4,810,12253,13063,T110,48.554079000000002,-109.661934
RCPE,RCP317623D,2023-02-02,8:00 AM,Derailment,0,CHADRON,NE,15.0,2,Day,Clear,Main,Freight Train,10,126183,17880,144063,T202,42.899819999999998,-103.15919
BNSF,CH0923108,2023-09-22,6:30 PM,Derailment,0,EOLA,IL,72.0,3,Dusk,Clear,Yard,,0,0,45764,156764,T113,41.774053000000002,-88.251965999999996
CSX,000207496,2022-09-26,8:45 PM,Derailment,0,FAIRMONT CITY,IL,68.0,4,Dark,Clear,Yard,,0,0,6280,72186,T303,38.642282000000002,-90.098859000000004
BNSF,PR0123109,2023-01-12,1:40 PM,Derailment,0,EDISON,NE,35.0,2,Day,Clear,Industry,Freight Train,10,22456,18371,40827,T111,40.279622000000003,-99.776105000000001
NMRX,20180823,2018-08-23,6:19 AM,Derailment,0,SANTA FE,NM,68.0,1,Dawn,Clear,Main,Commuter Train - Pushing,6,21800,14135,35935,T111,35.683878999999997,-105.94707
UP,0715NP015,2015-07-26,10:00 PM,Derailment,0,NORTH PLATTE,NE,72.0,4,Dark,Rain,Yard,Cut of cars,0,3240,0,132646,T110,41.146065,-100.81661699999999
GRW,01,2019-01-04,10:59 PM,Derailment,0,GARY,IN,36.0,4,Dark,Clear,Industry,Yard/switching,5,25516,15123,40639,T111,41.622943999999997,-87.328124000000003
CVR,CVR000008,2021-10-30,3:00 PM,Derailment,0,MONTEZUMA,KS,45.0,2,Day,Clear,Main,Freight Train,10,307129,31995,339124,T308,37.565049999999999,-100.55674
BNSF,SW0623103,2023-06-08,10:36 PM,Derailment,0,CLOVIS,NM,55.0,4,Dark,Rain,Yard,Yard/switching,6,5393,6707,12100,T110,34.394190999999999,-103.209292
UP,0516DV014,2016-05-27,9:18 AM,Derailment,0,ABILENE,KS,70.0,2,Day,Clear,Yard,Freight Train,5,409287,0,771792,T206,38.913189000000003,-97.229761999999994
BNSF,KS0520108,2020-05-27,11:45 AM,Derailment,0,TOPEKA,KS,70.0,2,Day,Clear,Yard,Light loco(s),5,60768,100,60868,T207,39.053708,-95.648325
ATK,171984,2022-09-09,6:35 AM,Other (describe in narrative),0,ISELIN,NJ,66.0,1,Dawn,Clear,Main,Passenger Train - Pulling,20,13272,3552,16824,T404,40.518349000000001,-74.412737000000007
NS,129197,2018-04-19,10:40 AM,Derailment,0,WALKERTOWN,NC,62.0,2,Day,Clear,Yard,Freight Train,7,2800,20377,23177,T309,36.131444000000002,-80.233086999999998
NJTR,202108329,2021-07-22,11:00 PM,Derailment,0,KEARNY,NJ,80.0,4,Dark,Clear,Yard,Yard/switching,5,13413,33382,46795,T205,40.743416000000003,-74.104541999999995
BNSF,MT0723106,2023-07-21,4:45 PM,Derailment,0,HAVRE,MT,100.0,2,Day,Clear,Main,Freight Train,55,1074227,656276,1730503,T109,48.560229999999997,-109.52377300000001
NNW,1907,2019-07-24,3:00 PM,Derailment,0,CHADRON,NE,75.0,2,Day,Clear,Main,Freight Train,10,40000,20000,60000,T319,42.859220000000001,-103.091842
NJTR,202111484,2021-11-13,12:45 AM,Derailment,0,BAY HEAD,NJ,47.0,4,Dark,Clear,Yard,Commuter Train - Pushing,5,17490,2625,20115,T103,40.075850000000003,-74.047445999999994
MNN,MNN5172021,2021-05-17,3:27 PM,Derailment,0,STRATHCONA,MN,75.0,2,Day,Clear,Yard,Freight Train,10,15000,0,15000,T102,48.599173,-96.169936000000007
UP,0819GL031,2019-08-21,12:05 PM,Derailment,0,NORTH BEND,NE,71.0,2,Day,Cloudy,Siding,Freight Train,5,154306,21385,175691,T110,41.461551,-96.811993999999999
UP,0315NP035,2015-03-26,9:25 AM,Derailment,0,NORTH PLATTE,NE,29.0,2,Day,Cloudy,Yard,Yard/switching,9,19908,9981,29889,T111,41.142443,-100.778353
BNSF,PR1221105,2021-12-21,8:25 PM,Derailment,0,HASTINGS,NE,28.0,3,Dusk,Clear,Yard,Cut of cars,0,18278,0,97900,T201,40.583336000000003,-98.405000000000001
UP,1020GP042,2020-10-29,8:26 PM,Derailment,0,NORTH PLATTE,NE,49.0,4,Dark,Cloudy,Yard,Freight Train,7,12661,33915,46576,T111,41.152748000000003,-100.831836
UP,0222GL008,2022-02-11,8:54 PM,Derailment,0,BLAIR,NE,20.0,4,Dark,Clear,Main,Freight Train,34,857219,933962,1791181,T202,41.546778000000003,-96.114440999999999
CP,1000649741,2017-11-07,8:30 PM,Derailment,0,FRANKLIN PARK,IL,34.0,4,Dark,Clear,Yard,Freight Train,6,31534,5620,37154,T207,41.952714999999998,-87.919801000000007
BNSF,KS1123101,2023-11-05,7:45 PM,Derailment,0,NEWTON,KS,65.0,3,Dusk,Clear,Yard,Freight Train,10,175895,605680,781575,T206,38.028190000000002,-97.370906000000005
BNSF,CH1222103,2022-12-08,2:10 PM,Derailment,0,GALESBURG,IL,41.0,2,Day,Cloudy,Yard,Yard/switching,4,111173,6350,117523,T111,40.915900000000001,-90.380972
TPW,TPW180317D,2017-01-06,1:59 PM,Derailment,1,EAST PEORIA,IL,9.0,2,Day,Clear,Main,Freight Train,9,40000,50000,90000,T314,40.670625999999999,-89.539145000000005
LMIC,153038,2023-05-09,12:41 AM,Derailment,0,BURNS HARBOR,IN,46.0,4,Dark,Clear,Industry,Freight Train,4,6000,7500,28972,T110,41.621018999999997,-87.126158000000004
NJTR,202104161,2021-04-20,9:35 PM,Derailment,0,MORRISTOWN,NJ,65.0,4,Dark,Clear,Yard,Light loco(s),5,47357,0,47357,T110,40.799264000000001,-74.475373000000005
BNSF,SW0617109,2017-06-23,4:15 AM,Derailment,0,CARLSBAD,NM,68.0,1,Dawn,Clear,Yard,Freight Train,4,810,45761,46571,T111,32.422756999999997,-104.224926
IANR,DUD0326202,2020-03-26,11:05 PM,Derailment,0,DUNKERTON,IA,40.0,4,Dark,Cloudy,Industry,Freight Train,7,20629,27628,48257,T111,42.568229000000002,-92.167353000000006
BNSF,SW0323111,2023-03-25,1:49 PM,Derailment,0,GALLUP,NM,38.0,2,Day,Cloudy,Yard,Freight Train,8,191821,38200,230021,T111,35.520732000000002,-108.7685
BNSF,SF0515111,2015-05-25,1:28 PM,Derailment,0,ST LOUIS,MO,82.0,2,Day,Clear,Yard,Freight Train,5,6000,30000,36000,T314,38.600234,-90.315425000000005
UP,0616KC007,2016-06-15,12:35 PM,Derailment,0,KANSAS CITY,KS,98.0,2,Day,Clear,Yard,Freight Train,7,19977,67606,87583,T206,39.116974999999996,-94.614508999999998
UP,1121HL008,2021-11-15,12:01 AM,Derailment,0,TOPEKA,KS,46.0,4,Dark,Clear,Yard,Yard/switching,4,31139,5085,36224,T202,39.073286000000003,-95.686424000000002
BNSF,HL1023108,2023-10-15,6:23 PM,Derailment,0,ST JOSEPH,MO,65.0,3,Dusk,Clear,Yard,Freight Train,7,25443,248000,273443,T205,39.722901,-94.865160000000003
ATK,148478,2017-07-16,5:20 PM,Derailment,0,ALBUQUERQUE,NM,86.0,2,Day,Cloudy,Yard,Yard/switching,5,35308,0,35308,T110,35.076422999999998,-106.64855300000001
UP,0915KC012,2015-09-18,2:56 PM,Derailment,0,KANSAS CITY,MO,62.0,2,Day,Rain,Yard,Yard/switching,4,10234,5322,15556,T113,39.119177000000001,-94.554029
ATK,168427,2021-09-16,5:08 PM,Other (describe in narrative),0,KEARNY,NJ,80.0,3,Dusk,Clear,Main,,0,0,25000,101515,T404,40.754111999999999,-74.093497999999997
BNSF,MT1214111,2014-12-29,2:00 PM,Derailment,0,GREAT FALLS,MT,1.0,2,Day,Clear,Main,Freight Train,6,46127,200,46327,T202,47.502844000000003,-111.323058
CRSH,121507,2016-08-01,1:30 PM,Derailment,0,NEWARK,NJ,80.0,2,Day,Cloudy,Yard,Freight Train,7,11523,3500,15023,T110,40.712910999999998,-74.187186999999994
ATK,172440,2022-08-07,1:12 PM,Other (describe in narrative),0,EDISON,NJ,93.0,2,Day,Clear,Main,,0,0,7739,20314,T404,40.520986999999998,-74.408179000000004
BNSF,MT1222101,2022-12-04,2:52 AM,Derailment,0,WILLISTON,ND,10.0,4,Dark,Cloudy,Main,Freight Train,0,122246,0,713171,T204,48.208359000000002,-103.498352
CP,1001445633,2021-03-07,12:50 PM,Derailment,0,PLYMOUTH,MN,60.0,2,Day,Clear,Main,Freight Train,31,219751,25778,245529,T109,45.046998000000002,-93.447254999999998
CSX,000219571,2024-07-26,10:05 AM,Derailment,0,NEWFIELDS,NH,80.0,2,Day,Clear,Main,Freight Train,3,16091,1700,17791,T205,43.050057000000002,-70.933554999999998
UP,1020GL038,2020-10-28,1:05 AM,Derailment,0,FREMONT,NE,31.0,4,Dark,Clear,Yard,Freight Train,8,266496,83522,350018,T206,41.425103999999997,-96.471299000000002
NS,142679,2021-08-27,5:00 PM,Derailment,0,CHICAGO,IL,90.0,3,Dusk,Clear,Yard,Yard/switching,4,29222,5825,35047,T110,41.795347,-87.635316000000003
CC,1019119,2019-11-16,5:43 PM,Derailment,0,CEDAR RAPIDS,IA,37.0,2,Day,Clear,Yard,,0,0,8200,8200,T210,41.980995999999998,-91.667400000000001