reportingrailroadcode,accidentnumber,date,time,accidenttype,hazmatreleasedcars,station,stateabbr,temperature,visibility_code,visibility,weathercondition,tracktype,equipmenttype,trainspeed,equipmentdamagecost,trackdamagecost,totaldamagecost,primaryaccidentcausecode,latitude,longitude
BNSF,CH1121112,2021-11-27,1:51 AM,Derailment,0,CHICAGO,IL,25.0,4,Dark,Clear,Yard,Freight Train,5,77600,16000,93600,T207,41.814964000000003,-87.716932999999997
BNSF,SW0921101,2021-09-01,2:45 PM,Derailment,0,ROSWELL,NM,82.0,2,Day,Cloudy,Yard,Freight Train,3,2981,10706,13687,T110,33.321109999999997,-104.512907
WTRY,WTR693520,2020-11-19,7:55 AM,Derailment,0,WILMINGTON,NC,45.0,1,Dawn,Clear,Yard,Yard/switching,3,40000,7647,47647,T202,34.193373999999999,-77.949743999999995
BNSF,HL0120103,2020-01-07,9:50 AM,Derailment,0,SPRINGFIELD,MO,45.0,2,Day,Clear,Yard,Light loco(s),5,15200,500,15700,T403,37.213842999999997,-93.306973999999997
BNSF,SW0622111,2022-06-15,11:30 PM,Derailment,0,ALBUQUERQUE,NM,65.0,4,Dark,Clear,Yard,Single Car,0,8000,0,29666,T314,35.066704999999999,-106.65052799999999
CRSH,146819,2024-01-20,2:20 AM,Derailment,0,DETROIT,MI,9.0,4,Dark,Clear,Yard,Yard/switching,6,2031,17658,19689,T204,42.320526999999998,-83.135468000000003
BNSF,TC0415102,2015-04-02,8:57 PM,Derailment,0,JOHNSON,MN,40.0,3,Dusk,Clear,Main,Freight Train,10,85350,41000,126350,T001,45.574694999999998,-96.272710000000004
NICD,N2300007,2023-04-19,12:00 AM,Raking collision,0,CHICAGO,IL,64.0,4,Dark,Clear,Main,Cut of cars,0,14988,0,17523,T499,41.771819999999998,-87.592429999999993
NS,135102,2019-08-14,11:00 PM,Derailment,0,BRAITHWAITE,LA,72.0,4,Dark,Clear,Industry,Freight Train,8,351,10760,11111,T110,29.864267000000002,-89.938196000000005
UP,0915KC003,2015-09-09,8:34 PM,Derailment,0,KANSAS CITY,KS,78.0,4,Dark,Clear,Yard,Yard/switching,9,5542,5143,10685,T101,39.130316000000001,-94.609149000000002
NS,122048,2016-09-13,3:00 PM,Derailment,0,FORT WAYNE,IN,81.0,2,Day,Clear,Main,Freight Train,6,24015,4000,40015,T110,41.071438999999998,-85.108193
IC,1129161,2023-03-23,1:00 PM,Derailment,0,BRAXTON,MS,80.0,2,Day,Clear,Main,Maint./inspect Car,5,16500,0,16500,T499,32.054004999999997,-89.996234000000001
RNA,09032015,2015-09-03,12:45 PM,Derailment,0,BLUE MOUNTAIN,MS,90.0,2,Day,Clear,Main,Freight Train,5,18932,10800,29732,T101,34.649090999999999,-89.024152000000001
BNSF,TC0217100,2017-02-04,10:03 PM,Derailment,0,BELDEN,NE,20.0,4,Dark,Clear,Main,Freight Train,12,541388,322581,863969,T207,42.40898,-97.244398000000004
BNSF,TC0821104,2021-08-08,3:39 PM,Derailment,0,BISMARCK,ND,100.0,2,Day,Clear,Main,Freight Train,36,1307842,590051,1897893,T109,46.791713000000001,-100.723731
LSRC,D160116,2016-01-16,6:30 AM,Derailment,0,BAY CITY,MI,32.0,4,Dark,Cloudy,Main,,0,0,10090,45090,T110,43.603202000000003,-83.885077999999993
CLNA,04222001,2020-04-22,10:30 AM,Other (describe in narrative),0,WASHINGTON,NC,58.0,2,Day,Clear,Main,Freight Train,8,0,66000,66000,T401,35.536422999999999,-77.036901999999998
CSX,000155106,2015-12-12,11:25 AM,Derailment,0,SAVANNAH,GA,69.0,2,Day,Clear,Yard,Single Car,0,0,0,27100,T311,32.056331999999998,-81.152394000000001
RRVW,05032019,2019-05-03,3:40 PM,Derailment,0,KINDRED,ND,60.0,2,Day,Clear,Siding,Work train,5,6000,22697,28697,T110,46.661704999999998,-97.030772999999996
UP,1215PR007,2015-12-14,4:00 PM,Derailment,0,NORTHLAKE,IL,50.0,3,Dusk,Rain,Yard,Freight Train,5,15699,9248,30230,T308,41.909337000000001,-87.915128999999993
UP,0418KC001,2018-04-02,12:34 AM,Derailment,0,KANSAS CITY,KS,25.0,4,Dark,Cloudy,Yard,Yard/switching,10,32166,24621,56787,T210,39.094802000000001,-94.653233
ATK,175736,2023-07-29,1:25 PM,Derailment,0,NEW HAVEN,CT,83.0,2,Day,Clear,Yard,Yard/switching,6,33067,0,97888,T311,41.302210000000002,-72.924390000000002
DMVW,DE531NOR,2017-05-31,4:35 PM,Derailment,0,OAKES,ND,77.0,2,Day,Clear,Main,Freight Train,10,28220,6168,34388,T319,46.141033,-98.150290999999996
BNSF,MT0722106,2022-07-14,4:22 PM,Derailment,0,PALERMO,ND,95.0,2,Day,Clear,Main,Freight Train,65,1086781,1300000,2386781,T109,48.337507000000002,-102.24131300000001
DMVW,DE542021,2021-05-04,5:10 AM,Derailment,0,WILTON,ND,24.0,4,Dark,Clear,Main,Freight Train,25,445,56542,56987,T299,47.210014000000001,-100.859258
BNSF,NE1114100,2014-11-01,5:25 AM,Derailment,0,BARTLEY,NE,28.0,1,Dawn,Clear,Main,,0,0,185900,363900,T204,40.264105999999998,-100.246809
BNSF,PR1221105,2021-12-21,8:25 PM,Derailment,0,HASTINGS,NE,28.0,3,Dusk,Clear,Yard,Yard/switching,10,79322,300,97900,T201,40.583336000000003,-98.405000000000001
NIRC,2019071297,2019-03-09,4:00 PM,Other (describe in narrative),0,HARVEY,IL,33.0,2,Day,Rain,Main,EMU,10,33791,1046,34837,T404,41.610308000000003,-87.648049999999998
WBRW,ID230174,2023-08-22,3:20 PM,Derailment,0,UNIVERSITY CITY,MO,99.0,2,Day,Cloudy,Industry,,0,0,140000,140000,T110,38.681483,-90.330168
NIRC,9419002216,2024-07-01,7:39 AM,Other impacts,0,CHICAGO,IL,87.0,1,Dawn,Clear,Main,EMU,5,0,29882,59515,T404,41.880510000000001,-87.623099999999994
ATK,168670,2021-10-12,6:48 PM,Derailment,0,CHICAGO,IL,61.0,4,Dark,Clear,Yard,Yard/switching,9,30446,6600,37046,T110,41.865200000000002,-87.636259999999993
BNSF,MT0722101,2022-07-02,2:12 AM,Derailment,0,SWEETGRASS,MT,57.0,4,Dark,Clear,Main,Freight Train,9,48238,41985,90223,T204,48.998429999999999,-111.959045
NPR,DR062101,2021-06-30,1:34 PM,Derailment,0,LOMA,ND,80.0,2,Day,Clear,Main,Freight Train,10,54250,16692,70942,T109,48.630569000000001,-98.613387000000003
CP,1001224080,2020-04-26,6:38 AM,Derailment,0,CARRINGTON,ND,44.0,1,Dawn,Fog,Siding,Cut of cars,0,102932,7593,932313,T001,47.456386999999999,-99.123084000000006
CRSH,125046,2017-05-14,12:00 PM,Derailment,0,NEWARK,NJ,63.0,2,Day,Clear,Industry,Yard/switching,9,58364,1200,59564,T307,40.674008999999998,-74.154471999999998
CSX,000208977,2022-12-27,12:50 PM,Derailment,0,FAIRBURN,GA,50.0,2,Day,Clear,Yard,Yard/switching,4,42773,480,43253,T202,33.557760999999999,-84.549719999999994
BNSF,TC0619107,2019-06-16,5:05 PM,Derailment,0,ALLEN,NE,82.0,3,Dusk,Clear,Main,Freight Train,8,273565,64000,337565,T299,42.446804999999998,-96.725904
NJTR,201502069,2015-01-26,5:35 PM,Other (describe in narrative),0,NEW BRUNSWICK,NJ,25.0,4,Dark,Snow,Yard,EMU,5,22806,0,22806,T404,40.478104000000002,-74.466881999999998
KAW,230701001,2023-07-01,9:00 AM,Derailment,0,NORTH KANSAS CITY,MO,80.0,2,Day,Clear,Yard,Yard/switching,10,6000,12000,18000,T311,39.126924000000002,-94.572356999999997
NJTR,201911598,2019-10-28,5:32 PM,Derailment,0,HARRISON,NJ,50.0,3,Dusk,Clear,Yard,Commuter Train - Pulling,7,26276,6032,103623,T113,40.741613000000001,-74.144958000000003
BNSF,SW0123109,2023-01-27,5:05 PM,Derailment,0,ALBUQUERQUE,NM,38.0,3,Dusk,Clear,Yard,Yard/switching,5,14000,0,37538,T311,35.049059999999997,-106.653605
ATK,169011,2021-11-06,3:13 AM,Other (describe in narrative),0,TRENTON,NJ,38.0,4,Dark,Clear,Main,,0,0,6300,13610,T404,40.224333000000001,-74.746944999999997
UP,0124GP037,2024-01-30,4:00 PM,Derailment,0,NORTH PLATTE,NE,61.0,2,Day,Clear,Yard,Yard/switching,4,1217,23088,24305,T311,41.150579,-100.815466
GRW,05,2015-01-09,11:55 AM,Derailment,0,GARY,IN,7.0,2,Day,Clear,Industry,Yard/switching,2,0,18360,18360,T311,41.614870000000003,-87.389523999999994
LSRC,D180412,2018-04-12,9:40 AM,Derailment,0,SAGINAW,MI,46.0,2,Day,Cloudy,Yard,,0,0,1940,11743,T110,43.443131999999999,-83.917231000000001
CSX,000174478,2018-02-02,1:59 PM,Derailment,0,ROCKY MOUNT,NC,40.0,2,Day,Clear,Yard,Freight Train,4,28309,1004,29313,T207,35.918852999999999,-77.804446999999996
UP,1017LV001,2017-10-01,11:30 AM,Derailment,0,LOTTIE,LA,85.0,2,Day,Cloudy,Yard,Freight Train,6,48344,6500,54844,T314,30.544063999999999,-91.569136
UP,0819PR031,2019-08-29,5:58 PM,Derailment,0,NORTHLAKE,IL,84.0,2,Day,Cloudy,Yard,Light loco(s),9,7099,76129,83228,T403,41.915396000000001,-87.913955000000001
NS,134240,2019-06-07,4:00 PM,Derailment,0,OLD FORT,NC,72.0,3,Dusk,Cloudy,Siding,Freight Train,9,2936,14241,17177,T207,35.631146999999999,-82.174870999999996
UP,0520GL020,2020-05-24,3:18 AM,Derailment,0,COUNCIL BLUFFS,IA,68.0,4,Dark,Clear,Yard,Freight Train,8,76953,6788,83741,T314,41.250453999999998,-95.875778999999994
CSX,000208032,2022-10-23,12:12 PM,Derailment,0,SHERBORN,MA,56.0,2,Day,Cloudy,Industry,Yard/switching,7,5035,0,45558,T110,42.248952000000003,-71.416145
PW,161202,2016-12-26,5:18 PM,Derailment,0,WORCESTER,MA,34.0,3,Dusk,Cloudy,Yard,Yard/switching,6,1427,70000,71427,T314,42.248511000000001,-71.808625000000006
BNSF,MT0622103,2022-06-17,5:47 PM,Derailment,0,GREAT FALLS,MT,60.0,3,Dusk,Clear,Main,Freight Train,40,6943,21733,28676,T102,47.529021,-111.40987699999999
BNSF,TC1023114,2023-10-27,2:11 PM,Derailment,0,NORTHWOOD,ND,32.0,2,Day,Rain,Industry,Freight Train,8,42265,0,42265,T110,47.740946999999998,-97.569367999999997
AZER,AZE836624R,2024-06-21,10:30 AM,Derailment,0,LORDSBURG,NM,83.0,2,Day,Cloudy,Yard,Yard/switching,10,20000,3000,23000,T399,32.362495000000003,-108.746471
NS,141197,2021-04-10,6:45 AM,Derailment,0,ROANOKE,IN,57.0,1,Dawn,Clear,Yard,Freight Train,11,15279,0,49111,T101,40.973557999999997,-85.350682000000006
UP,0417KC013,2017-04-20,9:19 PM,Derailment,0,KANSAS CITY,KS,55.0,4,Dark,Clear,Yard,Light loco(s),9,250,11248,11498,T201,39.098719000000003,-94.619200000000006
BNSF,HL0817103,2017-08-02,2:55 PM,Derailment,0,LINCOLN,NE,90.0,2,Day,Clear,Industry,Yard/switching,3,10977,3500,14477,T206,40.837769999999999,-96.679731000000004
CC,917675,2017-03-30,12:35 AM,Derailment,0,LENA,IL,39.0,4,Dark,Rain,Siding,Freight Train,8,137175,0,540031,T001,42.386713999999998,-89.836775000000003
CSX,000176547,2018-05-22,6:55 PM,Derailment,0,EVANSVILLE,IN,80.0,2,Day,Clear,Yard,Freight Train,7,180574,506,181080,T111,38.030912000000001,-87.539446999999996
ATK,144805,2016-10-21,8:16 PM,Other (describe in narrative),0,NEWARK,NJ,68.0,4,Dark,Cloudy,Main,,0,0,6300,15300,T404,40.727513999999999,-74.171357999999998
UP,0318NP017,2018-03-11,12:10 AM,Derailment,0,OMAHA,NE,40.0,4,Dark,Cloudy,Yard,Freight Train,11,272841,218439,491280,T319,41.221479000000002,-96.045563999999999
DREI,190531003,2019-05-31,3:15 PM,Derailment,0,TERRE HAUTE,IN,70.0,2,Day,Clear,Yard,Freight Train,7,186910,0,238330,T202,39.476401000000003,-87.402991999999998
BNSF,MT0224109,2024-02-19,3:59 AM,Derailment,0,CUSHMAN,MT,37.0,4,Dark,Clear,Main,Freight Train,39,780688,30126,810814,T204,46.413581999999998,-109.384895
UP,0722GL027,2022-07-26,11:20 AM,Derailment,0,FREMONT,NE,74.0,2,Day,Cloudy,Yard,Yard/switching,8,14735,0,14735,T111,41.430759000000002,-96.503986999999995
UP,0220GL031,2020-02-22,5:23 PM,Derailment,0,BOONE,IA,50.0,2,Day,Clear,Yard,Yard/switching,9,3744,39154,42898,T210,42.062072999999998,-93.862813000000003
TRRA,15030,2015-10-27,9:00 PM,Derailment,0,GRANITE CITY,IL,59.0,4,Dark,Cloudy,Main,Yard/switching,6,6735,57756,64491,T199,38.701489000000002,-90.157886000000005
FEC,D01010419,2019-01-04,9:30 AM,Derailment,0,JACKSONVILLE,FL,68.0,2,Day,Cloudy,Yard,Light loco(s),8,7088,8241,15329,T111,30.241927,-81.602571999999995
RRVW,20704,2020-04-22,4:30 AM,Derailment,0,OAKES,ND,40.0,4,Dark,Cloudy,Main,Freight Train,8,325000,500000,825000,T001,46.196260000000002,-98.108484000000004
ATK,145819,2017-01-09,5:58 AM,Other (describe in narrative),0,MONMOUTH JUNCTION,NJ,30.0,4,Dark,Clear,Main,,0,0,1000,12000,T404,40.469385000000003,-74.475172999999998
GLC,GLC063016D,2016-06-30,3:30 PM,Derailment,0,CADILLAC,MI,75.0,2,Day,Clear,Yard,Freight Train,10,0,19701,19701,T319,44.258679999999998,-85.426582999999994
IAIS,2016005,2016-01-21,9:50 AM,Derailment,0,BLUE ISLAND,IL,28.0,2,Day,Clear,Yard,Yard/switching,1,95000,0,166250,T314,41.672232000000001,-87.668621000000002
UP,0324GC002,2024-03-06,1:40 PM,Derailment,0,ADDIS,LA,79.0,2,Day,Clear,Yard,Freight Train,2,56518,21350,77868,T199,30.362012,-91.270010999999997
NS,151829,2022-12-24,2:45 AM,Derailment,0,CHARLOTTE,NC,25.0,4,Dark,Clear,Yard,Yard/switching,8,1700,11246,12946,T207,35.228064000000003,-80.852619000000004
NS,157167,2024-06-26,2:45 PM,Derailment,0,SOUTHMONT,NC,98.0,2,Day,Clear,Yard,Freight Train,10,64495,33500,97995,T110,35.740859999999998,-80.330499000000003
UP,0715KC022,2015-07-29,11:55 PM,Derailment,0,KANSAS CITY,KS,71.0,4,Dark,Clear,Yard,Yard/switching,3,3082,9003,12085,T313,39.090975999999998,-94.612819999999999
CSX,000179295,2018-10-13,5:50 AM,Derailment,0,WORCESTER,MA,49.0,1,Dawn,Cloudy,Yard,Freight Train,5,49849,0,73349,T316,42.255139,-71.805321000000006
ATK,164101,2020-04-12,2:54 AM,Derailment,0,BEECH GROVE,IN,50.0,4,Dark,Cloudy,Yard,Yard/switching,4,54904,6500,61404,T110,39.717517999999998,-86.076921999999996
ATK,175983,2023-08-16,1:25 PM,Derailment,0,NEW HAVEN,CT,71.0,2,Day,Clear,Yard,Light loco(s),5,15984,2250,18234,T110,41.294899999999998,-72.928959000000006
WC,1136765,2023-07-24,9:50 PM,Derailment,1,GARY,IN,75.0,4,Dark,Clear,Yard,Yard/switching,7,118560,479071,597631,T402,41.617868999999999,-87.358108999999999
CRSH,128543,2018-02-15,9:40 AM,Derailment,0,BAYONNE,NJ,58.0,2,Day,Clear,Industry,Yard/switching,7,14355,2500,16855,T113,40.655918,-74.109458000000004
BNSF,SW0323106,2023-03-20,9:40 AM,Derailment,0,GALLUP,NM,33.0,2,Day,Cloudy,Yard,Freight Train,9,13000,3000,16000,T111,35.525187000000003,-108.753199
BNSF,KS0716106,2016-07-25,8:06 PM,Derailment,0,EL DORADO,KS,100.0,3,Dusk,Clear,Industry,Freight Train,10,12685,1500,14185,T316,37.792707999999998,-96.868741999999997
ISRY,07072019,2019-07-07,4:22 PM,Derailment,0,ALBIA,IA,90.0,2,Day,Clear,Main,Freight Train,7,0,28055,49880,T110,41.031063000000003,-92.802696999999995
UP,0621GL011,2021-06-08,5:50 PM,Derailment,0,SIOUX CITY,IA,88.0,2,Day,Clear,Yard,Freight Train,5,11250,7700,18950,T113,42.514395,-96.386787999999996
BNSF,CH0823118,2023-08-31,8:44 PM,Derailment,0,MENDOTA,IL,57.0,3,Dusk,Clear,Yard,Yard/switching,5,365792,28086,393878,T207,41.556547999999999,-89.107641999999998
UP,0615SL005,2015-06-09,1:30 PM,Derailment,0,EUREKA,MO,94.0,2,Day,Cloudy,Main,Freight Train,30,1573535,368307,1941842,T109,38.529152000000003,-90.605519999999999
NS,138293,2020-06-21,5:52 PM,Derailment,0,GRACEWOOD,GA,95.0,3,Dusk,Clear,Yard,Freight Train,9,3600,16500,20100,T110,33.337867000000003,-81.956085999999999
NS,121671,2016-08-15,8:05 AM,Derailment,0,SAINT STEPHENS,NC,94.0,2,Day,Clear,Yard,Freight Train,5,159,18173,18332,T314,35.729542000000002,-81.281818999999999
BNSF,HL1222110,2022-12-15,12:38 PM,Derailment,0,RED OAK,IA,38.0,2,Day,Clear,Yard,Freight Train,10,400,45000,45400,T299,40.953898000000002,-95.256078000000002
BNSF,MT1222101,2022-12-04,2:52 AM,Derailment,0,WILLISTON,ND,10.0,4,Dark,Cloudy,Main,Freight Train,51,415925,175000,713171,T204,48.208359000000002,-103.498352
UP,0217LK011,2017-02-09,12:54 PM,Derailment,0,SHREVEPORT,LA,71.0,2,Day,Clear,Yard,Light loco(s),3,810,10319,11129,T319,32.430999,-93.908534000000003
UP,0718NP007,2018-07-05,10:33 AM,Derailment,0,SUTHERLAND,NE,71.0,2,Day,Clear,Industry,Freight Train,4,13933,30276,44209,T112,41.158692000000002,-101.098859
CSX,000194262,2020-12-04,9:50 AM,Derailment,0,WAYCROSS,GA,63.0,2,Day,Clear,Yard,Freight Train,9,127295,11854,139149,T102,31.213524,-82.353588000000002
UP,0819ST008,2019-08-04,4:20 PM,Derailment,0,SANTA ROSA,NM,95.0,2,Day,Clear,Main,Freight Train,37,540344,364886,905230,T104,34.954720000000002,-104.62716399999999
BNSF,HL1223115,2023-12-19,4:20 AM,Derailment,0,HAMILTON,MS,25.0,1,Dawn,Clear,Main,,0,0,175000,740152,T204,33.682150999999998,-88.421610999999999
UP,0920GC025,2020-09-16,1:30 AM,Derailment,0,PORT ALLEN,LA,78.0,4,Dark,Cloudy,Yard,Yard/switching,6,4823,26034,30857,T001,30.439700999999999,-91.214906999999997
BNSF,SW0119112,2019-01-11,2:23 PM,Derailment,0,GALLUP,NM,32.0,2,Day,Cloudy,Yard,Freight Train,7,77193,78000,155193,T001,35.526783999999999,-108.747873
WTNN,221,2022-04-14,10:45 PM,Derailment,0,CORINTH,MS,52.0,4,Dark,Clear,Siding,Freight Train,4,0,0,92822,T402,34.939272000000003,-88.511923999999993
NJTR,201803137,2018-01-20,6:38 AM,Other (describe in narrative),0,WEEHAWKEN,NJ,30.0,2,Day,Clear,Main,Commuter Train - Pulling,45,11150,0,31150,T404,40.771329000000001,-74.041974999999994
NJTR,201508494,2015-08-19,10:20 PM,Derailment,0,BAY HEAD,NJ,75.0,4,Dark,Clear,Yard,Yard/switching,4,25000,750,25750,T312,40.075467000000003,-74.048055000000005
BNSF,PR0415109,2015-04-16,2:30 PM,Derailment,0,ALLIANCE,NE,62.0,2,Day,Clear,Yard,Light loco(s),4,24000,500,24500,T113,42.092956999999998,-102.875623
NCRC,OP052618NC,2018-05-26,6:50 PM,Derailment,1,GENOA,NE,98.0,3,Dusk,Clear,Main,Freight Train,25,942539,63427,1005966,T299,41.454999999999998,-97.623999999999995
UP,0622RM002,2022-06-02,4:11 AM,Derailment,0,POCATELLO,ID,53.0,1,Dawn,Cloudy,Yard,Freight Train,6,266905,216298,483203,T111,42.847518000000001,-112.43246000000001
CSX,000179935,2018-11-19,2:45 AM,Derailment,0,CHARLOTTE,NC,48.0,4,Dark,Fog,Yard,Yard/switching,4,17025,0,39122,T210,35.232810000000001,-80.830434999999994
BRC,14608,2023-02-21,11:45 PM,Derailment,0,BEDFORD PARK,IL,35.0,4,Dark,Clear,Yard,,0,0,212963,259696,T311,41.765540000000001,-87.434399999999997
BNSF,TC1123106,2023-11-15,11:32 PM,Derailment,0,BEULAH,ND,20.0,4,Dark,Clear,Industry,Freight Train,19,19568,30000,49568,T001,47.302467,-101.859225
BNSF,PR1018115,2018-10-30,9:54 AM,Derailment,0,ELLSWORTH,NE,32.0,2,Day,Clear,Main,Freight Train,46,356924,101000,457924,T202,42.062986000000002,-102.350083
UP,1020GP027,2020-10-25,11:49 PM,Derailment,0,NORTH PLATTE,NE,18.0,4,Dark,Snow,Yard,Freight Train,7,77304,2360,79664,T207,41.147312999999997,-100.84194100000001
BNSF,TC0615117,2015-06-21,5:46 PM,Derailment,0,WATERBURY,NE,75.0,3,Dusk,Clear,Main,Freight Train,10,282748,111854,394602,T207,42.456307000000002,-96.737453000000002
KCS,20101902,2020-10-19,11:20 AM,Derailment,0,SAUGET,IL,45.0,2,Day,Rain,Main,Freight Train,1,3667,1776,34604,T110,38.629717999999997,-90.162850000000006
IHB,2299,2017-03-30,8:45 AM,Derailment,0,RIVERDALE,IL,44.0,2,Day,Rain,Industry,Yard/switching,10,390870,13613,404483,T202,41.640607000000003,-87.641940000000005
BEAR,BER703124D,2024-02-16,1:35 PM,Derailment,0,BRISTOL,CT,40.0,2,Day,Clear,Main,Freight Train,5,1172,35199,36371,T110,41.680239,-72.944935999999998
NS,140939,2021-03-16,4:45 PM,Derailment,0,DECATUR,IL,45.0,3,Dusk,Cloudy,Yard,Yard/switching,9,9168,8505,17673,T110,39.858406000000002,-88.898383999999993
CP,1001224080,2020-04-26,6:38 AM,Derailment,0,CARRINGTON,ND,44.0,1,Dawn,Fog,Main,Freight Train,50,796684,25104,932313,T001,47.456386999999999,-99.123084000000006
ATK,171415,2022-05-21,11:10 AM,Other (describe in narrative),0,NEWARK,NJ,57.0,2,Day,Cloudy,Main,,0,0,11613,32868,T404,40.716464999999999,-74.182936999999995
NS,141197,2021-04-10,6:45 AM,Derailment,0,ROANOKE,IN,57.0,1,Dawn,Clear,Yard,Freight Train,0,29500,4332,49111,T101,40.973557999999997,-85.350682000000006
BNSF,SW1019115,2019-10-31,2:30 AM,Derailment,0,RADIUM SPRINGS,NM,30.0,4,Dark,Clear,Main,Freight Train,37,499217,200000,699217,T207,32.495655999999997,-106.919684
ATK,139959,2015-11-09,5:35 PM,Derailment,0,NEW ORLEANS,LA,60.0,3,Dusk,Clear,Yard,Yard/switching,4,9400,15500,24900,T113,29.947659999999999,-90.081423000000001
LSI,66205,2016-10-03,5:00 PM,Derailment,0,PALMER,MI,67.0,2,Day,Clear,Industry,Freight Train,5,0,12821,12821,T206,46.434339999999999,-87.639509000000004
CRSH,122249,2016-09-29,5:55 AM,Derailment,0,JERSEY CITY,NJ,58.0,1,Dawn,Cloudy,Main,,0,0,117071,131982,T110,40.746338000000002,-74.064699000000005
UP,1021HL033,2021-10-29,10:21 PM,Derailment,0,CARLISLE,IA,44.0,4,Dark,Cloudy,Main,Freight Train,45,980005,239065,1219070,T499,41.490884999999999,-93.472686999999993
BNSF,MT0921104,2021-09-25,3:47 PM,Derailment,0,JOPLIN,MT,78.0,2,Day,Clear,Main,,0,0,72135,22019251,T109,48.557704000000001,-110.81223
CSX,000155106,2015-12-12,11:25 AM,Derailment,0,SAVANNAH,GA,69.0,2,Day,Clear,Yard,Freight Train,8,0,100,27100,T311,32.056331999999998,-81.152394000000001
BNSF,PR0515102,2015-05-10,8:40 AM,Derailment,0,ALLIANCE,NE,30.0,1,Dawn,Snow,Yard,Freight Train,7,68586,64800,133386,T207,42.065919999999998,-102.90044899999999
UP,0819GP016,2019-08-27,8:12 AM,Derailment,0,NORTH PLATTE,NE,56.0,2,Day,Clear,Yard,Yard/switching,4,25191,258442,283633,T111,41.151336000000001,-100.82321399999999
UP,1215PR007,2015-12-14,4:00 PM,Derailment,0,NORTHLAKE,IL,50.0,3,Dusk,Rain,Yard,Light loco(s),0,5283,0,30230,T308,41.909337000000001,-87.915128999999993
UP,0818LV002,2018-08-02,5:15 AM,Derailment,0,ADDIS,LA,77.0,1,Dawn,Cloudy,Industry,Freight Train,4,6629,41676,48305,T108,30.330582,-91.240826999999996
IANR,PAD0329221,2022-03-29,6:50 AM,Derailment,0,GREENE,IA,34.0,1,Dawn,Cloudy,Industry,Freight Train,7,38005,12000,50005,T110,42.853087000000002,-92.730625000000003
ATK,171416,2022-05-25,5:35 PM,Other (describe in narrative),0,ISELIN,NJ,60.0,2,Day,Clear,Main,,0,0,7036,18718,T404,40.562502000000002,-74.335536000000005
INRD,644294,2023-01-04,10:20 PM,Derailment,0,PALESTINE,IL,39.0,4,Dark,Clear,Industry,Freight Train,9,20000,15000,35000,T202,39.006999999999998,-87.372960000000006
SKOL,181031005,2018-10-31,4:00 PM,Derailment,0,MOLINE,KS,61.0,2,Day,Clear,Industry,Freight Train,5,28522,0,28522,T110,37.36036,-96.304473000000002
BNSF,HL0916109,2016-09-20,12:47 PM,Derailment,0,KANSAS CITY,MO,90.0,2,Day,Clear,Yard,Freight Train,8,31572,1000,32572,T111,39.140963999999997,-94.583741000000003
KYLE,KYL412517D,2017-08-29,3:30 PM,Derailment,0,MANKATO,KS,73.0,2,Day,Clear,Main,Freight Train,9,40000,10000,50000,T308,39.795704999999998,-98.213235999999995
UP,0220HL003,2020-02-05,7:20 AM,Derailment,0,LEES SUMMIT,MO,27.0,2,Day,Cloudy,Industry,Yard/switching,7,12456,1655,14111,T113,38.939073999999998,-94.388019999999997
BNSF,TC0821106,2021-08-10,11:45 PM,Derailment,0,GRAFTON,ND,65.0,4,Dark,Clear,Yard,Freight Train,10,34998,0,105998,T207,48.430266000000003,-97.413870000000003
CRSH,123936,2017-02-10,7:15 PM,Derailment,0,PARLIN,NJ,30.0,3,Dusk,Snow,Industry,Yard/switching,7,1505,10000,11505,T112,40.449437000000003,-74.334218000000007
UP,0318NP005,2018-03-03,2:30 AM,Derailment,0,DE WITT,NE,48.0,4,Dark,Clear,Main,Freight Train,10,102601,64240,166841,T101,40.373626999999999,-96.920419999999993
ALS,20190509,2019-05-09,8:25 PM,Derailment,0,EAST ST LOUIS,IL,60.0,4,Dark,Clear,Yard,,0,0,0,26399,T199,38.597043999999997,-90.155714000000003
KCT,UP3212016,2016-03-21,12:40 PM,Derailment,0,KANSAS CITY,MO,65.0,2,Day,Cloudy,Main,,0,0,23659,32582,T314,39.110705000000003,-94.498199999999997
BNSF,KS0118109,2018-01-13,9:15 AM,Derailment,0,KANSAS CITY,KS,8.0,2,Day,Clear,Yard,Cut of cars,0,5211,0,20936,T305,39.084449999999997,-94.690455
UP,1215CB002,2015-12-02,10:00 AM,Derailment,0,COLUMBUS,NE,28.0,2,Day,Cloudy,Yard,Freight Train,5,41202,175870,217072,T203,41.424793000000001,-97.401554000000004
BNSF,PR0922109,2022-09-30,10:30 PM,Derailment,2,BRIDGER,MT,51.0,4,Dark,Rain,Main,Freight Train,34,1332584,325000,1657584,T204,45.289012999999997,-108.891716
NS,153669,2023-07-19,2:45 AM,Derailment,0,MELVINDALE,MI,66.0,4,Dark,Clear,Yard,Cut of cars,7,9531,9405,18936,T207,42.276967999999997,-83.178796000000006