reportingrailroadcode,accidentnumber,date,time,accidenttype,hazmatreleasedcars,station,stateabbr,temperature,visibility_code,visibility,weathercondition,tracktype,equipmenttype,trainspeed,equipmentdamagecost,trackdamagecost,totaldamagecost,primaryaccidentcausecode,latitude,longitude
ATK,143642,2016-07-31,6:39 PM,Other (describe in narrative),0,UNION,NJ,75.0,2,Day,Clear,Main,Passenger Train - Pulling,10,18512,1000,19512,T404,40.679741999999997,-74.206507999999999
IC,925049,2017-06-06,7:35 AM,Derailment,0,SANFORD,MS,77.0,2,Day,Rain,Main,Freight Train,42,63802,116880,180682,T002,31.448917999999999,-89.403637000000003
BLU,201030002,2020-10-30,4:20 PM,Derailment,0,CANTON,NC,60.0,2,Day,Clear,Industry,Yard/switching,6,21000,0,21000,T110,35.532048000000003,-82.847093999999998
ATK,144052,2016-07-27,4:55 AM,Derailment,0,HAMILTON TOWNSHIP,NJ,77.0,4,Dark,Cloudy,Siding,Light loco(s),10,82337,0,82337,T205,40.248036999999997,-74.714461
IC,1060969,2021-02-08,5:45 PM,Derailment,0,GEISMAR,LA,61.0,4,Dark,Clear,Main,Freight Train,12,29123,3833,32956,T102,30.188506,-90.993459999999999
NJTR,201708325,2017-08-09,11:24 AM,Derailment,0,KEARNY,NJ,76.0,2,Day,Clear,Yard,Light loco(s),9,37998,4434,42432,T199,40.744190000000003,-74.105585000000005
NOPB,D20160704,2016-07-04,12:09 AM,Derailment,0,NEW ORLEANS,LA,84.0,4,Dark,Clear,Main,Freight Train,6,35000,800,36650,T001,30.004227,-90.027525999999995
ATK,180337,2024-04-04,2:20 PM,Other (describe in narrative),0,LINDEN,NJ,41.0,2,Day,Rain,Main,,0,0,0,12500,T404,40.632902000000001,-74.248390999999998
NS,144633,2022-03-08,1:20 AM,Derailment,0,BROWNLEE PARK,MI,29.0,4,Dark,Cloudy,Yard,Freight Train,4,22022,950,22972,T110,42.313538999999999,-85.139109000000005
UP,0219GP017,2019-02-08,11:44 PM,Derailment,0,FREMONT,NE,11.0,4,Dark,Cloudy,Main,Freight Train,20,389997,355418,745415,T207,41.426504000000001,-96.488055000000003
BNSF,SW0621102,2021-06-08,2:50 PM,Derailment,0,CLOVIS,NM,103.0,2,Day,Clear,Yard,Freight Train,2,2482,24000,26482,T108,34.397463000000002,-103.21413200000001
UP,0718NP011,2018-07-10,4:28 PM,Derailment,0,NORTH PLATTE,NE,95.0,2,Day,Clear,Yard,Freight Train,9,144358,243327,387685,T109,41.154972000000001,-100.849929
IC,1094789,2022-02-15,8:20 AM,Derailment,0,GEISMAR,LA,50.0,2,Day,Clear,Yard,Yard/switching,8,69655,20986,90641,T210,30.167477000000002,-90.964678000000006
CSX,000156090,2016-01-15,8:26 PM,Derailment,0,RUSSELL,KY,45.0,4,Dark,Clear,Yard,Yard/switching,8,178645,35600,214245,T207,38.529967999999997,-82.694519999999997
CRSH,146132,2022-08-10,8:31 AM,Derailment,0,CAMDEN,NJ,80.0,2,Day,Clear,Yard,Yard/switching,5,1986,23416,25402,T314,39.950907000000001,-75.092341000000005
NJTR,201507406,2015-06-03,6:00 AM,Derailment,0,WALDWICK,NJ,70.0,1,Dawn,Clear,Yard,Spec. MoW Equip.,5,46000,5792,51792,T110,41.022084999999997,-74.125242999999998
IC,1093938,2022-02-05,4:05 AM,Derailment,0,DESTREHAN,LA,50.0,4,Dark,Clear,Yard,Yard/switching,5,62244,24508,86752,T201,30.192207,-91.000339999999994
UP,0624HL026,2024-06-26,3:09 PM,Derailment,0,TOPEKA,KS,86.0,2,Day,Cloudy,Industry,Freight Train,5,80371,37120,117491,T001,39.085552999999997,-95.731837999999996
NJTR,202402100,2024-02-13,5:39 PM,Derailment,0,NEW BRUNSWICK,NJ,37.0,2,Day,Clear,Yard,Commuter Train - Pulling,5,13533,8684,22217,T113,40.481062999999999,-74.463227000000003
ATK,161721,2019-10-28,5:32 PM,Derailment,0,HARRISON,NJ,58.0,3,Dusk,Clear,Yard,,0,0,71315,103623,T113,40.741613000000001,-74.144958000000003
UP,0117NP019,2017-01-21,8:15 AM,Derailment,0,STERLING,CO,30.0,2,Day,Clear,Yard,,0,0,20089,163349,T309,40.641548999999998,-103.191974
NJTR,201812578,2018-11-29,12:40 PM,Derailment,0,HAWTHORNE,NJ,45.0,2,Day,Clear,Industry,Freight Train,3,0,20044,21478,T110,40.946133000000003,-74.148999000000003
UP,0617NP020,2017-06-13,3:15 PM,Derailment,0,SUTHERLAND,NE,87.0,2,Day,Clear,Main,Freight Train,6,3078,502592,505670,T109,41.171035000000003,-101.23249
IC,1145584,2024-02-28,5:30 AM,Derailment,0,CONVENT,LA,73.0,4,Dark,Clear,Industry,Freight Train,5,67796,10000,77796,T299,30.074328999999999,-90.873773999999997
CSX,000176943,2018-06-11,5:45 AM,Side collision,0,BIRMINGHAM,AL,85.0,4,Dark,Clear,Yard,Yard/switching,6,67677,250,99910,T001,33.543607000000002,-86.790088999999995
BNSF,SF1114105,2014-11-11,11:30 AM,Derailment,1,BLYTHEVILLE,AR,40.0,2,Day,Clear,Yard,Yard/switching,10,26448,12000,38448,T207,35.920909999999999,-89.824889999999996
CSX,000172225,2017-10-16,6:57 PM,Derailment,0,BROOKWOOD,AL,74.0,3,Dusk,Clear,Main,Freight Train,15,520741,51824,572565,T207,33.282876000000002,-87.262148999999994
BNSF,TC0616116,2016-06-20,9:50 PM,Derailment,0,MINNEAPOLIS,MN,62.0,4,Dark,Clear,Yard,Yard/switching,2,61382,10500,71882,T103,45.029412000000001,-93.269746999999995
UP,0519HL028,2019-05-13,3:40 PM,Derailment,0,KANSAS CITY,KS,68.0,2,Day,Clear,Yard,Yard/switching,10,45357,23230,68587,T101,39.093885,-94.655163000000002
UP,0618TC006,2018-06-05,2:00 AM,Derailment,0,DES MOINES,IA,80.0,4,Dark,Clear,Yard,Cut of cars,0,5274,29224,34498,T207,41.611730000000001,-93.583510000000004
UP,1017KC022,2017-10-28,8:40 PM,Derailment,0,HOME,KS,35.0,4,Dark,Clear,Main,Freight Train,22,193560,121663,315223,T206,39.814154000000002,-96.531491000000003
BRS,231102004,2023-11-02,10:30 PM,Derailment,0,BATON ROUGE,LA,45.0,4,Dark,Clear,Yard,Cut of cars,0,12284,0,110706,T110,30.576924000000002,-91.216147000000007
NS,123268,2016-09-24,12:50 AM,Obstruction,0,MIDDLE RIVER,MD,70.0,4,Dark,Clear,Main,Light loco(s),0,0,0,13000,T106,39.326262,-76.481566000000001
UP,0515WH004,2015-05-06,1:45 AM,Derailment,0,PECK,KS,52.0,4,Dark,Rain,Main,Freight Train,47,2161732,162800,2324532,T299,37.428277000000001,-97.390269000000004
NS,141044,2021-03-27,9:45 AM,Derailment,1,DAYTON,IN,72.0,2,Day,Cloudy,Yard,Yard/switching,10,385830,25905,411735,T110,40.374232999999997,-86.824427999999997
UP,1023GP001,2023-10-01,7:30 AM,Derailment,0,NORTH PLATTE,NE,70.0,2,Day,Cloudy,Yard,Yard/switching,4,20918,7560,28478,T207,41.151178999999999,-100.82728899999999
GRW,11,2018-04-30,11:55 AM,Derailment,0,GARY,IN,75.0,2,Day,Clear,Industry,Yard/switching,3,25417,24032,49449,T206,41.621841000000003,-87.327060000000003
TRRA,17016,2017-10-09,4:45 PM,Derailment,0,VENICE,IL,82.0,4,Dark,Clear,Yard,Yard/switching,6,3295,25294,28589,T199,38.665224000000002,-90.161981999999995
NS,142092,2021-07-04,1:28 PM,Derailment,0,MUSCLE SHOALS,AL,87.0,2,Day,Clear,Yard,Yard/switching,9,18000,2087,20087,T316,34.712550999999998,-87.616782000000001
SKOL,1901119001,2019-01-19,12:30 AM,Derailment,0,NEODESHA,KS,29.0,4,Dark,Clear,Main,Freight Train,11,204071,235000,439071,T401,37.411079999999998,-95.668519000000003
CSX,000139374,2014-12-29,8:30 PM,Derailment,0,RALEIGH,NC,43.0,4,Dark,Rain,Yard,Freight Train,6,11677,1000,12677,T314,35.792417999999998,-78.640153999999995
NIRC,9419001105,2022-10-18,8:09 AM,Other impacts,0,CHICAGO,IL,37.0,2,Day,Clear,Main,EMU,60,33102,6242,39344,T404,41.707000000000001,-87.607219999999998
CSX,000216732,2024-03-15,3:09 AM,Derailment,0,WORCESTER,MA,40.0,4,Dark,Rain,Yard,Freight Train,7,26469,127,113416,T111,42.253439,-71.807850000000002
CSX,000172275,2017-10-15,5:30 PM,Derailment,0,NEWARK,NJ,70.0,3,Dusk,Cloudy,Yard,Freight Train,8,83228,488,91216,T110,40.714224999999999,-74.177999999999997
FEC,D35060717,2017-06-07,6:30 AM,Derailment,0,MANGONIA PARK,FL,80.0,1,Dawn,Rain,Industry,Freight Train,4,1066,10522,11588,T110,26.764844,-80.078156000000007
BNSF,CH1117105,2017-11-03,10:25 PM,Derailment,0,AURORA,IL,42.0,4,Dark,Clear,Yard,Yard/switching,6,27500,10000,37500,T110,41.772210000000001,-88.264634000000001
UP,1016TC010,2016-10-31,7:25 AM,Derailment,0,MANKATO,MN,44.0,1,Dawn,Cloudy,Industry,Cut of cars,0,14804,0,44456,T314,44.190007999999999,-93.982977000000005
CRSH,129889,2018-06-18,4:15 PM,Derailment,0,PORT READING,NJ,98.0,3,Dusk,Clear,Yard,Yard/switching,6,25111,750,25861,T110,40.565593999999997,-74.243751000000003
CSX,000218305,2024-05-26,12:55 AM,Derailment,0,INDIANAPOLIS,IN,70.0,4,Dark,Cloudy,Yard,Freight Train,4,45073,29253,74326,T206,39.759798000000004,-86.327516000000003
UP,1018TC011,2018-10-15,7:25 PM,Derailment,0,DES MOINES,IA,40.0,3,Dusk,Cloudy,Main,Freight Train,9,407265,76012,483277,T001,41.566209999999998,-93.573188999999999
UP,0815LK027,2015-08-30,5:30 PM,Derailment,0,NORTH LITTLE ROCK,AR,90.0,4,Dark,Clear,Yard,Light loco(s),7,54093,2065,56158,T111,34.763821,-92.260121999999996
NS,134109,2019-05-26,4:45 PM,Derailment,0,WILSONS MILLS,NC,72.0,3,Dusk,Clear,Siding,Freight Train,34,74200,205732,279932,T108,35.601202999999998,-78.384392000000005
NS,137250,2019-09-04,11:55 AM,Derailment,0,CHILDERSBURG,AL,93.0,2,Day,Clear,Industry,,0,0,1562,21741,T110,33.280188000000003,-86.351830000000007
NS,152680,2023-03-31,1:30 AM,Derailment,0,IRONDALE,AL,55.0,4,Dark,Clear,Yard,Yard/switching,4,652681,0,1316505,T207,33.555373000000003,-86.683971999999997
UP,1119GL034,2019-11-27,8:00 PM,Derailment,0,CENTRAL CITY,NE,17.0,4,Dark,Rain,Siding,Freight Train,7,72627,119729,192356,T202,41.112197000000002,-98.009448000000006
BNSF,TC0716106,2016-07-12,8:40 PM,Derailment,0,DULUTH,MN,75.0,4,Dark,Clear,Yard,,0,0,1500,22309,T001,46.765371000000002,-92.117344000000003
IAIS,2017013,2017-04-10,5:25 PM,Derailment,0,HENRY,IL,68.0,2,Day,Cloudy,Industry,Yard/switching,8,24088,6020,30108,T110,41.126362999999998,-89.349784999999997
NS,121687,2016-08-14,5:10 AM,Derailment,0,BALTIMORE,MD,85.0,1,Dawn,Clear,Yard,Yard/switching,7,1600,15000,16600,T205,39.296489999999999,-76.543187000000003
BNSF,TC1114110,2014-11-13,5:35 PM,Derailment,0,CASSELTON,ND,15.0,3,Dusk,Clear,Main,Freight Train,3,480256,0,1719594,T207,46.902892000000001,-97.259818999999993
UP,0523GP019,2023-05-11,10:13 AM,Derailment,0,NORTH PLATTE,NE,66.0,2,Day,Clear,Yard,Yard/switching,7,7495,7355,14850,T202,41.146397,-100.82197600000001
DAIR,012018,2018-04-10,3:50 PM,Derailment,0,INWOOD,IA,58.0,2,Day,Clear,Main,Freight Train,21,15544,57204,72748,T110,43.261282000000001,-96.553668999999999
UP,0419GP006,2019-04-03,1:00 PM,Derailment,0,NORTH PLATTE,NE,50.0,2,Day,Clear,Yard,Yard/switching,4,10836,1691,12527,T199,41.153283999999999,-100.848365
ATK,141335,2016-02-23,9:00 AM,Derailment,0,BOSTON,MA,33.0,2,Day,Clear,Yard,Yard/switching,5,27000,0,27000,T113,42.331586999999999,-71.059673000000004
MCRL,MC160322A,2016-03-22,5:19 AM,Derailment,0,WALPOLE,MA,35.0,1,Dawn,Cloudy,Yard,,0,0,26648,28034,T110,42.144700999999998,-71.257938999999993
NS,155139,2023-12-22,5:45 AM,Derailment,0,SOUTHMONT,NC,29.0,1,Dawn,Clear,Yard,Freight Train,6,576326,250000,826326,T110,35.738906,-80.332949999999997
NS,121319,2016-07-19,8:45 PM,Derailment,0,PINEVILLE,NC,85.0,4,Dark,Clear,Yard,Freight Train,2,21124,800,21924,T102,35.090446,-80.887979999999999
ATK,143856,2016-08-16,5:17 PM,Other (describe in narrative),0,NORWALK,CT,85.0,2,Day,Clear,Main,Passenger Train - Pulling,14,11928,0,12678,T404,41.098529999999997,-73.419269999999997
UP,0219HL009,2019-02-09,6:15 AM,Derailment,0,KANSAS CITY,KS,15.0,1,Dawn,Cloudy,Yard,Yard/switching,4,2443,24696,27139,T110,39.092049000000003,-94.638706999999997
IAIS,2015056,2015-06-18,9:30 PM,Derailment,0,BLUE ISLAND,IL,70.0,4,Dark,Clear,Yard,Freight Train,5,49014,0,76031,T319,41.672614000000003,-87.668177999999997
UP,1116TC007,2016-11-16,9:29 AM,Derailment,0,CALLENDER,IA,66.0,2,Day,Clear,Main,Freight Train,25,92708,13088,105796,T204,42.383400000000002,-94.290998999999999
IC,978717,2018-11-12,7:45 AM,Derailment,0,CONVENT,LA,62.0,2,Day,Rain,Industry,Freight Train,1,15570,0,48030,T111,30.047592000000002,-90.829417000000007
UP,1223HL002,2023-12-03,2:08 PM,Derailment,0,TOPEKA,KS,45.0,2,Day,Cloudy,Yard,Freight Train,7,71045,44568,115613,T110,39.07206,-95.683693000000005
CP,1000235363,2015-07-10,3:00 PM,Derailment,0,NORTHFIELD,MN,82.0,2,Day,Clear,Yard,Freight Train,4,18628,0,23238,T314,44.452489999999997,-93.173370000000006
UP,0719GP038,2019-07-30,10:15 AM,Derailment,0,NORTH PLATTE,NE,74.0,2,Day,Clear,Yard,Light loco(s),6,560,11860,12420,T311,41.150565999999998,-100.81743400000001
BNSF,HL1223122,2023-12-30,4:04 AM,Derailment,0,YORK,NE,28.0,1,Dawn,Clear,Main,Freight Train,42,1148323,194996,1343319,T299,40.894416999999997,-97.490334000000004
NS,133172,2019-03-11,1:45 PM,Derailment,0,CHARLOTTE,NC,67.0,2,Day,Clear,Yard,Light loco(s),5,14094,8696,22790,T311,35.228141999999998,-80.852528000000007
BNSF,MT0717106,2017-07-12,2:30 AM,Derailment,0,WOLF POINT,MT,62.0,4,Dark,Clear,Industry,Freight Train,6,73140,20000,93140,T309,48.094960999999998,-105.62486
CVR,CVR042017D,2017-04-20,12:30 AM,Derailment,0,MONTEZUMA,KS,65.0,4,Dark,Clear,Main,Freight Train,7,120000,12000,132000,T102,37.590212999999999,-100.476567
CSX,000138844,2014-12-12,11:02 PM,Derailment,0,HAMLET,NC,38.0,4,Dark,Clear,Yard,Cut of cars,10,26597,2500,29097,T314,34.914630000000002,-79.670657000000006
RARW,ID150043,2015-06-04,12:05 PM,Derailment,0,SILVERBOW,MT,64.0,2,Day,Clear,Yard,,0,0,6500,44803,T111,46.004992000000001,-112.671069
BNSF,MT0820101,2020-08-17,3:30 PM,Derailment,0,CONRAD,MT,94.0,2,Day,Clear,Main,Freight Train,24,402912,170000,572912,T102,48.138834000000003,-111.974203
NS,120932,2016-06-18,7:40 PM,Derailment,0,MERIDIAN,MS,80.0,3,Dusk,Clear,Main,Freight Train,6,602,10138,32962,T311,32.359527999999997,-88.711265999999995
UP,1118PR017,2018-11-20,7:00 PM,Derailment,0,CLINTON,IA,28.0,3,Dusk,Clear,Yard,Cut of cars,0,12,0,26014,T207,41.817576000000003,-90.218101000000004
CSX,000185135,2019-09-04,11:55 AM,Derailment,0,CHILDERSBURG,AL,80.0,2,Day,Cloudy,Industry,Freight Train,4,20179,0,21741,T110,33.393703000000002,-86.348412999999994
UP,0421GP039,2021-04-26,1:15 PM,Derailment,0,NORTH PLATTE,NE,77.0,2,Day,Clear,Yard,Freight Train,19,220990,177916,398906,T108,41.153709999999997,-100.877262
CSX,000218650,2024-06-11,11:05 PM,Derailment,0,WORCESTER,MA,60.0,4,Dark,Clear,Yard,Freight Train,3,30835,0,43987,T314,42.244807999999999,-71.750156000000004
NS,118811,2016-01-06,11:40 PM,Derailment,0,RALEIGH,NC,72.0,4,Dark,Cloudy,Industry,Freight Train,5,24812,200,25012,T110,35.749943000000002,-78.634698
BNSF,PR0619102,2019-06-03,2:20 PM,Derailment,0,MASCOT,NE,84.0,2,Day,Clear,Main,Freight Train,28,57364,147070,204434,T109,40.227288000000001,-99.564366000000007
CSX,000148766,2015-07-05,12:46 AM,Derailment,0,ROCKY MOUNT,NC,75.0,4,Dark,Clear,Yard,Yard/switching,6,11097,0,49779,T111,35.931645000000003,-77.799741999999995
NJTR,201808405,2018-08-10,11:22 AM,Derailment,0,KEARNY,NJ,85.0,2,Day,Clear,Yard,Yard/switching,8,78187,9508,87695,T110,40.743870000000001,-74.106913000000006
ATK,176796,2023-10-16,1:35 PM,Other (describe in narrative),0,ELIZABETH,NJ,65.0,2,Day,Clear,Main,,0,0,4431,16160,T404,40.681089999999998,-74.205635000000001
KBSR,03082024,2024-03-11,11:07 AM,Derailment,0,WEST LAFAYETTE,IN,55.0,2,Day,Rain,Main,Freight Train,10,50000,150000,200000,T202,40.427106999999999,-86.944174000000004
NJTR,201908444,2019-08-03,9:05 PM,Other (describe in narrative),0,HARRISON,NJ,83.0,4,Dark,Clear,Yard,EMU,10,2149,0,13849,T404,40.741767000000003,-74.140097999999995
NS,138602,2020-07-22,3:45 AM,Derailment,0,DAYTON,IN,70.0,4,Dark,Cloudy,Yard,Freight Train,8,95499,800,96299,T110,40.374414999999999,-86.831992
UP,1018NP019,2018-10-16,2:30 PM,Derailment,0,COLUMBUS,NE,70.0,2,Day,Clear,Yard,Freight Train,7,4732,12980,17712,T319,41.427709999999998,-97.368736999999996
CSX,000168858,2017-05-12,2:11 AM,Derailment,0,BIRMINGHAM,AL,75.0,4,Dark,Clear,Yard,Single Car,3,66408,40296,349677,T206,33.543607000000002,-86.790088999999995
BNSF,HL1221120,2021-12-28,10:00 AM,Derailment,0,NORTH KANSAS CITY,MO,60.0,2,Day,Clear,Yard,Yard/switching,6,99584,13200,112784,T207,39.130485999999998,-94.585363000000001
BNSF,KS0722105,2022-07-11,9:20 AM,Derailment,0,KANSAS CITY,KS,90.0,2,Day,Clear,Yard,Light loco(s),2,10775,1500,12275,T314,39.087296000000002,-94.694104999999993
CSX,000181473,2019-02-19,11:45 PM,Derailment,0,INDIANAPOLIS,IN,41.0,4,Dark,Clear,Yard,Yard/switching,4,35304,5684,40988,T111,39.765321999999998,-86.148393999999996
CSX,000201509,2021-11-23,4:35 PM,Derailment,0,BIRMINGHAM,AL,44.0,3,Dusk,Clear,Yard,Yard/switching,4,209897,0,289897,T207,33.491399999999999,-86.982399999999998
KJRY,12182018,2018-12-18,8:15 AM,Derailment,0,KEOKUK,IA,40.0,2,Day,Clear,Yard,Freight Train,6,34000,9550,43550,T102,40.389000000000003,-91.386499999999998
MDS,16061601,2016-06-16,1:40 PM,Derailment,0,LAUDERDALE,MS,98.0,2,Day,Clear,Main,Freight Train,7,6500,81000,87500,T109,32.238042999999998,-88.771024999999995
NCRC,OP062119,2019-06-21,4:55 PM,Derailment,0,MADISON,NE,85.0,2,Day,Clear,Siding,Yard/switching,5,407,72000,72407,T110,41.825200000000002,-97.463499999999996
BNSF,CH0124101,2024-01-09,6:49 PM,Derailment,0,CHANNAHON,IL,30.0,3,Dusk,Snow,Industry,Yard/switching,6,13569,2500,16069,T111,41.402943,-88.197975999999997
CRSH,146768,2023-07-11,9:59 AM,Derailment,0,NEWARK,NJ,77.0,2,Day,Clear,Main,Yard/switching,5,2884,53334,56218,T110,40.712452999999996,-74.153632999999999
ACWR,06262020,2020-06-26,5:30 PM,Derailment,0,ABERDEEN,NC,88.0,2,Day,Clear,Yard,Freight Train,8,48000,19000,67000,T109,35.121411000000002,-79.433988999999997
NS,138854,2020-08-14,11:10 PM,Derailment,0,WOODSTOCK,AL,81.0,4,Dark,Clear,Siding,Freight Train,5,21000,6212,27212,T318,33.204487999999998,-87.156616
CSX,000200180,2021-09-18,4:13 AM,Derailment,0,INDIANAPOLIS,IN,85.0,1,Dawn,Clear,Yard,Yard/switching,7,11439,28815,40254,T206,39.759791,-86.327526000000006
UP,0423GP004,2023-04-04,10:34 AM,Derailment,0,NORTH PLATTE,NE,31.0,2,Day,Cloudy,Yard,Yard/switching,7,25704,86247,111951,T314,41.153837000000003,-100.834723
UP,0415PR014,2015-04-15,5:30 PM,Derailment,0,CHICAGO,IL,55.0,2,Day,Cloudy,Industry,Freight Train,5,9412,1528,10940,T102,41.899158,-87.656774999999996
UP,0415LK004,2015-04-04,5:30 PM,Derailment,0,NORTH LITTLE ROCK,AR,71.0,2,Day,Clear,Yard,Yard/switching,4,111026,11140,122166,T311,34.763821,-92.260121999999996
CRSH,114011,2015-01-23,12:30 PM,Raking collision,0,NEWARK,NJ,39.0,2,Day,Clear,Yard,Yard/switching,10,239,150,48079,T306,40.713686000000003,-74.142477
BNSF,TC1216100,2016-12-03,5:30 AM,Derailment,0,JACKSON,NE,23.0,1,Dawn,Clear,Main,Freight Train,12,471537,952000,1423537,T207,42.456259000000003,-96.655281000000002
NJTR,202111464,2021-10-15,12:15 AM,Other (describe in narrative),0,LONG BRANCH,NJ,51.0,4,Dark,Clear,Yard,Commuter Train - Pulling,5,12166,1000,13166,T404,40.295724999999997,-73.988560000000007
ABS,210722006,2021-07-22,2:30 PM,Derailment,0,TUSCALOOSA,AL,92.0,2,Day,Clear,Main,Freight Train,7,8806,12000,20806,T109,33.237554000000003,-87.662329999999997
UP,1223RM015,2023-12-19,11:29 PM,Derailment,0,POCATELLO,ID,34.0,4,Dark,Cloudy,Yard,Yard/switching,7,45810,21192,67002,T403,42.866084000000001,-112.452293
TASD,D20210324A,2021-03-24,3:15 AM,Derailment,0,MOBILE,AL,61.0,4,Dark,Rain,Industry,Freight Train,4,2253,15506,17759,T110,30.658999999999999,-88.035399999999996
KCS,17071303,2017-07-13,7:55 PM,Derailment,0,RESERVE,LA,90.0,3,Dusk,Cloudy,Yard,Yard/switching,5,36434,2217,38651,T314,30.070996999999998,-90.575640000000007
NJTR,201806282,2018-06-06,3:40 PM,Other (describe in narrative),0,NEW BRUNSWICK,NJ,68.0,2,Day,Cloudy,Yard,Commuter Train - Pushing,10,14005,0,14005,T404,40.477876000000002,-74.467376000000002
WC,969123,2018-08-09,3:25 PM,Derailment,0,TROUT LAKE,MI,81.0,2,Day,Clear,Main,Freight Train,23,235434,177829,413263,T202,46.171804999999999,-85.165138999999996
UP,0817NP038,2017-08-21,3:25 PM,Derailment,0,NORTH PLATTE,NE,80.0,2,Day,Clear,Yard,Yard/switching,2,13789,41337,55126,T202,41.152552,-100.858256
MSR,190510003,2019-05-10,4:00 PM,Derailment,0,MONTROSE,MS,68.0,2,Day,Rain,Main,Freight Train,8,100000,303000,403000,T401,32.155833000000001,-89.237278000000003
NJTR,202206234,2022-05-25,5:35 PM,Other (describe in narrative),0,ISELIN,NJ,60.0,4,Dark,Clear,Main,EMU,35,11682,0,18718,T404,40.562502000000002,-74.335536000000005
HPTD,I142,2015-03-02,11:00 AM,Derailment,0,TRINITY,NC,60.0,2,Day,Clear,Main,Freight Train,25,17000,10000,27000,T210,35.899864999999998,-80.039779999999993
KYLE,KYL935119D,2019-02-01,6:50 AM,Derailment,0,CONCORDIA,KS,40.0,1,Dawn,Cloudy,Main,Freight Train,2,7000,50000,57000,T314,39.573819,-97.659462000000005
GRS,20141230M1,2014-12-30,1:00 AM,Derailment,0,DEERFIELD,MA,20.0,4,Dark,Clear,Yard,Yard/switching,5,7940,25000,32940,T110,42.564388999999998,-72.559062999999995
NS,144794,2022-03-25,2:30 AM,Derailment,0,IRONDALE,AL,52.0,4,Dark,Clear,Yard,Light loco(s),4,49,11453,11502,T309,33.548904999999998,-86.678009000000003
BNSF,HL0818113,2018-08-16,8:25 AM,Derailment,0,ST LOUIS,MO,87.0,1,Dawn,Clear,Industry,Yard/switching,9,7200,20000,27200,T319,38.694732999999999,-90.210400000000007
NS,135193,2019-08-21,9:30 PM,Derailment,0,VANCE,AL,72.0,4,Dark,Clear,Yard,Freight Train,7,22863,25523,48386,T110,33.171835999999999,-87.267425000000003
BLU,221130002,2022-11-30,2:40 PM,Derailment,0,WAYNESVILLE,NC,51.0,2,Day,Clear,Industry,Yard/switching,7,2025,54000,56025,T112,35.512216000000002,-82.96996
NS,130170,2018-07-12,9:15 AM,Derailment,0,FRANKFORT,IN,84.0,2,Day,Clear,Yard,Freight Train,9,24000,100,24100,T311,40.282313000000002,-86.543136000000004
EARY,EAR167323,2023-06-26,4:45 PM,Derailment,0,SYCAMORE,AL,90.0,2,Day,Clear,Main,Freight Train,9,26000,31150,57150,T201,33.167676,-86.307771000000002
CSX,000158214,2016-03-16,11:15 AM,Derailment,0,LOUISVILLE,KY,73.0,2,Day,Clear,Yard,Yard/switching,8,94615,4136,98751,T207,38.166384999999998,-85.750642999999997
CSX,000158214,2016-03-16,11:15 AM,Derailment,0,LOUISVILLE,KY,73.0,2,Day,Clear,Yard,Light loco(s),0,0,0,98751,T207,38.166384999999998,-85.750642999999997
MBTA,7001,2016-01-05,3:22 AM,Derailment,0,ANDOVER,MA,7.0,4,Dark,Clear,Main,Passenger Train - Pulling,57,100096,30915,131011,T207,42.670000000000002,-71.142499999999998
NJTR,202311491,2023-10-16,1:54 PM,Other (describe in narrative),0,NORTH ELIZABETH,NJ,65.0,4,Dark,Clear,Main,Commuter Train - Pushing,65,11728,0,16159,T404,40.681052000000001,-74.205567000000002
NS,132801,2019-02-11,5:40 AM,Derailment,0,CHARLOTTE,NC,38.0,1,Dawn,Cloudy,Yard,Light loco(s),5,1958,34299,36257,T207,35.228141999999998,-80.852528000000007
NJTR,202310412,2023-09-14,10:00 AM,Derailment,0,NEW BRUNSWICK,NJ,66.0,2,Day,Clear,Yard,Work train,8,49823,0,49823,T113,40.479978000000003,-74.464016000000001
NIRC,2019071447,2019-06-28,1:43 PM,Derailment,0,CHICAGO,IL,81.0,2,Day,Cloudy,Yard,Yard/switching,10,0,11298,11298,T113,41.859243999999997,-87.677149999999997
UP,0623GP006,2023-06-02,11:05 AM,Derailment,0,NORTH PLATTE,NE,67.0,2,Day,Cloudy,Yard,Yard/switching,4,31815,87000,118815,T001,41.147148000000001,-100.832418
KCS,17051302,2017-05-13,11:50 PM,Derailment,0,LAKE CHARLES,LA,65.0,4,Dark,Clear,Industry,Yard/switching,7,69967,7500,77467,T110,30.240155000000001,-93.276509000000004
BNSF,HL0619116,2019-06-29,3:50 PM,Derailment,0,RED OAK,IA,95.0,2,Day,Clear,Yard,Freight Train,9,95880,476090,571970,T109,41.001837999999999,-95.232969999999995