reportingrailroadcode,accidentnumber,date,time,accidenttype,hazmatreleasedcars,station,stateabbr,temperature,visibility_code,visibility,weathercondition,tracktype,equipmenttype,trainspeed,equipmentdamagecost,trackdamagecost,totaldamagecost,primaryaccidentcausecode,latitude,longitude
NS,138923,2020-08-21,4:00 PM,Derailment,0,CLEVELAND,NC,76.0,3,Dusk,Cloudy,Yard,Freight Train,10,582,11175,11757,T110,35.724099000000002,-80.639245000000003
NS,154678,2023-11-02,7:31 AM,Derailment,0,STANLEYVILLE,NC,32.0,1,Dawn,Clear,Main,,0,0,270000,270000,T207,36.200642999999999,-80.291900999999996
UP,1118NP036,2018-11-28,3:25 AM,Derailment,0,COUNCIL BLUFFS,IA,21.0,4,Dark,Cloudy,Industry,Freight Train,4,45085,24050,69135,T202,41.240006000000001,-95.907002000000006
BRC,014631,2023-04-01,8:18 AM,Side collision,0,BEDFORD PARK,IL,37.0,2,Day,Rain,Yard,Yard/switching,0,26506,0,53012,T305,41.767850000000003,-87.746170000000006
BNSF,HL0922106,2022-09-14,1:10 PM,Derailment,0,SPRINGFIELD,MO,85.0,2,Day,Clear,Industry,Yard/switching,8,29023,28500,57523,T110,37.242736000000001,-93.203294
CSX,000174683,2018-02-12,12:35 PM,Derailment,0,ROCKY MOUNT,NC,74.0,2,Day,Clear,Yard,Light loco(s),6,15183,314,15497,T110,35.918852999999999,-77.804446999999996
BNSF,HL1020103,2020-10-02,4:01 AM,Derailment,0,TAMORA,NE,37.0,1,Dawn,Clear,Industry,Freight Train,7,92638,0,92638,T314,40.894536000000002,-97.236638999999997
MNCW,2016080229,2016-08-02,7:03 PM,Other (describe in narrative),0,MILFORD,CT,75.0,2,Day,Clear,Main,EMU,40,25000,5000,30000,T404,41.210929999999998,-73.087935000000002
UP,0716NP003,2016-07-21,3:50 PM,Derailment,0,NORTH PLATTE,NE,95.0,2,Day,Clear,Yard,Yard/switching,7,408,10413,10821,T110,41.147238999999999,-100.804371
NS,119959,2016-04-01,8:15 AM,Derailment,0,OPELIKA,AL,67.0,2,Day,Cloudy,Main,Freight Train,38,805189,65486,870675,T002,32.622992000000004,-85.321347000000003
IC,845121,2015-03-30,8:50 PM,Derailment,1,PHILIPP,MS,65.0,4,Dark,Clear,Main,Freight Train,23,442606,2169692,2612298,T106,33.767667000000003,-90.241078999999999
UP,0624HL016,2024-06-11,4:54 PM,Derailment,0,UNION,NE,91.0,2,Day,Clear,Main,Freight Train,44,1909368,191777,2101145,T108,40.789104000000002,-95.917361
NS,144275,2022-02-04,10:50 AM,Derailment,0,MAYLENE,AL,40.0,2,Day,Cloudy,Industry,Freight Train,5,24337,15808,40145,T110,33.170054999999998,-86.863004000000004
BNSF,TC1114110,2014-11-13,5:35 PM,Derailment,0,CASSELTON,ND,15.0,3,Dusk,Clear,Main,Freight Train,30,939338,300000,1719594,T207,46.902892000000001,-97.259818999999993
UP,0519MA034,2019-05-16,11:20 AM,Derailment,0,LEADINGTON,MO,79.0,2,Day,Clear,Industry,Freight Train,7,142798,42310,185108,T110,37.853200000000001,-90.494519999999994
CC,923816,2017-05-26,11:10 AM,Derailment,0,WATERLOO,IA,80.0,2,Day,Clear,Yard,Freight Train,6,133400,110292,282392,T111,42.501393999999998,-92.322761
UP,0418KC002,2018-04-02,12:45 AM,Derailment,0,KANSAS CITY,MO,25.0,4,Dark,Cloudy,Main,Freight Train,5,4260,41362,48022,T206,39.075744,-94.603955999999997
UP,0217NP036,2017-02-24,2:30 PM,Derailment,0,NORTH PLATTE,NE,25.0,2,Day,Cloudy,Yard,Single Car,2,39344,0,127671,T106,41.146242999999998,-100.83404
NJTR,202406305,2024-05-20,8:25 AM,Other (describe in narrative),0,HOBOKEN,NJ,62.0,2,Day,Clear,Main,Passenger Train - Pulling,10,20772,0,20772,T404,40.734462000000001,-74.031386999999995
UP,0620MA012,2020-06-06,4:17 PM,Derailment,0,DUPO,IL,94.0,2,Day,Clear,Yard,Freight Train,9,36235,22000,58235,T109,38.53049,-90.208189000000004
CRSH,140071,2020-12-19,6:00 PM,Derailment,0,LINDEN,NJ,28.0,3,Dusk,Snow,Yard,Yard/switching,5,16631,750,17381,T314,40.644050999999997,-74.211641
KAW,210905001,2021-09-05,7:35 PM,Derailment,0,KANSAS CITY,MO,80.0,3,Dusk,Clear,Main,Freight Train,10,8000,0,214075,T319,39.109543000000002,-94.590963000000002
CSX,000212999,2023-08-19,9:26 AM,Derailment,0,ROCKY MOUNT,NC,80.0,2,Day,Clear,Yard,Yard/switching,2,153159,2264,155423,T319,35.917687000000001,-77.805566999999996
BNSF,TC1123102,2023-11-11,9:30 AM,Derailment,0,GRAND RAPIDS,MN,35.0,2,Day,Cloudy,Industry,Freight Train,5,0,12000,12000,T101,47.235061000000002,-93.536945000000003
BNSF,RD0123113,2023-01-19,7:44 PM,Derailment,0,LAFAYETTE,LA,68.0,3,Dusk,Clear,Yard,Yard/switching,9,1034,13765,14799,T314,30.234922999999998,-92.055341999999996
BNSF,KS0120105,2020-01-15,11:10 AM,Derailment,0,TOPEKA,KS,30.0,2,Day,Cloudy,Yard,Light loco(s),5,20000,300,20300,T202,39.054481000000003,-95.642711000000006
ATK,135169,2014-11-09,1:18 PM,Derailment,0,NEW HAVEN,CT,48.0,2,Day,Clear,Yard,Light loco(s),4,49341,0,49341,T113,41.323717000000002,-72.894845000000004
UP,0424GL017,2024-04-15,12:35 PM,Derailment,0,FREMONT,NE,74.0,2,Day,Clear,Main,Freight Train,18,5132,9086,14218,T314,41.426938,-96.489495000000005
UP,0615PC001,2015-06-04,12:05 PM,Derailment,0,SILVERBOW,MT,64.0,2,Day,Clear,Yard,Freight Train,6,38303,0,44803,T111,46.004992000000001,-112.671069
SKOL,181025004,2018-10-25,6:00 PM,Derailment,0,MOLINE,KS,52.0,3,Dusk,Clear,Industry,Freight Train,5,20000,0,20000,T210,37.363928000000001,-96.266084000000006
GLC,GLC6072018,2018-06-07,3:25 PM,Derailment,0,POMPEII,MI,83.0,2,Day,Cloudy,Main,Freight Train,8,50550,4196,54746,T201,43.183219000000001,-84.639449999999997
BNSF,TC0915103,2015-09-11,9:25 PM,Derailment,0,FRIDLEY,MN,51.0,4,Dark,Clear,Yard,Freight Train,9,96496,268456,364952,T206,45.055543,-93.272987999999998
NS,135813,2019-10-12,11:30 AM,Derailment,1,JONES,AL,70.0,2,Day,Cloudy,Industry,Freight Train,2,34100,0,86100,T314,32.467981999999999,-86.895173
CSX,000206277,2022-07-23,4:30 PM,Derailment,0,LOUISVILLE,KY,98.0,2,Day,Clear,Yard,Yard/switching,1,143372,0,497209,T102,38.160739999999997,-85.749135999999993
GSM,10092021,2021-10-09,12:55 PM,Derailment,0,BRYSON CITY,NC,75.0,2,Day,Clear,Main,Passenger Train - Pulling,17,50000,86337,136337,T110,35.379069999999999,-83.565644000000006
UP,0219GL014,2019-02-07,1:00 AM,Derailment,0,BOONE,IA,16.0,4,Dark,Cloudy,Yard,Freight Train,5,205,20612,20817,T314,42.062581999999999,-93.864045000000004
UP,0118KC028,2018-01-22,10:17 PM,Derailment,0,HERINGTON,KS,26.0,4,Dark,Clear,Yard,Yard/switching,6,26431,26854,53285,T319,38.684748999999996,-96.949665999999993
UP,0618LV019,2018-06-20,2:00 AM,Derailment,0,PORT ALLEN,LA,73.0,4,Dark,Cloudy,Industry,Yard/switching,5,34856,3600,38456,T111,30.441348000000001,-91.210205999999999
KCS,17062802,2017-06-28,12:20 PM,Derailment,0,SPRINGFIELD,IL,84.0,2,Day,Clear,Yard,Freight Train,6,25700,0,26900,T314,39.810721999999998,-89.630105999999998
CRSH,135172,2019-08-20,12:15 PM,Derailment,0,NEWARK,NJ,87.0,2,Day,Clear,Yard,Yard/switching,5,10589,35200,45789,T317,40.710259999999998,-74.142664999999994
NS,134864,2019-07-25,6:30 PM,Derailment,1,GREENSBORO,NC,85.0,3,Dusk,Clear,Yard,Freight Train,10,260100,83773,343873,T311,36.060617000000001,-79.836821999999998
NS,137314,2020-02-27,1:30 PM,Derailment,0,GADSDEN,AL,35.0,2,Day,Clear,Yard,Freight Train,9,35600,2927,38527,T110,34.025404000000002,-86.054783999999998
CSX,000168858,2017-05-12,2:11 AM,Derailment,0,BIRMINGHAM,AL,75.0,4,Dark,Clear,Yard,Freight Train,9,242973,0,349677,T206,33.543607000000002,-86.790088999999995
MNCW,2016041408,2016-04-14,6:56 AM,Derailment,0,NEW CANAAN,CT,48.0,1,Dawn,Clear,Yard,EMU,7,52239,11000,63239,T319,41.144317999999998,-73.498305999999999
BNSF,CH0324108,2024-03-30,8:30 AM,Derailment,0,GALESBURG,IL,48.0,1,Dawn,Clear,Yard,Yard/switching,4,164835,58801,223636,T315,40.917549999999999,-90.379754000000005
UP,0719HL028,2019-07-31,6:13 PM,Derailment,0,NEBRASKA CITY,NE,75.0,3,Dusk,Cloudy,Industry,Freight Train,10,586182,5042,591224,T401,40.672829,-95.848149000000006
UP,0717SL014,2017-07-31,2:43 PM,Derailment,0,CHESTER,IL,85.0,2,Day,Clear,Yard,Yard/switching,6,30229,612,30841,T205,37.892274999999998,-89.814188999999999
NS,140688,2021-02-20,3:00 AM,Derailment,0,MACON,GA,35.0,4,Dark,Clear,Yard,Freight Train,5,22932,3203,26135,T207,32.813729000000002,-83.622793000000001
UP,0619HL033,2019-06-25,9:23 AM,Derailment,0,COFFEYVILLE,KS,74.0,2,Day,Clear,Yard,Freight Train,1,28942,990,29932,T205,37.030413000000003,-95.630627000000004
FEC,D38062717,2017-06-27,7:45 PM,Derailment,0,JACKSONVILLE,FL,74.0,3,Dusk,Rain,Yard,Yard/switching,6,14070,15131,29201,T314,30.242387999999998,-81.603530000000006
PW,PWR508517D,2017-12-07,1:00 AM,Derailment,0,MIDDLETOWN,CT,37.0,4,Dark,Clear,Yard,Freight Train,5,52500,30000,82500,T205,41.572913,-72.659889000000007
WC,1143434,2024-01-11,9:46 PM,Derailment,0,GARY,IN,29.0,4,Dark,Clear,Yard,Yard/switching,2,14244,15866,30110,T303,41.624732999999999,-87.388009999999994
UP,0619GP050,2019-06-28,4:00 PM,Derailment,0,ALEXANDRIA,NE,96.0,2,Day,Clear,Main,Freight Train,48,965727,403483,1369210,T102,40.230455999999997,-97.334872000000004
UP,0816TC005,2016-08-11,12:51 AM,Derailment,0,BAYPORT,MN,80.0,4,Dark,Rain,Industry,Freight Train,9,19616,37733,57349,T002,44.991931000000001,-92.776662000000002
ATK,159898,2019-07-04,11:59 PM,Other (describe in narrative),0,NEWARK,NJ,73.0,4,Dark,Clear,Main,,0,0,3161,42427,T404,40.73151,-74.174392999999995
NS,143548,2021-11-23,4:35 PM,Derailment,0,IRONDALE,AL,62.0,3,Dusk,Clear,Yard,,0,0,80000,289897,T207,33.548904999999998,-86.678009000000003
ATK,149264,2017-08-29,9:17 AM,Other (describe in narrative),0,ELIZABETH,NJ,71.0,2,Day,Clear,Main,,0,0,752,11490,T404,40.648099000000002,-74.232157000000001
KJRY,KJRY190925,2019-09-25,4:00 PM,Derailment,0,KEOKUK,IA,81.0,2,Day,Clear,Yard,Yard/switching,3,5500,12400,17900,T102,40.388599999999997,-91.389099999999999
BNSF,TC0417113,2017-04-19,2:54 AM,Derailment,0,MINTO,ND,35.0,4,Dark,Clear,Main,Freight Train,8,266979,224930,491909,T001,48.354506999999998,-97.389077999999998
CSX,000163451,2016-10-09,4:54 PM,Derailment,0,HIALEAH,FL,85.0,3,Dusk,Clear,Yard,Yard/switching,7,2021,61268,124557,T311,25.860074999999998,-80.260001000000003
ABS,210711002,2021-07-11,6:50 PM,Derailment,0,BROOKWOOD,AL,73.0,3,Dusk,Clear,Main,Freight Train,5,22655,25000,47655,T110,33.271754999999999,-87.312357000000006
NS,138511,2020-07-13,8:05 AM,Derailment,0,IRONDALE,AL,85.0,2,Day,Clear,Yard,Light loco(s),4,62395,500,62895,T311,33.555371999999998,-86.683971
UP,0321GP051,2021-03-31,3:45 PM,Derailment,0,GIBBON,NE,48.0,2,Day,Cloudy,Main,Freight Train,35,625495,670610,1296105,T399,40.750279999999997,-98.842669999999998
TRRA,19017,2019-08-08,1:25 PM,Derailment,0,EAST ST LOUIS,IL,85.0,2,Day,Cloudy,Main,,0,0,7847,39441,T199,38.602789999999999,-90.152726999999999
CSX,000148766,2015-07-05,12:46 AM,Derailment,0,ROCKY MOUNT,NC,75.0,4,Dark,Clear,Yard,Yard/switching,5,33742,4940,49779,T111,35.931645000000003,-77.799741999999995
UP,0523GP046,2023-05-31,2:04 AM,Derailment,0,NORTH PLATTE,NE,62.0,4,Dark,Clear,Yard,Yard/switching,4,71752,59890,131642,T001,41.147309999999997,-100.831399
UP,0519HL009,2019-05-07,12:36 AM,Derailment,2,BUFFALO,KS,63.0,4,Dark,Rain,Main,Freight Train,33,1428872,125394,1554266,T002,37.683022999999999,-95.721462000000002
NS,131942,2018-12-06,1:21 AM,Derailment,0,BIRMINGHAM,AL,23.0,4,Dark,Clear,Main,Freight Train,15,506655,309166,815821,T207,33.550255999999997,-86.671706
NS,156002,2024-03-10,9:27 PM,Derailment,0,ELKHART,IN,31.0,4,Dark,Clear,Yard,Yard/switching,4,10950,13000,23950,T207,41.677391999999998,-85.978437
GRYR,GR160606A,2016-06-06,12:10 PM,Other (describe in narrative),0,GRENADA,MS,80.0,2,Day,Clear,Yard,Light loco(s),10,0,225000,225000,T401,33.890084999999999,-89.775458
CSX,000212937,2023-08-16,5:00 AM,Derailment,0,ROCKY MOUNT,NC,80.0,4,Dark,Clear,Yard,Yard/switching,10,37096,3000,40096,T207,35.917687000000001,-77.805566999999996
UP,1017KC003,2017-10-03,1:05 PM,Derailment,0,WICHITA,KS,75.0,2,Day,Cloudy,Yard,Yard/switching,8,1782,21200,22982,T313,37.734712999999999,-97.320722000000004
NS,139061,2020-09-03,2:25 PM,Derailment,0,IRONDALE,AL,88.0,2,Day,Clear,Yard,Yard/switching,4,12600,6250,18850,T319,33.537894999999999,-86.710160999999999
BNSF,PR0217114,2017-02-25,5:47 PM,Derailment,0,AURORA,NE,30.0,3,Dusk,Clear,Industry,Freight Train,2,33619,300,33919,T311,40.868048999999999,-98.046987000000001
LAS,170919004,2017-09-19,12:00 PM,Derailment,0,HODGE,LA,90.0,2,Day,Clear,Industry,Freight Train,4,1600,18000,19600,T311,32.27948,-92.741780000000006
IC,1123594,2023-01-25,6:00 PM,Derailment,0,GEISMAR,LA,54.0,4,Dark,Clear,Yard,Yard/switching,3,11925,1062,12987,T210,30.140872000000002,-90.925713000000002
BNSF,PR0617116,2017-06-22,3:30 PM,Derailment,0,MITCHELL,NE,78.0,2,Day,Clear,Yard,Freight Train,3,18777,25852,44629,T201,41.940215000000002,-103.81348
BNSF,TC0624119,2024-06-22,2:33 PM,Derailment,0,RUGBY,ND,75.0,2,Day,Clear,Main,Freight Train,4,127333,177900,305233,T001,48.435254999999998,-100.08918799999999
FEC,D07011616,2016-01-16,12:40 PM,Derailment,0,MIAMI-DADE,FL,75.0,2,Day,Clear,Industry,Freight Train,9,15282,10580,25862,T102,25.776437000000001,-80.176816000000002
BNSF,TC1023108,2023-10-23,8:01 AM,Derailment,0,RUGBY,ND,48.0,1,Dawn,Cloudy,Industry,Freight Train,5,8000,8342,16342,T309,48.370026000000003,-99.999309999999994
KCS,17091103,2017-09-11,3:05 PM,Derailment,0,SLATER,MO,80.0,2,Day,Clear,Industry,Light loco(s),4,16005,1500,17505,T314,39.216261000000003,-93.068663999999998
IAIS,2019033,2019-07-10,11:02 AM,Derailment,0,ROCK ISLAND,IL,88.0,2,Day,Clear,Main,,0,0,45541,52092,T401,41.517186000000002,-90.565579
CSX,000163146,2016-09-26,5:10 AM,Derailment,0,ORLANDO,FL,86.0,4,Dark,Cloudy,Industry,Freight Train,8,48716,50790,102470,T110,28.450073,-81.366967000000002
NS,130714,2018-08-24,1:05 PM,Derailment,0,BALTIMORE,MD,85.0,2,Day,Clear,Yard,Yard/switching,10,12634,250,12884,T314,39.296244000000002,-76.541641999999996
FEC,D40090618,2018-09-06,12:30 PM,Derailment,0,POMPANO,FL,90.0,2,Day,Clear,Industry,Yard/switching,6,2607,11615,14222,T111,26.242576,-80.139365999999995
ALE,2102DERAIL,2021-07-27,4:40 PM,Derailment,0,MOBILE,AL,75.0,2,Day,Clear,Yard,Freight Train,5,0,51294,51294,T110,30.70786,-88.194000000000003
UP,0217NP036,2017-02-24,2:30 PM,Derailment,0,NORTH PLATTE,NE,25.0,2,Day,Cloudy,Yard,Single Car,3,100,0,127671,T106,41.146242999999998,-100.83404
UP,0321GL016,2021-03-16,1:20 PM,Derailment,0,FREMONT,NE,41.0,2,Day,Cloudy,Yard,Yard/switching,5,14078,2760,16838,T102,41.426737000000003,-96.485780000000005
BNSF,HL0821106,2021-08-10,3:31 PM,Derailment,0,CRYSTAL CITY,MO,90.0,2,Day,Rain,Industry,Freight Train,4,16301,10000,26301,T110,38.133324000000002,-90.267439999999993
NJTR,202303107,2023-03-19,7:30 PM,Other (describe in narrative),0,ELIZABETH,NJ,39.0,4,Dark,Clear,Main,Commuter Train - Pushing,55,12839,0,32093,T404,40.657193999999997,-74.222723999999999
NS,133138,2019-03-08,7:25 PM,Derailment,0,GREENSBORO,NC,44.0,3,Dusk,Rain,Yard,Freight Train,6,4238,9625,13863,T111,36.059927000000002,-79.842016999999998
MNCW,2016081632,2016-08-16,5:17 PM,Other (describe in narrative),0,NORWALK,CT,82.0,2,Day,Clear,Main,,0,0,750,12678,T404,41.098529999999997,-73.419269999999997
LSRC,D190912,2019-09-12,10:39 PM,Derailment,0,FLINT,MI,50.0,4,Dark,Clear,Yard,Yard/switching,8,29825,32414,62239,T316,43.088147999999997,-83.677153000000004
ATK,148817,2017-08-04,7:40 AM,Other (describe in narrative),0,NEW BRUNSWICK,NJ,75.0,2,Day,Clear,Main,,0,0,1743,29957,T404,40.441077999999997,-74.495562000000007
CLNA,12281801,2018-12-28,2:45 PM,Derailment,0,PANTEGO,NC,67.0,2,Day,Rain,Main,Freight Train,8,33900,11610,45510,T101,35.601056,-76.767611000000002
UP,0420GL016,2020-04-20,7:00 PM,Derailment,0,OMAHA,NE,68.0,3,Dusk,Clear,Yard,Freight Train,6,66871,0,266871,T313,41.230947999999998,-95.914153999999996
UP,0419HL009,2019-04-08,5:10 PM,Derailment,0,CHARITON,IA,77.0,2,Day,Clear,Main,Freight Train,24,279,114604,114883,T001,41.008049999999997,-93.301011000000003
UP,0324GP014,2024-03-08,10:30 PM,Derailment,0,KEARNEY,NE,27.0,4,Dark,Clear,Industry,Freight Train,6,124456,101016,225472,T111,40.704662999999996,-99.062160000000006
NS,136602,2019-12-21,3:25 PM,Derailment,0,IRONDALE,AL,45.0,2,Day,Rain,Yard,Yard/switching,4,11000,1000,12000,T314,33.548904999999998,-86.67801
BNSF,MT0121104,2021-01-30,1:45 PM,Derailment,0,MACON,MT,25.0,2,Day,Clear,Industry,Freight Train,8,92552,0,92552,T001,48.109620999999997,-105.518435
UP,0615PC011,2015-06-28,2:07 PM,Derailment,0,MELROSE,MT,85.0,2,Day,Clear,Main,Freight Train,24,51365,120987,172352,T102,45.538406000000002,-112.697396
NJTR,201807374,2018-07-20,11:16 AM,Derailment,0,TRENTON,NJ,68.0,2,Day,Clear,Main,Commuter Train - Pulling,13,67901,0,141764,T110,40.221093000000003,-74.751024000000001
UP,0115LK025,2015-01-27,9:46 AM,Derailment,0,TEXARKANA,AR,50.0,2,Day,Cloudy,Yard,Yard/switching,3,4280,9810,14090,T201,33.422483999999997,-94.037121999999997
BNSF,MT0918107,2018-09-17,10:30 PM,Derailment,0,STRYKER,MT,47.0,4,Dark,Cloudy,Siding,Freight Train,10,35000,13500,48500,T207,48.565632000000001,-114.955355
NJTR,202206258,2022-06-11,5:40 PM,Other (describe in narrative),0,METUCHEN,NJ,67.0,2,Day,Cloudy,Main,EMU,40,28169,0,38595,T404,40.541410999999997,-74.358811000000003
KCS,21082501,2021-08-25,6:15 PM,Derailment,0,CLEVELAND,MO,95.0,2,Day,Clear,Main,Freight Train,38,1407264,507994,1915258,T109,38.708316000000003,-94.597583
NPR,DR021501,2015-02-23,2:30 PM,Derailment,0,NORMA,ND,20.0,2,Day,Clear,Industry,Freight Train,5,11300,10500,21800,T299,48.727227999999997,-101.969753
CSX,000175655,2018-04-04,7:30 PM,Derailment,0,BIRMINGHAM,AL,75.0,3,Dusk,Clear,Yard,Yard/switching,5,53849,10254,64103,T206,33.543607000000002,-86.790088999999995
NS,156180,2024-03-28,5:20 AM,Derailment,0,TIPTON,IN,28.0,1,Dawn,Clear,Industry,Freight Train,3,55508,0,55508,T113,40.288162999999997,-86.004789000000002
CSX,000207176,2022-09-08,2:23 AM,Derailment,0,ROCKY MOUNT,NC,75.0,4,Dark,Clear,Yard,Freight Train,9,111168,2329,113497,T207,35.917687000000001,-77.805566999999996
BNSF,TC0823102,2023-08-04,5:28 PM,Derailment,0,ST  PAUL,MN,80.0,3,Dusk,Clear,Yard,Yard/switching,4,14994,0,80856,T112,44.972251,-93.188862999999998
CP,1000927658,2019-01-29,10:50 PM,Derailment,0,KENMARE,ND,-35.0,4,Dark,Clear,Main,Freight Train,13,453778,45330,499108,T210,48.646135000000001,-102.05645800000001
NS,143090,2021-10-07,2:50 PM,Derailment,0,IRONDALE,AL,80.0,2,Day,Clear,Yard,Freight Train,5,400,16226,16626,T313,33.548904999999998,-86.678009000000003
GLC,GLC111718,2018-11-17,7:30 PM,Derailment,0,OWOSSO,MI,31.0,4,Dark,Clear,Main,Freight Train,10,45000,4087,49087,T201,42.994684999999997,-84.181791000000004
PATH,PATH00280F,2023-09-16,11:00 AM,Derailment,0,JERSEY CITY,NJ,75.0,2,Day,Clear,Yard,Yard/switching,6,24268,121452,145720,T110,40.733600000000003,-74.064695
UP,1219HL018,2019-12-18,11:05 PM,Derailment,0,COFFEYVILLE,KS,32.0,4,Dark,Clear,Yard,Freight Train,3,21240,146152,167392,T101,37.029713999999998,-95.625066000000004
BNSF,TC1123101,2023-11-08,11:00 AM,Derailment,0,DULUTH,MN,38.0,2,Day,Cloudy,Industry,Yard/switching,10,10400,70000,80400,T110,46.769371999999997,-92.112548000000004
AZER,AZE802421D,2021-06-15,4:59 PM,Derailment,0,BYLAS,AZ,103.0,2,Day,Clear,Main,Freight Train,25,10292,15771,26063,T101,32.431483,-109.52543799999999
NJTR,202311493,2023-10-16,1:35 PM,Other (describe in narrative),0,NORTH ELIZABETH,NJ,65.0,2,Day,Clear,Main,Commuter Train - Pulling,50,11729,0,16160,T404,40.681089999999998,-74.205635000000001
LSRC,D141020,2014-10-20,9:30 PM,Derailment,0,OSCODA,MI,46.0,4,Dark,Rain,Main,Freight Train,10,9500,8353,17853,T110,44.439694000000003,-83.344849999999994
CSX,000183031,2019-05-17,3:00 PM,Derailment,0,HAMLET,NC,91.0,2,Day,Clear,Yard,Yard/switching,9,73853,10585,84438,T314,34.925491000000001,-79.646586999999997
BNSF,CH1117109,2017-11-16,7:46 AM,Derailment,0,CHICAGO,IL,50.0,1,Dawn,Cloudy,Yard,Freight Train,4,29585,7000,36585,T112,41.819087000000003,-87.716815999999994
BNSF,HL0521108,2021-05-19,1:50 PM,Derailment,0,LINCOLN,NE,64.0,2,Day,Cloudy,Industry,Yard/switching,6,8001,3500,11501,T201,40.838760000000001,-96.678162999999998
BNSF,HL0222114,2022-02-23,9:59 AM,Derailment,0,KEOKUK,IA,15.0,2,Day,Cloudy,Yard,Freight Train,8,116380,200000,316380,T001,40.386924999999998,-91.399158
CRSH,127025,2017-10-15,5:30 PM,Derailment,0,NEWARK,NJ,69.0,3,Dusk,Clear,Yard,,0,0,7500,91216,T110,40.714224999999999,-74.177999999999997
NJTR,202011407,2020-11-25,1:01 AM,Derailment,0,KEARNY,NJ,47.0,4,Dark,Cloudy,Yard,Yard/switching,5,51568,18289,69857,T110,40.743330999999998,-74.106140999999994
CRL,CRL151185,2015-06-18,9:30 PM,Derailment,0,BLUE ISLAND,IL,70.0,4,Dark,Clear,Yard,,0,0,27017,76031,T319,41.672614000000003,-87.668177999999997
BNSF,MT1020102,2020-10-09,3:39 PM,Derailment,0,HOBSON,MT,73.0,2,Day,Clear,Main,Freight Train,24,55000,145021,200021,T102,47.001905999999998,-109.856804
NIRC,2019071440,2019-06-26,6:30 PM,Derailment,0,BLUE ISLAND,IL,76.0,3,Dusk,Clear,Main,Commuter Train - Pulling,11,34302,16093,50395,T112,41.643186,-87.691599999999994
BNSF,PR0624109,2024-06-28,7:31 AM,Derailment,0,BRIDGEPORT,NE,73.0,1,Dawn,Clear,Main,Freight Train,30,45000,42855,87855,T399,41.712121000000003,-103.152698
BNSF,SF0415104,2015-04-05,11:21 PM,Derailment,0,VENICE,IL,65.0,4,Dark,Cloudy,Yard,Light loco(s),4,13119,0,23086,T314,38.675727999999999,-90.162509999999997
NJTR,201907407,2019-07-04,11:57 PM,Other (describe in narrative),0,NEWARK,NJ,73.0,4,Dark,Clear,Main,Commuter Train - Pushing,30,39266,0,42427,T404,40.712426000000001,-74.185884000000001
UP,1223MA027,2023-12-25,11:40 PM,Derailment,0,CARLINVILLE,IL,37.0,4,Dark,Fog,Yard,Freight Train,8,14511,11885,26396,T202,39.305016000000002,-89.876636000000005
MNNR,1017002,2017-10-10,6:00 AM,Derailment,0,ST PAUL,MN,34.0,4,Dark,Clear,Yard,Yard/switching,5,15800,1457,17257,T310,44.971986000000001,-93.194175000000001
UP,0521GP022,2021-05-22,3:26 PM,Derailment,0,NORTH PLATTE,NE,78.0,2,Day,Cloudy,Yard,Light loco(s),6,1680,14310,15990,T314,41.147948999999997,-100.833673
BNSF,NE0416107,2016-04-20,4:35 PM,Derailment,0,BELLWOOD,NE,56.0,3,Dusk,Rain,Industry,Freight Train,7,20686,4000,24686,T110,41.339297999999999,-97.231776999999994
CSS,CSS00054F,2024-04-03,12:54 AM,Derailment,0,BURNS HARBOR,IN,35.0,4,Dark,Rain,Industry,Freight Train,9,437049,0,437049,T110,41.628287,-87.145773000000005
NS,145705,2022-06-29,8:30 AM,Derailment,0,GREENSBORO,NC,78.0,2,Day,Clear,Yard,Light loco(s),5,14410,250,14660,T110,36.060968000000003,-79.833344999999994
CRSH,126346,2017-08-22,2:50 PM,Derailment,0,WEST DEPTFORD,NJ,93.0,2,Day,Clear,Industry,Freight Train,8,18688,500,19188,T107,39.821010000000001,-75.208202999999997
BNSF,PR0721105,2021-07-18,8:34 PM,Derailment,1,FAIRMONT,NE,75.0,3,Dusk,Clear,Industry,Freight Train,3,380904,18000,398904,T111,40.635764999999999,-97.604035999999994
UP,1118PR017,2018-11-20,7:00 PM,Derailment,0,CLINTON,IA,28.0,3,Dusk,Clear,Yard,Yard/switching,4,19402,6600,26014,T207,41.817576000000003,-90.218101000000004
NS,124608,2017-04-05,12:00 PM,Derailment,0,BIRMINGHAM,AL,76.0,2,Day,Cloudy,Yard,Freight Train,6,1500,24380,25880,T110,33.548444000000003,-86.809408000000005