reportingrailroadcode,accidentnumber,date,time,accidenttype,hazmatreleasedcars,station,stateabbr,temperature,visibility_code,visibility,weathercondition,tracktype,equipmenttype,trainspeed,equipmentdamagecost,trackdamagecost,totaldamagecost,primaryaccidentcausecode,latitude,longitude
UP,0716NP010,2016-07-31,7:10 AM,Derailment,0,NORTH PLATTE,NE,80.0,2,Day,Clear,Yard,Freight Train,9,6409,7182,13591,T314,41.153114000000002,-100.852429
NS,135813,2019-10-12,11:30 AM,Derailment,0,JONES,AL,70.0,2,Day,Cloudy,Industry,Cut of cars,0,52000,0,86100,T314,32.467981999999999,-86.895173
NJTR,202011408,2020-11-20,5:48 PM,Derailment,0,MORRISTOWN,NJ,47.0,2,Day,Cloudy,Main,Commuter Train - Pulling,25,12454,2765,15219,T311,40.798720000000003,-74.475192000000007
UP,0319GP002,2019-03-03,11:18 PM,Derailment,0,OSHKOSH,NE,-15.0,4,Dark,Clear,Main,Freight Train,40,1729168,225700,1954868,T207,41.440027999999998,-102.445295
CRSH,132307,2019-01-04,2:38 AM,Derailment,0,RIVER ROUGE,MI,32.0,4,Dark,Clear,Main,Freight Train,5,95347,16000,111347,T110,42.280558999999997,-83.136553000000006
BNSF,TC0515114,2015-05-27,3:52 PM,Derailment,0,FRIDLEY,MN,75.0,2,Day,Clear,Yard,Freight Train,3,5333,8000,13333,T111,45.051113000000001,-93.271423999999996
BNSF,CH0322111,2022-03-17,10:30 AM,Derailment,0,JOLIET,IL,66.0,2,Day,Clear,Yard,Yard/switching,8,45792,2000,170461,T202,41.544862000000002,-88.080348999999998
NS,116466,2015-07-10,3:10 PM,Derailment,0,GRANITE CITY,IL,81.0,2,Day,Cloudy,Yard,Freight Train,1,6315,7443,13758,T205,38.722763999999998,-90.142583999999999
UP,0221GP036,2021-02-23,7:30 AM,Derailment,0,PLYMOUTH,NE,31.0,1,Dawn,Clear,Industry,Freight Train,2,127994,58878,186872,T111,40.291910000000001,-96.995852999999997
AGR,AGR620620,2020-06-24,6:30 AM,Derailment,0,ALICEVILLE,AL,74.0,4,Dark,Cloudy,Main,Freight Train,36,5208500,2704863,7913363,T202,33.153213999999998,-88.229442000000006
KYLE,KYL071322D,2022-04-29,5:00 PM,Derailment,0,PHILLIPSBURG,KS,65.0,2,Day,Clear,Main,Freight Train,0,394951,70000,464951,T206,39.763317999999998,-99.213766000000007
KCS,16061803,2016-06-18,7:40 PM,Derailment,0,MERIDIAN,MS,89.0,3,Dusk,Clear,Yard,,0,0,22222,32962,T311,32.359527999999997,-88.711265999999995
ATK,160469,2019-08-03,9:05 PM,Other (describe in narrative),0,HARRISON,NJ,80.0,4,Dark,Clear,Yard,,0,0,11700,13849,T404,40.741767000000003,-74.140097999999995
CP,1000423021,2016-07-12,8:40 PM,Derailment,0,DULUTH,MN,75.0,3,Dusk,Cloudy,Yard,Yard/switching,2,20809,0,22309,T001,46.765371000000002,-92.117180000000005
CSX,000178419,2018-08-27,12:50 AM,Derailment,0,MILFORD,MA,70.0,4,Dark,Clear,Yard,Freight Train,8,11893,0,13193,T311,42.239840000000001,-71.712912000000003
CRSH,146829,2024-02-15,6:45 AM,Derailment,0,LINDEN,NJ,36.0,1,Dawn,Clear,Siding,Yard/switching,8,451131,89029,540160,T110,40.613607999999999,-74.221716000000001
ALE,0302DERAIL,2023-01-28,9:40 AM,Derailment,0,MOBILE,AL,56.0,2,Day,Clear,Yard,Light loco(s),5,0,0,27414,T111,30.715751999999998,-88.050150000000002
UP,1223HL021,2023-12-27,2:02 AM,Derailment,0,TOPEKA,KS,37.0,4,Dark,Snow,Main,Freight Train,10,51962,159717,211679,T206,39.066915999999999,-95.673918999999998
BNSF,HL0621115,2021-06-25,5:20 PM,Derailment,0,BENNET,NE,91.0,3,Dusk,Clear,Main,Freight Train,18,343636,184000,527636,T001,40.690823999999999,-96.515944000000005
UP,0420GL009,2020-04-13,10:29 AM,Derailment,0,GRAND ISLAND,NE,31.0,2,Day,Clear,Yard,Cut of cars,0,23206,0,119595,T101,40.932859000000001,-98.325345999999996
MNN,MNN8032021,2021-08-03,1:50 PM,Derailment,0,CROOKSTON,MN,90.0,2,Day,Clear,Yard,,0,0,40000,112000,T109,47.746271999999998,-96.601326999999998
NJTR,201909510,2019-02-04,4:42 AM,Other (describe in narrative),0,FAR HILLS,NJ,32.0,4,Dark,Clear,Main,EMU,50,23418,1995,25413,T404,40.705286999999998,-74.590964999999997
PGBX,RAI062517,2017-06-19,1:45 PM,Derailment,0,PORT ALLEN,LA,88.0,2,Day,Cloudy,Industry,Yard/switching,6,11600,7557,19157,T314,30.436363,-91.206180000000003
JAIL,20200001,2020-01-06,5:00 AM,Derailment,0,JACKSON,MI,32.0,4,Dark,Clear,Main,Freight Train,5,18974,80212,99186,T110,42.294631000000003,-84.421216999999999
BNSF,TC0221107,2021-02-08,8:13 PM,Derailment,0,CROOKSTON,MN,-10.0,3,Dusk,Clear,Main,Freight Train,34,760091,87666,847757,T207,47.867784999999998,-96.613881000000006
NS,136633,2019-12-24,2:20 PM,Other (describe in narrative),0,MUSCLE SHOALS,AL,67.0,2,Day,Clear,Yard,Yard/switching,9,90306,11491,101797,T110,34.712550999999998,-87.616781000000003
ATK,174384,2023-04-13,6:48 PM,Other (describe in narrative),0,RAHWAY,NJ,65.0,4,Dark,Clear,Main,Passenger Train - Pulling,0,13565,7469,21034,T404,40.606104000000002,-74.276814999999999
BNSF,MT0621101,2021-06-15,12:30 PM,Derailment,0,CULBERTSON,MT,95.0,2,Day,Clear,Industry,Light loco(s),6,1000,35000,36000,T111,48.142769000000001,-104.517061
WC,1028505,2020-02-26,6:19 PM,Derailment,0,EAST CHICAGO,IN,29.0,4,Dark,Cloudy,Main,,0,0,300000,2962453,T201,41.629719000000001,-87.394903999999997
NS,129198,2017-04-25,3:59 PM,Derailment,0,SANFORD,NC,65.0,2,Day,Cloudy,Yard,,0,0,8000,11150,T110,35.556882000000002,-79.237538999999998
KCT,UP211019,2021-10-19,4:14 AM,Derailment,0,KANSAS CITY,MO,56.0,4,Dark,Clear,Main,,0,0,17500,112264,T199,39.109470000000002,-94.502430000000004
UP,0916KC002,2016-09-09,1:45 PM,Derailment,0,HERINGTON,KS,85.0,2,Day,Cloudy,Yard,Freight Train,7,90260,41558,131818,T002,38.671157999999998,-96.949698999999995
ATW,ATW034817,2017-04-25,3:59 PM,Derailment,0,SANFORD,NC,65.0,2,Day,Cloudy,Yard,Freight Train,7,3150,0,11150,T110,35.556882000000002,-79.237538999999998
NJTR,202405224,2024-04-22,9:00 AM,Other (describe in narrative),0,LITTLE FALLS,NJ,55.0,2,Day,Clear,Yard,EMU,5,19123,0,19123,T404,40.873525999999998,-74.197885999999997
BNSF,PR0123108,2023-01-11,2:55 PM,Derailment,0,MCCOOK,NE,21.0,2,Day,Cloudy,Yard,Freight Train,10,240000,60000,300000,T201,40.196874000000001,-100.624802
BNSF,MT1018104,2018-10-11,6:46 PM,Derailment,0,SHELBY,MT,50.0,3,Dusk,Clear,Industry,Freight Train,5,13000,2000,15000,T110,48.500877000000003,-111.8493
NS,131622,2018-11-11,12:45 AM,Derailment,0,NORTH KANSAS CITY,MO,29.0,4,Dark,Clear,Yard,Freight Train,8,162578,28207,190785,T207,39.146504,-94.548901999999998
NICD,N2400017,2024-07-01,7:39 AM,Other impacts,0,CHICAGO,IL,87.0,1,Dawn,Clear,Main,Passenger Train - Pulling,5,29633,0,59515,T404,41.880510000000001,-87.623099999999994
DMVW,DM240613A,2024-06-13,3:00 PM,Derailment,0,OAKES,ND,79.0,2,Day,Clear,Main,Freight Train,25,937726,100000,1037726,T109,46.137833999999998,-97.968869999999995
NS,152995,2023-04-06,11:20 PM,Derailment,0,IRONDALE,AL,50.0,4,Dark,Clear,Yard,Single Car,9,1000,14400,15400,T499,33.555373000000003,-86.683971999999997
NS,133913,2019-05-11,7:45 PM,Derailment,0,DECATUR,IL,32.0,3,Dusk,Cloudy,Industry,Yard/switching,2,565,0,565,T110,39.862597999999998,-88.881304999999998
ATN,ATN181984,2018-01-24,1:15 AM,Derailment,0,GADSDEN,AL,38.0,4,Dark,Clear,Yard,Freight Train,7,50000,75000,125000,T399,0.0,0.0
UP,1016TC010,2016-10-31,7:25 AM,Derailment,0,MANKATO,MN,44.0,1,Dawn,Cloudy,Industry,Yard/switching,4,24855,4797,44456,T314,44.190007999999999,-93.982977000000005
EARY,EAR754321,2021-03-23,2:00 AM,Derailment,0,TALLADEGA,AL,55.0,4,Dark,Clear,Main,,8,0,100000,141609,T201,33.430221000000003,-86.111309000000006
NS,133652,2019-04-22,12:42 AM,Derailment,0,IRONDALE,AL,52.0,4,Dark,Clear,Main,Yard/switching,10,45059,200,45259,T306,33.548904999999998,-86.67801
UP,0817LK044,2017-08-30,4:07 PM,Derailment,0,SHREVEPORT,LA,78.0,2,Day,Rain,Yard,Yard/switching,6,93391,2835,96226,T210,32.434497999999998,-93.914283999999995
UP,0220GL009,2020-02-05,4:45 PM,Derailment,0,COLUMBUS,NE,30.0,2,Day,Cloudy,Yard,Freight Train,6,10668,4260,14928,T319,41.427571999999998,-97.363902999999993
NS,134394,2019-06-19,1:00 AM,Derailment,0,IRONDALE,AL,72.0,4,Dark,Clear,Yard,Yard/switching,6,11462,18181,29643,T207,33.548904999999998,-86.67801
UP,0217NP036,2017-02-24,2:30 PM,Derailment,0,NORTH PLATTE,NE,25.0,2,Day,Cloudy,Yard,Yard/switching,2,43255,44972,127671,T106,41.146242999999998,-100.83404
UP,0817TC017,2017-08-15,12:08 AM,Derailment,0,SIOUX CITY,IA,78.0,4,Dark,Cloudy,Main,Freight Train,10,346175,9427,355602,T399,42.494109000000002,-96.392008000000004
BRS,231102004,2023-11-02,10:30 PM,Derailment,0,BATON ROUGE,LA,45.0,4,Dark,Clear,Yard,Yard/switching,10,77379,21043,110706,T210,30.576924000000002,-91.216147000000007
MDS,19070202R1,2019-02-07,1:36 PM,Derailment,0,SHUBUTA,MS,82.0,2,Day,Rain,Main,Freight Train,5,15000,275000,290000,T202,31.915150000000001,-88.710650000000001
CSX,000157219,2016-02-18,3:30 PM,Derailment,0,FT MEADE,FL,75.0,2,Day,Clear,Industry,Freight Train,8,28032,8096,36128,T110,27.668147999999999,-81.818050999999997
NS,127518,2017-11-23,12:30 AM,Derailment,0,SELMONT,AL,30.0,4,Dark,Clear,Main,Freight Train,22,57571,249721,307292,T207,32.463987000000003,-86.908724000000007
MNCW,2016071608,2016-07-16,7:28 AM,Other (describe in narrative),0,STRATFORD,CT,77.0,2,Day,Clear,Main,EMU,65,100000,4000,104000,T404,41.184961000000001,-73.156593999999998
UP,1021GC012,2021-10-04,12:00 PM,Derailment,0,ADDIS,LA,80.0,2,Day,Clear,Main,Freight Train,6,287131,503230,790361,T108,30.366876999999999,-91.272868000000003
BNSF,CH0322111,2022-03-17,10:30 AM,Derailment,0,JOLIET,IL,66.0,2,Day,Clear,Yard,Cut of cars,0,122669,0,170461,T202,41.544862000000002,-88.080348999999998
AGR,AGR793221,2021-06-09,2:30 AM,Derailment,0,MYRTLEWOOD,AL,75.0,4,Dark,Clear,Main,Freight Train,9,7525,0,92649,T001,32.265846000000003,-87.891557000000006
NS,155980,2024-01-12,11:30 AM,Derailment,0,BIRMINGHAM,AL,45.0,2,Day,Clear,Main,,0,0,10600,13449,T308,33.508499,-86.814531000000002
NS,113358,2014-12-09,10:00 AM,Derailment,0,CLEVELAND,NC,42.0,2,Day,Clear,Yard,Freight Train,6,1275,20742,22017,T206,35.739212999999999,-80.628710999999996
CP,1000867420,2018-10-31,7:39 PM,Derailment,0,CLAYTON,IA,45.0,3,Dusk,Clear,Industry,Yard/switching,10,26184,7988,34172,T110,42.893210000000003,-91.130747999999997
TRRA,22031OR,2022-08-05,6:44 AM,Derailment,0,SAUGET,IL,85.0,1,Dawn,Clear,Yard,,0,0,5191,5191,T207,38.602888999999998,-90.175732999999994
NIRC,MEI082,2015-07-27,7:03 AM,Other (describe in narrative),0,CHICAGO,IL,73.0,4,Dark,Clear,Main,EMU,19,20142,3340,23482,T404,41.745364000000002,-87.551558999999997
UP,0923GL029,2023-09-29,9:19 AM,Derailment,0,CENTRAL CITY,NE,71.0,2,Day,Clear,Industry,Freight Train,4,111482,0,111482,T311,41.177411999999997,-97.901664999999994
UP,1218GP015,2018-12-05,8:40 PM,Derailment,0,JANSEN,NE,29.0,4,Dark,Clear,Main,Freight Train,10,134136,50360,184496,T101,40.214919999999999,-97.055546000000007
IR,182310,2018-11-18,10:03 PM,Derailment,0,OREGON,IL,25.0,4,Dark,Cloudy,Industry,Yard/switching,5,58105,0,58105,T402,41.997898999999997,-89.367093999999994
UP,1018TC010,2018-10-11,7:50 PM,Derailment,0,DES MOINES,IA,43.0,3,Dusk,Cloudy,Main,Freight Train,17,2957,40878,43835,T001,41.568705000000001,-93.576687000000007
NS,116605,2015-07-19,12:35 PM,Derailment,0,CALUMET PARK,IL,81.0,2,Day,Cloudy,Main,Yard/switching,5,1610,16072,66682,T207,41.722579000000003,-87.587101000000004
IC,842345,2015-03-02,10:40 AM,Other (describe in narrative),0,LUCEDALE,MS,70.0,2,Day,Cloudy,Main,Maint./inspect Car,0,185000,455165,640165,T403,30.859539999999999,-88.42313
KYLE,KYL520020D,2020-08-16,6:14 PM,Derailment,0,GLEN ELDER,KS,85.0,2,Day,Clear,Main,Freight Train,10,81090,12000,93090,T102,39.518000000000001,-98.340203000000002
GRS,062322J1,2022-06-23,3:50 AM,Derailment,0,PORTLAND,ME,56.0,4,Dark,Rain,Yard,Freight Train,4,13661,800,14461,T314,43.612290000000002,-70.299580000000006
TASD,D20211028B,2021-10-28,5:30 PM,Derailment,0,MOBILE,AL,70.0,3,Dusk,Cloudy,Industry,Freight Train,5,11380,23737,35117,T207,30.654520999999999,-88.034374999999997
UP,0319GP009,2019-03-05,1:31 PM,Derailment,0,OSHKOSH,NE,28.0,2,Day,Clear,Main,Freight Train,23,1202510,214682,1417192,T105,41.439669000000002,-102.444047
MNCW,2014121716,2014-12-17,1:12 PM,Other (describe in narrative),0,BRIDGEPORT,CT,50.0,2,Day,Clear,Main,,0,0,1200,21200,T404,41.184694,-73.152251000000007
UP,0323GP029,2023-03-27,10:55 PM,Derailment,0,NORTH PLATTE,NE,31.0,4,Dark,Cloudy,Yard,Yard/switching,7,41944,3459,45403,T111,41.146842999999997,-100.833294
MSO,10292014,2014-10-29,12:10 PM,Derailment,0,STURGIS,MI,45.0,2,Day,Cloudy,Main,Freight Train,8,11516,9088,20604,T113,41.789068999999998,-85.553601
BNSF,TC0616103,2016-06-10,6:30 PM,Derailment,0,COTTONWOOD,MN,94.0,3,Dusk,Clear,Main,Freight Train,42,1309159,1168286,2477445,T109,44.621915000000001,-95.664420000000007
CSX,000175811,2018-04-14,11:28 AM,Derailment,0,BIRMINGHAM,AL,70.0,2,Day,Clear,Yard,Freight Train,4,14812,1444,16256,T299,33.543607000000002,-86.790088999999995
NS,127361,2017-11-09,11:30 AM,Derailment,0,CHASE,AL,59.0,2,Day,Clear,Yard,Yard/switching,8,435,14000,14435,T206,34.775168999999998,-86.491816
NJTR,202111465,2021-10-14,9:30 PM,Other (describe in narrative),0,NORTH BERGEN,NJ,52.0,4,Dark,Clear,Main,Commuter Train - Pushing,45,13000,0,13000,T404,40.771867999999998,-74.042872000000003
MQT,MQT875018D,2018-12-05,12:15 PM,Derailment,0,WHITE CLOUD,MI,28.0,2,Day,Snow,Main,Freight Train,24,23263,6500,29763,T210,43.582985999999998,-85.777727999999996
NS,116300,2015-03-21,5:00 AM,Derailment,0,CHICAGO,IL,39.0,1,Dawn,Clear,Yard,Freight Train,3,25000,0,36780,T202,41.754297000000001,-87.700097999999997
NCRC,OP102116,2016-10-21,12:01 AM,Derailment,0,BRAINARD,NE,40.0,4,Dark,Clear,Industry,Freight Train,4,342769,23430,366199,T110,41.183,-97.004000000000005
BNSF,MT1020108,2020-10-23,5:30 AM,Derailment,0,WAGNER,MT,-8.0,1,Dawn,Cloudy,Main,Freight Train,25,652286,62000,714286,T207,48.366802,-108.065023
CRSH,137425,2020-03-07,3:32 AM,Derailment,0,NEWARK,NJ,38.0,4,Dark,Clear,Yard,Yard/switching,3,7671,86950,94621,T110,40.710396000000003,-74.143169999999998
NIRC,MEI078,2015-07-21,4:53 PM,Other (describe in narrative),0,UNIVERSITY PARK,IL,78.0,2,Day,Clear,Main,EMU,6,34541,2261,36802,T104,41.457259999999998,-87.724314000000007
ATK,172441,2022-08-23,6:00 PM,Other (describe in narrative),0,SECAUCUS,NJ,92.0,2,Day,Cloudy,Main,,0,0,11659,20069,T404,40.767395999999998,-74.062321999999995
BNSF,CH0920105,2020-09-28,7:16 PM,Derailment,0,ROMEOVILLE,IL,57.0,3,Dusk,Cloudy,Industry,Yard/switching,5,7649,32625,40274,T110,41.663195999999999,-88.038984999999997
KAW,200904002,2020-09-04,5:20 AM,Derailment,0,KANSAS CITY,KS,58.0,1,Dawn,Clear,Yard,Freight Train,3,0,28500,28500,T319,39.078310000000002,-94.637167000000005
UP,0515LK007,2015-05-07,9:00 PM,Derailment,0,LITTLE ROCK,AR,72.0,4,Dark,Clear,Main,,0,0,56029,326296,T314,34.752757000000003,-92.282916
YVRR,1017171,2017-10-17,1:35 PM,Derailment,0,ELKIN,NC,61.0,2,Day,Clear,Siding,Freight Train,7,75000,16000,91000,T207,36.247114000000003,-80.838521999999998
UP,1117NP006,2017-11-04,3:30 AM,Derailment,0,NORTH PLATTE,NE,50.0,4,Dark,Clear,Yard,Yard/switching,7,29873,148840,178713,T111,41.146842999999997,-100.833294
PW,PWR817824R,2024-05-28,9:35 PM,Derailment,0,GARDNER,MA,65.0,4,Dark,Clear,Yard,Freight Train,4,50000,0,180000,T101,42.568027999999998,-71.990306000000004
NS,140077,2020-12-21,4:45 PM,Other (describe in narrative),0,IRONDALE,AL,62.0,3,Dusk,Clear,Yard,Freight Train,4,79653,7552,87205,T314,33.548904999999998,-86.67801
CSX,000164323,2016-11-12,6:52 AM,Derailment,0,LEBANON JUNCTION,KY,37.0,1,Dawn,Clear,Main,Freight Train,30,735225,298920,1034145,T108,37.785210999999997,-85.772925000000001
CSX,000193993,2020-11-22,8:17 AM,Derailment,0,HAMLET,NC,55.0,2,Day,Clear,Yard,Yard/switching,4,72164,6694,78858,T303,34.925491000000001,-79.646586999999997
UP,0819GL011,2019-08-05,5:00 PM,Derailment,0,DES MOINES,IA,88.0,2,Day,Cloudy,Yard,Yard/switching,8,14159,119210,133369,T110,41.609538999999998,-93.583725999999999
BNSF,CH0322116,2022-03-23,12:05 PM,Derailment,0,RIVERDALE,IA,48.0,2,Day,Cloudy,Industry,Freight Train,7,2500,80117,82617,T110,41.534500000000001,-90.457153000000005
TASD,D20210408A,2021-04-08,8:00 AM,Derailment,0,MOBILE,AL,68.0,2,Day,Rain,Industry,Freight Train,5,9076,27460,36536,T110,30.6648,-88.039900000000003
UP,1017NP026,2017-10-26,10:25 AM,Derailment,0,KEARNEY,NE,55.0,2,Day,Clear,Yard,Freight Train,5,28590,40678,69268,T202,40.695787000000003,-99.077762000000007
NS,144551,2022-03-01,4:30 AM,Derailment,0,WAYNE,MI,33.0,1,Dawn,Clear,Yard,Freight Train,3,569,12646,13215,T110,42.273721000000002,-83.411648999999997
NIRC,2018071398,2018-02-06,7:40 AM,Other (describe in narrative),0,UNIVERSITY PARK,IL,10.0,1,Dawn,Cloudy,Yard,EMU,5,35555,4367,39922,T404,41.459634000000001,-87.723117000000002
UP,0117DV014,2017-01-09,5:32 PM,Derailment,0,OAKLEY,KS,42.0,2,Day,Cloudy,Yard,Yard/switching,2,567,12743,13310,T206,39.124644000000004,-100.859252
ATK,154963,2018-06-06,3:40 PM,Other (describe in narrative),0,NEW BRUNSWICK,NJ,68.0,2,Day,Clear,Siding,,0,0,0,14005,T404,40.477876000000002,-74.467376000000002
NJTR,202011410,2020-11-24,12:20 AM,Derailment,0,PERTH AMBOY,NJ,40.0,4,Dark,Clear,Main,Commuter Train - Pulling,57,652000,0,652000,T299,40.595595000000003,-74.284983999999994
PATH,I10102019,2019-10-10,5:01 PM,Derailment,0,NEWARK,NJ,71.0,3,Dusk,Cloudy,Yard,EMU,6,127393,79671,207064,T110,40.729444000000001,-74.169166000000004
UP,1216CB003,2016-12-06,7:00 PM,Derailment,0,OMAHA,NE,30.0,4,Dark,Cloudy,Industry,Yard/switching,2,22605,216,22821,T111,41.273172000000002,-95.936662999999996
AGR,AGR796421,2021-06-15,12:30 PM,Derailment,0,FORKLAND,AL,92.0,2,Day,Clear,Main,Freight Train,25,482865,216333,699198,T108,32.619374999999998,-87.845023999999995
NS,152557,2023-02-24,12:30 PM,Other impacts,0,MACON,GA,60.0,2,Day,Clear,Yard,Light loco(s),2,15000,7250,22250,T305,32.81373,-83.622793999999999
BNSF,MT0519106,2019-05-28,12:00 PM,Derailment,0,GLASGOW,MT,80.0,2,Day,Clear,Yard,Light loco(s),9,14000,300,14300,T319,48.198400999999997,-106.644946
BNSF,PR0119128,2019-01-30,4:19 AM,Derailment,0,RAVENNA,NE,-5.0,1,Dawn,Snow,Main,Freight Train,53,259213,561000,820213,T204,41.024645999999997,-98.731879000000006
NIRC,9419000703,2022-02-18,3:00 PM,Other impacts,0,CHICAGO,IL,25.0,2,Day,Clear,Main,EMU,15,59199,18308,77507,T404,41.770879999999998,-87.592690000000005
UP,0323GL012,2023-03-12,1:30 AM,Derailment,0,BLAIR,NE,31.0,4,Dark,Cloudy,Industry,Freight Train,8,350819,1036,351855,T113,41.54992,-96.106234000000001
NS,134273,2019-06-10,9:30 AM,Derailment,0,GADSDEN,AL,72.0,2,Day,Cloudy,Yard,Freight Train,8,98088,74435,172523,T110,34.024141999999998,-86.059775000000002
CSX,000188758,2020-02-28,9:30 AM,Derailment,0,BURKVILLE,AL,46.0,2,Day,Clear,Main,Freight Train,5,77042,3641,80683,T207,32.327167000000003,-86.500120999999993
ATK,142959,2016-06-22,2:55 PM,Other (describe in narrative),0,GROTON,CT,82.0,2,Day,Clear,Main,Passenger Train - Pulling,40,11500,5400,16900,T404,41.349457999999998,-72.059016999999997
KAW,220527004,2022-05-27,6:40 PM,Derailment,0,KANSAS CITY,MO,80.0,2,Day,Clear,Industry,Freight Train,5,0,17500,17500,T110,39.09384,-94.540239999999997
CSX,000174089,2018-01-16,10:32 PM,Derailment,0,FIVE POINTS,AL,21.0,4,Dark,Snow,Main,Freight Train,47,398300,94166,492466,T207,33.064999,-85.224521999999993
HRRC,0516,2016-06-04,1:02 AM,Derailment,0,GAYLORDSVILLE,CT,53.0,4,Dark,Clear,Main,Freight Train,25,150000,17500,167500,T210,41.583691000000002,-73.405970999999994
ATK,171414,2022-06-11,5:40 PM,Other (describe in narrative),0,METUCHEN,NJ,67.0,2,Day,Cloudy,Main,,0,0,10426,38595,T404,40.541410999999997,-74.358811000000003
UP,0920GL012,2020-09-12,2:30 PM,Derailment,0,OMAHA,NE,67.0,2,Day,Cloudy,Industry,Yard/switching,6,26228,150,26378,T112,41.220979999999997,-96.106896000000006
SFRV,012816,2016-01-28,5:09 AM,Derailment,0,POMPANO BEACH,FL,70.0,4,Dark,Rain,Main,Commuter Train - Pushing,55,200000,700000,900000,T207,26.214272999999999,-80.147447999999997
UP,0817DV022,2017-08-19,2:15 PM,Derailment,0,LA SALLE,CO,87.0,2,Day,Clear,Yard,Light loco(s),5,18781,4956,23737,T111,40.347003999999998,-104.70488899999999
BNSF,HL0724120,2024-07-23,1:34 AM,Derailment,1,LINCOLN,NE,70.0,4,Dark,Clear,Yard,Freight Train,10,80637,145000,225637,T314,40.807312000000003,-96.755025000000003
BEAR,BER818124O,2024-05-28,9:35 PM,Derailment,0,GARDNER,MA,65.0,4,Dark,Clear,Yard,,0,0,130000,180000,T101,42.568027999999998,-71.990306000000004
MRL,2017118,2017-09-15,8:50 AM,Derailment,0,MISSOULA,MT,43.0,2,Day,Rain,Yard,Freight Train,3,199000,20000,219000,T207,46.895000000000003,-114.03
PAL,2018MAR1D,2018-03-06,12:50 AM,Derailment,0,CALVERT CITY,KY,41.0,4,Dark,Cloudy,Industry,Freight Train,4,14852,55000,69852,T110,37.043722000000002,-88.381172000000007
UP,0818TC008,2018-08-07,2:57 PM,Derailment,0,MARSHALLTOWN,IA,85.0,2,Day,Cloudy,Yard,Yard/switching,6,3669,32810,36479,T206,42.042844000000002,-92.897561999999994
UP,0817DV028,2017-08-30,3:30 AM,Derailment,0,EATON,CO,59.0,4,Dark,Clear,Industry,Freight Train,4,21509,150,21659,T205,40.523003000000003,-104.7081
NS,144589,2022-03-04,6:00 AM,Derailment,0,DECATUR,IL,30.0,1,Dawn,Clear,Yard,Yard/switching,8,17485,898,18383,T110,39.852181999999999,-88.918342999999993
KCS,17072201,2017-07-22,12:40 AM,Derailment,0,VIVIAN,LA,75.0,4,Dark,Clear,Main,Freight Train,40,1644272,399958,2044230,T204,32.861260000000001,-93.986320000000006
UP,0420GL009,2020-04-13,10:29 AM,Derailment,0,GRAND ISLAND,NE,31.0,2,Day,Clear,Yard,Freight Train,8,30729,38533,119595,T101,40.932859000000001,-98.325345999999996
WC,1136509,2023-07-18,7:35 PM,Derailment,0,GHEEN,MN,65.0,4,Dark,Clear,Main,Freight Train,23,469136,716585,1185721,T108,47.937429999999999,-92.767409999999998
CSX,000166718,2017-02-09,8:02 AM,Derailment,0,DECATUR,AL,38.0,2,Day,Cloudy,Yard,Yard/switching,8,18278,1776,20054,T110,34.588509999999999,-86.985257000000004
BNSF,HL1221123,2021-12-29,4:15 AM,Derailment,0,KANSAS CITY,MO,25.0,1,Dawn,Cloudy,Yard,Freight Train,9,241000,55400,296400,T207,39.148012999999999,-94.584833000000003
MRL,2018129,2018-09-25,11:12 PM,Derailment,0,COLUMBUS,MT,38.0,4,Dark,Clear,Main,Freight Train,37,2500000,275000,2775000,T207,45.639479999999999,-109.26439999999999
UP,0823GP028,2023-08-20,5:00 PM,Derailment,0,NORTH PLATTE,NE,92.0,2,Day,Clear,Yard,Yard/switching,7,116495,85681,202176,T111,41.153053,-100.835111
NS,136030,2019-10-31,11:55 PM,Derailment,0,DECATUR,IL,25.0,4,Dark,Clear,Yard,Yard/switching,3,2026,20923,22949,T110,39.851775000000004,-88.922550000000001
UP,0917TC021,2017-09-26,12:14 PM,Derailment,0,GRAETTINGER,IA,65.0,2,Day,Cloudy,Industry,Yard/switching,6,1450,52307,53757,T111,43.237971999999999,-94.749538999999999
BNSF,TC1216101,2016-12-02,3:14 AM,Derailment,0,FARGO,ND,2.0,4,Dark,Clear,Industry,Yard/switching,10,9939,1000,10939,T210,46.880040999999999,-96.865120000000005
KCS,17061702,2017-06-17,3:45 PM,Derailment,0,JACKSON,MS,80.0,2,Day,Clear,Main,Freight Train,5,66460,37437,103897,T314,32.263939000000001,-90.160365999999996