reportingrailroadcode,accidentnumber,date,time,accidenttype,hazmatreleasedcars,station,stateabbr,temperature,visibility_code,visibility,weathercondition,tracktype,equipmenttype,trainspeed,equipmentdamagecost,trackdamagecost,totaldamagecost,primaryaccidentcausecode,latitude,longitude
UP,1018NP012,2018-10-13,3:00 AM,Derailment,0,COUNCIL BLUFFS,IA,50.0,4,Dark,Clear,Yard,Freight Train,4,75281,353263,433665,T319,41.250042000000001,-95.867025999999996
BNSF,KS0923105,2023-09-09,3:03 AM,Derailment,0,KANSAS CITY,KS,75.0,4,Dark,Clear,Yard,Yard/switching,4,4735,6849,11584,T314,39.086069999999999,-94.693990999999997
MBTA,1930,2014-12-15,7:46 PM,Derailment,0,CHELSEA,MA,32.0,3,Dusk,Cloudy,Yard,,0,0,5758,10758,T311,42.399616999999999,-71.066135000000003
BNSF,KS0724109,2024-07-24,3:45 PM,Derailment,0,INGALLS,KS,91.0,2,Day,Clear,Main,Freight Train,12,776142,140391,916533,T109,37.869588999999998,-100.602643
KJRY,ID230227,2023-11-12,4:24 PM,Derailment,0,KEOKUK,IA,48.0,2,Day,Clear,Yard,Yard/switching,5,17000,1000,18000,T102,40.385790999999998,-91.425961000000001
BNSF,HL1121104,2021-11-06,8:16 AM,Derailment,0,NORTH KANSAS CITY,MO,50.0,1,Dawn,Clear,Yard,Freight Train,8,249658,80385,330043,T001,39.142961999999997,-94.586298999999997
MNA,MNA475119,2019-09-01,11:55 PM,Derailment,0,NEVADA,MO,68.0,4,Dark,Clear,Yard,Freight Train,7,29617,0,59117,T311,37.842480999999999,-94.347858000000002
CSX,000185942,2019-10-11,8:33 PM,Derailment,0,DEARBORN,MI,57.0,4,Dark,Rain,Yard,Yard/switching,4,132449,35600,168049,T202,42.302762000000001,-83.149685000000005
BNSF,CH0516101,2016-05-11,7:05 PM,Derailment,0,CHICAGO,IL,69.0,3,Dusk,Clear,Yard,Light loco(s),2,12000,250,12250,T314,41.819875000000003,-87.718360000000004
TCWR,MPLI061917,2017-06-09,9:25 PM,Derailment,0,GIBBON,MN,80.0,4,Dark,Clear,Main,Freight Train,10,50000,20000,70000,T201,44.533850999999999,-94.52637
KCS,20111101,2020-11-11,4:50 AM,Derailment,0,KANSAS CITY,MO,30.0,4,Dark,Clear,Yard,Freight Train,6,6548,10800,17348,T207,39.125919000000003,-94.502553000000006
BNSF,TC0624106,2024-06-10,5:29 PM,Derailment,0,MINNEAPOLIS,MN,74.0,3,Dusk,Clear,Yard,Yard/switching,4,35937,8131,44068,T001,45.034964000000002,-93.270555999999999
CAGY,CAG419119,2019-05-29,10:45 PM,Derailment,0,GREENWOOD,MS,80.0,4,Dark,Clear,Main,Freight Train,5,9900,3000,12900,T102,33.490040999999998,-90.218906000000004
UP,0124HL036,2024-01-28,2:00 PM,Derailment,0,KANSAS CITY,MO,49.0,2,Day,Clear,Yard,Freight Train,8,19514,3074,22588,T110,39.113906,-94.481136000000006
WC,1073862,2021-06-16,3:10 PM,Derailment,0,COTTON,MN,79.0,2,Day,Clear,Siding,Freight Train,10,21395,173495,194890,T109,47.113083000000003,-92.353128999999996
MDDE,CV071422D,2022-07-14,2:00 PM,Derailment,0,MILLINGTON,MD,88.0,2,Day,Clear,Main,Freight Train,7,48000,36000,84000,T110,39.235331000000002,-75.839556000000002
UP,0716KC008,2016-07-06,6:41 PM,Derailment,0,KANSAS CITY,MO,91.0,2,Day,Clear,Yard,Light loco(s),5,57142,600,57742,T206,39.120717999999997,-94.500564999999995
UP,1014TC018,2014-10-24,9:30 PM,Derailment,0,WORTHINGTON,MN,58.0,4,Dark,Clear,Yard,Yard/switching,9,142705,26383,169088,T110,43.624972999999997,-95.584055000000006
CFE,CFE645820D,2020-12-18,2:15 AM,Derailment,0,DECATUR,IN,28.0,4,Dark,Clear,Yard,Freight Train,10,66000,8500,74500,T299,40.874552999999999,-84.950238999999996
UP,0615LK007,2015-06-12,11:10 PM,Derailment,0,SHREVEPORT,LA,75.0,4,Dark,Cloudy,Yard,Freight Train,4,213614,50737,264351,T210,32.458539000000002,-93.790831999999995
UP,0518KC028,2018-05-28,4:17 PM,Derailment,0,KANSAS CITY,MO,91.0,2,Day,Cloudy,Yard,Freight Train,8,25197,0,25997,T319,39.132581000000002,-94.585211999999999
GRYR,GR221116A,2022-11-16,2:56 PM,Derailment,0,GRENADA,MS,52.0,2,Day,Clear,Siding,Freight Train,8,56743,489373,546116,T401,33.869878999999997,-89.808723000000001
MCER,0215,2015-04-14,5:00 PM,Derailment,0,PALMER,MA,55.0,2,Day,Clear,Siding,Freight Train,5,6198,5498,11696,T110,42.172688000000001,-72.345752000000005
CRSH,142776,2021-09-05,7:18 PM,Derailment,0,DETROIT,MI,76.0,3,Dusk,Clear,Yard,,0,0,18929,18929,T309,42.316271999999998,-83.113827999999998
PGBX,RAI055517,2017-06-07,10:30 AM,Derailment,0,PORT ALLEN,LA,82.0,2,Day,Clear,Yard,,0,0,50000,105757,T113,30.445527999999999,-91.210588999999999
UP,0521GL012,2021-05-15,1:30 PM,Derailment,2,ALBERT LEA,MN,72.0,2,Day,Cloudy,Main,Freight Train,36,1526268,922635,2448903,T499,43.664819999999999,-93.348232999999993
UP,0823GL052,2023-08-31,1:30 AM,Derailment,0,SIOUX CITY,IA,66.0,4,Dark,Clear,Main,Freight Train,4,11492,4050,15542,T403,42.491788999999997,-96.392623
KAW,211130004,2021-11-30,7:45 PM,Derailment,0,NORTH KANSAS CITY,MO,45.0,4,Dark,Clear,Yard,Yard/switching,7,23000,24000,63000,T309,39.12612,-94.574789999999993
LSRC,D211022,2021-10-22,7:10 AM,Derailment,0,SAGINAW,MI,35.0,2,Day,Clear,Main,Freight Train,10,21844,5500,27344,T309,43.448728000000003,-83.928529999999995
GRS,20160803R1,2016-08-03,10:26 AM,Derailment,0,SOUTH PORTLAND,ME,81.0,2,Day,Clear,Yard,Freight Train,3,30450,1500,31950,T199,43.625017,-70.299431999999996
CSX,000182356,2019-04-14,9:17 AM,Derailment,0,INDIANAPOLIS,IN,68.0,2,Day,Clear,Yard,Yard/switching,7,37357,20086,57443,T314,39.759791,-86.327526000000006
UP,0919HL016,2019-09-14,1:52 AM,Derailment,0,KANSAS CITY,MO,67.0,4,Dark,Clear,Yard,Cut of cars,0,3769,0,269812,T103,39.114004999999999,-94.481487000000001
NS,139605,2020-11-01,1:38 AM,Derailment,0,NEW ORLEANS,LA,60.0,4,Dark,Clear,Main,Freight Train,3,1960,18290,20250,T110,29.975082,-90.044849999999997
CSX,000160202,2016-05-31,6:50 PM,Derailment,0,BEDFORD PARK,IL,72.0,3,Dusk,Rain,Yard,Yard/switching,12,387144,14350,431269,T207,41.822200000000002,-87.684043000000003
BNSF,TC0919107,2019-09-15,3:50 PM,Derailment,0,KEEWATIN,MN,65.0,2,Day,Clear,Industry,Freight Train,5,2000,37750,39750,T205,47.396025000000002,-93.075221999999997
UP,0719HL020,2019-07-25,7:19 AM,Derailment,0,MERCER,MO,66.0,2,Day,Clear,Main,Freight Train,50,4395775,348600,4744375,T001,40.490454999999997,-93.534965
MNN,MNN111921,2021-11-19,11:45 AM,Derailment,0,GREENBUSH,MN,30.0,2,Day,Clear,Main,Freight Train,8,85750,36000,121750,T202,48.681145999999998,-96.171486999999999
BNSF,KS0624107,2024-06-16,10:04 AM,Derailment,0,KANSAS CITY,KS,84.0,2,Day,Clear,Yard,Yard/switching,6,10980,2500,13480,T307,39.088127,-94.691265000000001
LSI,70637,2021-04-21,3:40 PM,Derailment,0,NEGAUNEE,MI,35.0,2,Day,Cloudy,Yard,Yard/switching,5,2500,34647,37147,T111,46.304730999999997,-87.313140000000004
NOPB,D20171103E,2017-11-03,1:00 PM,Derailment,0,NEW ORLEANS,LA,74.0,2,Day,Clear,Yard,Freight Train,2,12780,13232,26012,T101,29.915773999999999,-90.104662000000005
NS,135137,2019-08-17,12:45 AM,Derailment,0,WENTZVILLE,MO,74.0,4,Dark,Clear,Industry,Freight Train,7,25346,0,25346,T313,38.812018000000002,-90.828952999999998
UP,1117KC026,2017-11-24,10:56 AM,Derailment,0,KANSAS CITY,MO,71.0,2,Day,Clear,Yard,Freight Train,5,5000,6787,11787,T303,39.123241999999998,-94.506159999999994
UP,0819MA003,2019-08-02,7:31 AM,Derailment,0,VENICE,IL,76.0,2,Day,Clear,Yard,Freight Train,3,5305,0,11377,T111,38.665415000000003,-90.162915999999996
MNCW,2017020607,2017-02-06,5:55 AM,Other (describe in narrative),0,BRIDGEPORT,CT,36.0,2,Day,Rain,Main,EMU,10,17400,0,17400,T404,41.185443999999997,-73.166611000000003
NOPB,D20181028F,2018-10-28,7:50 PM,Derailment,0,NEW ORLEANS,LA,68.0,4,Dark,Clear,Main,Freight Train,6,48500,0,69897,T111,30.004227,-90.027525999999995
BNSF,TC0616113,2016-06-16,3:15 PM,Derailment,0,FRIDLEY,MN,86.0,2,Day,Clear,Yard,Yard/switching,4,6539,15722,22261,T103,45.064014,-93.271103999999994
ATK,144471,2016-09-24,12:50 AM,Obstruction,0,MIDDLE RIVER,MD,70.0,4,Dark,Clear,Main,Spec. MoW Equip.,0,13000,0,13000,T106,39.326262,-76.481566000000001
CP,1000554299,2017-05-05,5:15 PM,Derailment,0,ST PAUL,MN,75.0,2,Day,Cloudy,Yard,Freight Train,9,53815,0,97749,T399,44.941214000000002,-93.050241999999997
KYLE,KYL144319D,2019-08-10,5:33 PM,Derailment,0,CONCORDIA,KS,87.0,2,Day,Clear,Main,Freight Train,4,35000,100000,135000,T099,39.573880000000003,-97.661004000000005
CAGY,CAG518019,2019-11-26,4:45 AM,Derailment,0,COLUMBUS,MS,45.0,4,Dark,Clear,Industry,Freight Train,10,25000,10000,35000,T102,33.436653,-88.563147000000001
UP,0920GC010,2020-09-07,3:30 PM,Derailment,0,WESTWEGO,LA,92.0,2,Day,Clear,Industry,Freight Train,5,70741,81936,152677,T108,29.904996000000001,-90.129484000000005
CP,1001783636,2022-10-21,10:10 PM,Derailment,0,DUBUQUE,IA,47.0,4,Dark,Clear,Siding,Freight Train,10,249135,2074,251209,T210,42.493811000000001,-90.662003999999996
LSRC,D171030,2017-10-30,7:54 PM,Derailment,0,SAGINAW,MI,38.0,4,Dark,Cloudy,Industry,Freight Train,5,6000,65000,81000,T110,43.450333000000001,-83.937387000000001
CP,1000947630,2019-03-01,1:06 PM,Derailment,0,CARLOS,MN,12.0,2,Day,Clear,Main,Freight Train,33,353241,19892,373133,T201,45.972462,-95.292257000000006
BNSF,MT0715103,2015-07-14,5:30 PM,Derailment,0,BROCKTON,MT,73.0,3,Dusk,Clear,Main,Freight Train,22,83000,2389968,2472968,T109,48.146923999999999,-104.739543
UP,0919HL016,2019-09-14,1:52 AM,Derailment,0,KANSAS CITY,MO,67.0,4,Dark,Clear,Yard,Yard/switching,3,179416,59444,269812,T103,39.114004999999999,-94.487487000000002
CSX,000179537,2018-10-27,6:15 AM,Derailment,0,BROOKLYN,MD,52.0,4,Dark,Rain,Yard,Freight Train,7,37342,16699,54041,T207,39.241238000000003,-76.616702000000004
AGR,AGR781615,2015-10-29,12:40 PM,Derailment,0,COLUMBUS,MS,70.0,2,Day,Clear,Main,Freight Train,7,500,11391,11891,T399,33.430224000000003,-88.377461999999994
NS,136211,2019-11-16,4:05 AM,Other (describe in narrative),0,ATLANTA,GA,40.0,1,Dawn,Clear,Yard,Freight Train,6,3577,38744,42321,T111,33.793886999999998,-84.445407000000003
PAL,2023JAN1D,2023-01-06,4:05 PM,Derailment,0,LOUISVILLE,KY,45.0,3,Dusk,Clear,Industry,Freight Train,4,8100,44000,52100,T110,38.204948000000002,-85.792356999999996
BNSF,MT0818101,2018-08-02,2:35 PM,Derailment,0,CUT BANK,MT,86.0,2,Day,Clear,Main,Freight Train,18,81654,440000,521654,T109,48.640855000000002,-112.345631
BNSF,HL0217101,2017-02-09,12:59 AM,Derailment,0,QUINCY,IL,17.0,4,Dark,Clear,Yard,Yard/switching,10,7475,0,7475,T110,39.951982000000001,-91.418256
MNCW,82577,2024-05-20,4:44 PM,Other (describe in narrative),0,NORWALK,CT,69.0,2,Day,Clear,Main,EMU,30,63626,40000,103626,T404,41.102756999999997,-73.407769000000002
BNSF,HL0619114,2019-06-23,10:10 PM,Derailment,0,KANSAS CITY,MO,73.0,4,Dark,Clear,Yard,Freight Train,7,237000,240000,477000,T001,39.125149999999998,-94.586006999999995
CP,1000252284,2015-08-12,11:30 PM,Derailment,0,GLENWOOD,MN,71.0,4,Dark,Clear,Yard,Freight Train,8,403105,11750,414855,T319,45.648277999999998,-95.364610999999996
BNSF,HL0820119,2020-08-21,3:00 AM,Derailment,0,SAINT LOUIS,MO,67.0,4,Dark,Clear,Yard,Yard/switching,5,16544,4000,20544,T210,38.612005000000003,-90.304651000000007
KCS,20070707,2020-07-07,9:16 PM,Derailment,0,MERIDIAN,MS,74.0,4,Dark,Clear,Main,,0,0,15978,17598,T314,32.355035999999998,-88.728421999999995
BNSF,TC0523112,2023-05-27,1:10 PM,Derailment,0,SAUK RAPIDS,MN,80.0,2,Day,Clear,Yard,Freight Train,10,1215258,128000,1343258,T110,45.576949999999997,-94.155096
IC,892774,2016-06-26,2:10 AM,Derailment,0,JOHNSTON CITY,IL,71.0,4,Dark,Cloudy,Industry,Freight Train,2,85948,20000,105948,T102,37.842067,-88.830411999999995
BNSF,KS0423103,2023-04-05,4:15 PM,Derailment,0,KANSAS CITY,KS,50.0,2,Day,Clear,Yard,Yard/switching,3,2233,12360,14593,T314,39.084063999999998,-94.689485000000005
INRD,644285,2021-12-15,8:00 AM,Derailment,0,TERRE HAUTE,IN,54.0,2,Day,Cloudy,Industry,Freight Train,5,2500,20000,22500,T204,39.433621000000002,-87.395303999999996
GRS,20180703W1,2018-07-03,2:15 PM,Derailment,0,ROYALSTON,MA,95.0,2,Day,Clear,Main,Freight Train,24,7000,50000,57000,T109,42.629100000000001,-72.149100000000004
CRSH,142851,2021-09-14,7:06 PM,Derailment,0,DETROIT,MI,75.0,3,Dusk,Cloudy,Yard,Yard/switching,5,380,19286,19666,T314,42.316271999999998,-83.113827999999998
ATK,175464,2023-07-11,8:25 AM,Derailment,0,WASHINGTON,DC,82.0,2,Day,Clear,Main,Passenger Train - Pulling,9,275818,22996,298814,T308,38.884680000000003,-77.018320000000003
BNSF,TC0317105,2017-03-01,3:30 PM,Derailment,0,MINNEAPOLIS,MN,40.0,2,Day,Clear,Yard,Yard/switching,10,17244,1000,18244,T111,45.024464000000002,-93.267674999999997
MNR,617072,2022-10-18,8:41 PM,Derailment,0,ASHLAND,ME,62.0,4,Dark,Rain,Industry,Yard/switching,8,1883,25783,27666,T199,46.701574999999998,-68.488939000000002
CSX,000213688,2023-09-23,12:50 AM,Derailment,0,HYATTSVILLE,MD,65.0,4,Dark,Rain,Main,Freight Train,20,1063680,264237,1327917,T111,38.950347000000001,-76.941479000000001
MQT,MQT913721D,2021-10-22,9:01 PM,Derailment,0,BROHMAN,MI,44.0,4,Dark,Rain,Main,Freight Train,19,70552,44000,114552,T210,43.678710000000002,-85.810130000000001
WTA,20150204,2015-02-04,6:03 AM,Derailment,0,WICHITA,KS,32.0,4,Dark,Clear,Industry,Yard/switching,3,1246,11167,12413,T110,37.713312999999999,-97.330016999999998
UP,0421HL002,2021-04-06,1:04 PM,Derailment,0,KANSAS CITY,MO,77.0,2,Day,Clear,Yard,Yard/switching,4,3818,19800,23618,T113,39.122458000000002,-94.535088000000002
CSX,000171597,2017-09-12,2:15 PM,Derailment,0,FOREST CITY,NC,70.0,2,Day,Cloudy,Yard,Freight Train,5,10402,1660,12062,T210,35.372663000000003,-81.856125000000006
UP,1019GL011,2019-10-11,3:45 PM,Derailment,0,INVER GROVE HEIGHTS,MN,40.0,2,Day,Cloudy,Industry,Light loco(s),3,500,10300,10800,T111,44.780045999999999,-93.030540999999999
BNSF,HL0219106,2019-02-04,1:00 PM,Derailment,0,SPRINGFIELD,MO,41.0,2,Day,Cloudy,Yard,Freight Train,7,143070,75000,218070,T110,37.226407999999999,-93.334342000000007
LSRC,D200522,2020-05-22,10:30 AM,Derailment,0,BAY CITY,MI,65.0,2,Day,Clear,Yard,Freight Train,2,20370,0,20370,T101,43.619258000000002,-83.863169999999997
GRS,20230414B1,2023-04-14,3:40 PM,Derailment,0,FAIRFIELD,ME,77.0,2,Day,Clear,Main,Freight Train,10,36407,30000,66407,T205,44.615673999999999,-69.587360000000004
MNR,311219,2020-04-24,3:50 PM,Derailment,0,MADAWASKA,ME,0.0,2,Day,Clear,Main,Freight Train,7,8008,35000,43008,T113,47.356537000000003,-683.19218999999998
KCS,20092702,2020-09-27,8:33 PM,Derailment,0,SHREVEPORT,LA,77.0,4,Dark,Clear,Yard,Freight Train,2,2559,8596,11155,T210,32.525151999999999,-93.750179000000003
ALS,20210226,2021-02-26,12:40 PM,Derailment,0,EAST ST LOUIS,IL,49.0,2,Day,Clear,Yard,Freight Train,4,8500,1035,9535,T316,38.595744000000003,-90.156340999999998
CSX,000153755,2015-10-30,12:30 AM,Derailment,0,AVON,IN,45.0,4,Dark,Cloudy,Yard,Yard/switching,10,61345,1300,62645,T207,39.759222000000001,-86.353898999999998
WC,1061029,2021-02-09,6:49 PM,Derailment,0,ESCANABA,MI,-4.0,4,Dark,Clear,Main,Freight Train,25,689780,193989,883769,T319,45.764673999999999,-87.118039999999993
UP,0316PR021,2016-03-24,10:07 PM,Derailment,0,CHICAGO,IL,32.0,4,Dark,Cloudy,Yard,Freight Train,2,1622,51686,53308,T110,41.862673000000001,-87.675253999999995
CP,1001074269,2019-09-21,2:20 PM,Derailment,0,NORTHFIELD,MN,85.0,2,Day,Clear,Yard,Light loco(s),4,31544,0,31844,T314,44.403888000000002,-93.169443999999999
NOPB,NOPB00051F,2023-08-16,7:30 PM,Derailment,0,METAIRE,LA,91.0,3,Dusk,Clear,Main,Freight Train,8,100000,22000,122000,T110,29.966083000000001,-90.136446000000007
BNSF,MT0516104,2016-05-16,8:10 AM,Derailment,0,SHELBY,MT,60.0,2,Day,Clear,Main,Freight Train,27,289876,637382,927258,T102,48.417188000000003,-111.80941
UP,0719HL018,2019-07-25,1:45 PM,Derailment,0,KANSAS CITY,MO,84.0,2,Day,Cloudy,Yard,Yard/switching,3,148900,45441,194341,T103,39.113956000000002,-94.481311000000005
UP,0918TC019,2018-09-21,8:30 AM,Derailment,0,HARDY,IA,68.0,2,Day,Clear,Industry,Freight Train,8,6130,25693,31823,T110,42.810450000000003,-94.054798000000005
IC,1121121,2022-12-14,10:50 PM,Derailment,0,MAGEE,MS,40.0,4,Dark,Clear,Industry,Freight Train,3,35903,0,35903,T314,31.864564999999999,-89.71678
MNR,852147,2024-05-06,11:05 AM,Derailment,0,VAN BUREN,ME,55.0,2,Day,Cloudy,Yard,Yard/switching,3,624,55968,56592,T110,47.172505000000001,-67.94462
CSX,000215807,2024-01-29,11:11 PM,Derailment,0,FRAMINGHAM,MA,34.0,4,Dark,Cloudy,Yard,Freight Train,4,46465,277,46742,T206,42.278174999999997,-71.411034999999998
UP,0322HL011,2022-03-13,5:30 PM,Derailment,0,KANSAS CITY,MO,66.0,2,Day,Cloudy,Yard,Freight Train,4,172668,156395,329063,T111,39.121884999999999,-94.523999000000003
UP,0517KC015,2017-05-17,9:15 PM,Derailment,0,ST JOSEPH,MO,71.0,4,Dark,Clear,Yard,Yard/switching,9,47536,0,251176,T101,39.732523,-94.856522999999996
BNSF,PR0515113,2015-05-22,1:35 PM,Derailment,0,DECKER,MT,58.0,2,Day,Cloudy,Main,Freight Train,9,301235,579798,1004385,T101,45.028897000000001,-106.818955
KCT,UP230629,2023-06-29,2:45 PM,Derailment,0,KANSAS CITY,MO,91.0,2,Day,Clear,Main,,0,0,227000,597799,T108,39.095627,-94.536489000000003
NOPB,D20190110F,2019-01-10,4:45 AM,Derailment,0,NEW ORLEANS,LA,44.0,4,Dark,Clear,Yard,Freight Train,8,89000,0,98487,T103,30.005989,-90.019451000000004
UP,0318UT012,2018-03-14,4:50 PM,Derailment,0,AMERICAN FALLS,ID,32.0,2,Day,Snow,Industry,Freight Train,4,1725,28932,30657,T206,42.793667999999997,-112.853433
UP,0716TC003,2016-07-07,8:30 AM,Derailment,0,ROSEMOUNT,MN,85.0,2,Day,Cloudy,Industry,Freight Train,2,750,65896,66646,T110,44.791449,-93.044411999999994
CIC,D201915,2019-11-16,5:45 PM,Derailment,0,CEDAR RAPIDS,IA,37.0,2,Day,Clear,Yard,Freight Train,2,72320,0,72320,T210,41.980995999999998,-91.667400000000001
BNSF,HL0820119,2020-08-21,3:00 AM,Derailment,0,ST LOUIS,MO,67.0,4,Dark,Clear,Yard,Freight Train,4,0,0,20544,T210,38.612005000000003,-90.304651000000007
ALS,20190912,2019-09-12,11:40 AM,Derailment,0,EAST ST LOUIS,IL,92.0,2,Day,Clear,Yard,,0,0,1802,111459,T403,38.586100999999999,-90.113266999999993
MNR,155827,2019-05-21,11:23 PM,Derailment,0,OAKFIELD,ME,40.0,4,Dark,Clear,Main,Freight Train,10,133000,71549,204549,T101,46.336723999999997,-68.253832000000003
UP,0623GC028,2023-06-22,3:30 PM,Derailment,0,LENA,LA,93.0,2,Day,Clear,Industry,Freight Train,8,214308,150,214458,T319,31.404671,-92.716661000000002
GRS,10172016L1,2016-10-17,4:00 PM,Derailment,0,NORTH BILLERICA,MA,70.0,2,Day,Clear,Industry,Freight Train,2,25351,748,26099,T106,42.586328999999999,-71.261594000000002
GRS,20170227W1,2017-02-27,7:00 AM,Derailment,0,CHARLEMONT,MA,40.0,1,Dawn,Clear,Main,Freight Train,20,152000,40004,192004,T203,42.622915999999996,-72.874250000000004
CSX,000143691,2015-03-24,11:40 AM,Derailment,0,OTTAWA,IL,35.0,2,Day,Cloudy,Yard,Freight Train,8,584507,0,699862,T110,41.35436,-88.831208000000004
KCS,14121702,2014-12-17,5:55 AM,Derailment,0,SHREVEPORT,LA,38.0,4,Dark,Clear,Yard,Freight Train,4,12650,8852,21502,T110,32.535057999999999,-93.836100000000002
ATK,158327,2019-04-03,9:55 AM,Derailment,0,BEECH GROVE,IN,51.0,2,Day,Cloudy,Yard,Light loco(s),10,14662,2764,17426,T113,39.719721999999997,-86.077777999999995
UP,0815TC020,2015-08-31,12:20 PM,Derailment,0,ST JAMES,MN,82.0,2,Day,Clear,Yard,Yard/switching,4,30981,10000,40981,T110,43.980324000000003,-94.639685999999998
MNN,MNN522024,2024-05-02,5:35 PM,Derailment,0,CROOKSTON,MN,54.0,2,Day,Cloudy,Yard,Freight Train,8,10000,25000,35000,T110,47.751300000000001,-96.617649999999998
CSX,000151186,2015-08-24,9:45 PM,Side collision,0,CUMBERLAND,MD,78.0,4,Dark,Clear,Yard,Cut of cars,2,50880,0,74187,T305,39.630490999999999,-78.755437999999998
CP,1000338729,2016-01-26,9:43 PM,Derailment,1,BROWNSVILLE,MN,21.0,4,Dark,Clear,Main,Freight Train,28,852463,145490,997953,T299,43.65296,-91.274950000000004
UP,0816KC019,2016-08-22,12:40 PM,Derailment,0,ST JOSEPH,MO,79.0,2,Day,Clear,Industry,Yard/switching,5,736,22544,23280,T001,39.712198000000001,-94.877094999999997
CP,1001661326,2022-03-12,5:21 AM,Derailment,0,MINNEISKA,MN,-2.0,4,Dark,Clear,Main,Freight Train,46,62292,3155,65447,T202,44.194485,-91.870406000000003
UP,0522GL011,2022-05-07,6:15 AM,Derailment,0,COUNCIL BLUFFS,IA,50.0,1,Dawn,Clear,Yard,Freight Train,5,63505,1290,64795,T207,41.250089000000003,-95.883353
UP,0522GL033,2022-05-20,9:30 PM,Derailment,0,COUNCIL BLUFFS,IA,59.0,4,Dark,Cloudy,Yard,Freight Train,8,5078,70718,75796,T309,41.244928000000002,-95.881493000000006
UP,0816SL008,2016-08-11,8:44 AM,Derailment,0,STEELEVILLE,IL,80.0,2,Day,Clear,Main,Freight Train,30,890602,75911,966513,T207,37.992379999999997,-89.689537000000001
MNNR,0423001,2023-04-06,12:20 AM,Derailment,0,ST PAUL,MN,25.0,4,Dark,Clear,Industry,Yard/switching,5,0,41490,41490,T110,44.984054,-93.205629000000002
NS,117942,2015-10-27,12:25 PM,Derailment,0,NEW ORLEANS,LA,75.0,2,Day,Cloudy,Yard,Freight Train,10,12800,4500,17300,T207,29.974938000000002,-90.044894999999997
GRS,20200121P1,2020-01-21,10:51 AM,Derailment,0,LOWELL,MA,10.0,2,Day,Clear,Main,Freight Train,10,8500,0,136569,T199,42.626525000000001,-71.304288999999997
NPR,DR091701,2017-09-25,4:15 PM,Derailment,0,WARREN,MN,50.0,2,Day,Clear,Industry,Freight Train,4,23390,14525,37915,T110,48.191946999999999,-96.766914999999997
CSX,000173421,2017-12-13,7:30 AM,Derailment,0,TAUNTON,MA,24.0,1,Dawn,Cloudy,Main,Freight Train,8,1000,0,490240,T315,41.874541999999998,-71.069209000000001
UP,0616TC011,2016-06-27,12:35 PM,Derailment,0,GRUVER,IA,78.0,2,Day,Clear,Industry,Light loco(s),6,250,34925,35175,T110,43.392429999999997,-94.705240000000003
LAS,161015001,2016-10-15,9:30 PM,Derailment,0,MINDEN,LA,80.0,4,Dark,Clear,Yard,Freight Train,10,90000,23703,113703,T110,32.611527000000002,-93.293362000000002
BNSF,CH0518108,2018-05-27,1:44 PM,Derailment,0,OTTUMWA,IA,100.0,2,Day,Clear,Main,Freight Train,24,1536181,450000,1986181,T109,41.051808999999999,-92.475009
UP,1221HL016,2021-12-19,3:55 AM,Derailment,0,MARSHALL,MO,17.0,4,Dark,Clear,Main,Cut of cars,0,249333,0,1370854,T207,39.054358000000001,-93.086855999999997
BNSF,HL0817122,2017-08-26,3:00 PM,Derailment,0,LEMAY,MO,85.0,2,Day,Clear,Main,Freight Train,23,347602,400000,747602,T109,38.497515,-90.345141999999996
UP,0117KC007,2017-01-14,9:13 PM,Derailment,0,KANSAS CITY,MO,31.0,4,Dark,Sleet,Yard,Yard/switching,6,12777,2083,14860,T111,39.116821000000002,-94.555552000000006
NS,134594,2019-07-05,1:22 AM,Derailment,0,WENTZVILLE,MO,72.0,4,Dark,Cloudy,Yard,Freight Train,5,34408,2125,36533,T309,38.812018000000002,-90.828952999999998
BNSF,TC1119110,2019-11-25,12:55 AM,Derailment,0,ULEN,MN,39.0,4,Dark,Cloudy,Industry,Freight Train,10,46420,0,46420,T202,47.051647000000003,-96.258110000000002
CA,CAR995122,2022-07-22,3:30 PM,Derailment,0,ELIZABETH CITY,NC,96.0,2,Day,Clear,Industry,Yard/switching,5,0,39351,39351,T205,36.314002000000002,-76.206483000000006
BNSF,CH1118110,2018-11-26,4:45 PM,Derailment,0,CICERO,IL,20.0,2,Day,Snow,Yard,Freight Train,4,87250,500,87750,T207,41.844054,-87.745643999999999
ISRR,ISR965221R,2021-12-23,3:16 PM,Derailment,0,LYNNVILLE,IN,55.0,2,Day,Cloudy,Industry,Freight Train,5,96000,51168,147168,T113,38.185192000000001,-87.334000000000003
ATK,166320,2021-02-01,4:30 PM,Derailment,0,WASHINGTON,DC,32.0,4,Dark,Sleet,Yard,Light loco(s),9,74953,2351,77304,T311,38.909999999999997,-76.980000000000004