reportingrailroadcode,accidentnumber,date,time,accidenttype,hazmatreleasedcars,station,stateabbr,temperature,visibility_code,visibility,weathercondition,tracktype,equipmenttype,trainspeed,equipmentdamagecost,trackdamagecost,totaldamagecost,primaryaccidentcausecode,latitude,longitude
UP,0723GL017,2023-07-09,6:00 PM,Derailment,0,ST PAUL,MN,85.0,3,Dusk,Clear,Yard,Yard/switching,6,6238,10560,16798,T202,44.944530999999998,-93.057265000000001
UP,0622HL015,2022-06-17,5:16 PM,Derailment,0,LAWRENCE,KS,96.0,2,Day,Cloudy,Main,Freight Train,38,1099160,972108,2071268,T207,39.018844000000001,-95.233998
KCS,14122801,2014-12-28,6:20 AM,Derailment,0,LEESVILLE,LA,45.0,1,Dawn,Cloudy,Main,Freight Train,23,227835,420059,647894,T099,31.074926999999999,-93.269767999999999
NS,151805,2022-12-23,11:05 AM,Other (describe in narrative),0,MERIDIAN,MS,14.0,2,Day,Clear,Main,Freight Train,10,8000,7700,15700,T307,32.359527999999997,-88.711267000000007
UP,1221HL016,2021-12-19,3:55 AM,Derailment,0,MARSHALL,MO,17.0,4,Dark,Clear,Main,Freight Train,40,519530,601991,1370854,T207,39.054358000000001,-93.086855999999997
ATK,173324,2022-12-23,5:30 PM,Other (describe in narrative),0,ELKRIDGE,MD,14.0,3,Dusk,Clear,Main,Passenger Train - Pulling,0,38470,34729,73199,T404,39.210191000000002,-76.695677000000003
KCS,19062702,2019-06-27,12:15 PM,Derailment,0,MERIDIAN,MS,90.0,2,Day,Clear,Main,Freight Train,8,14889,5245,244134,T319,32.366343999999998,-88.690894999999998
BNSF,MT0616108,2016-06-21,1:10 PM,Derailment,0,GREAT FALLS,MT,60.0,2,Day,Clear,Main,Freight Train,9,303399,60000,363399,T399,47.595503999999998,-111.150769
BNSF,HL0720102,2020-07-04,2:57 AM,Derailment,0,CLARKSVILLE,MO,75.0,4,Dark,Clear,Main,Freight Train,8,585299,780000,1365299,T001,39.415804000000001,-90.980217999999994
UP,0821GC004,2021-08-02,1:00 PM,Derailment,0,WESTLAKE,LA,86.0,2,Day,Cloudy,Yard,Freight Train,8,7293,9159,16452,T110,30.238073,-93.287729999999996
UP,0719MA045,2019-07-25,1:42 PM,Derailment,0,DE SOTO,MO,85.0,2,Day,Clear,Main,Freight Train,22,18707,2520,21227,T001,38.123438999999998,-90.560908999999995
IC,963159,2018-06-19,1:45 PM,Derailment,0,MONTICELLO,MS,89.0,2,Day,Clear,Main,Freight Train,4,31880,130000,161880,T101,31.517679000000001,-90.090808999999993
UP,1116SL003,2016-11-02,2:40 PM,Derailment,0,BLOOMFIELD,MO,70.0,2,Day,Clear,Industry,Freight Train,4,11968,3230,15198,T111,36.962415999999997,-89.866698
BNSF,HL0618110,2018-06-18,11:56 PM,Derailment,0,LOUISIANA,MO,75.0,4,Dark,Clear,Industry,Freight Train,2,750,30000,30750,T308,39.431176999999998,-91.031098999999998
PGR,09212019,2019-09-21,2:20 PM,Derailment,0,NORTHFIELD,MN,85.0,2,Day,Clear,Yard,Light loco(s),4,0,300,31844,T314,44.403888000000002,-93.169443999999999
KCS,19072903,2019-07-29,4:29 PM,Derailment,0,ARTESIA,MS,90.0,2,Day,Clear,Industry,Freight Train,8,3210,8285,11495,T108,33.427219999999998,-88.604416000000001
MNR,700997,2023-05-07,5:20 PM,Derailment,0,MADAWASKA,ME,70.0,2,Day,Clear,Yard,Freight Train,9,4667,29294,33961,T399,47.353526000000002,-68.301748000000003
CMR,02162018,2018-02-16,4:00 PM,Derailment,0,LABADIE,MO,39.0,2,Day,Cloudy,Main,Freight Train,10,0,51140,51140,T205,38.528941000000003,-90.850136000000006
BNSF,KS0224104,2024-02-08,12:00 PM,Derailment,0,HUTCHINSON,KS,59.0,2,Day,Clear,Yard,Yard/switching,10,3859,11647,15506,T111,38.047528999999997,-97.861547999999999
NS,142207,2021-07-15,11:14 AM,Derailment,0,MELVINDALE,MI,76.0,2,Day,Clear,Yard,Yard/switching,5,199042,13745,212787,T110,42.273904000000002,-83.191023999999999
UP,1018KC001,2018-10-04,3:25 AM,Derailment,0,ST JOSEPH,MO,55.0,4,Dark,Cloudy,Yard,Freight Train,9,85078,230512,315590,T207,39.731138999999999,-94.868532999999999
BNSF,TC0915113,2015-09-23,10:25 AM,Derailment,0,DULUTH,MN,52.0,2,Day,Rain,Industry,Yard/switching,6,9000,6000,15000,T110,46.760953999999998,-92.106765999999993
MRL,2019093,2019-08-05,4:00 PM,Derailment,0,HELENA,MT,90.0,2,Day,Clear,Yard,Freight Train,10,180000,184240,364240,T307,46.591763999999998,-111.95088699999999
UP,0122GL013,2022-01-23,1:50 AM,Derailment,0,ST PAUL,MN,2.0,4,Dark,Cloudy,Yard,Freight Train,5,11487,8568,20055,T314,44.942667999999998,-93.051624000000004
BNSF,HL0620119,2020-06-24,1:48 PM,Derailment,0,NORTH KANSAS CITY,MO,85.0,2,Day,Clear,Yard,Freight Train,10,52990,149448,202438,T110,39.137242000000001,-94.586433
EMRY,693884,2023-04-24,1:15 PM,Derailment,0,SEBOEIS,ME,44.0,2,Day,Rain,Siding,Yard/switching,8,3000,30997,33997,T199,45.331412,-68.819826000000006
UP,0117TC005,2017-01-20,12:55 PM,Derailment,0,INVER GROVE HEIGHTS,MN,37.0,2,Day,Cloudy,Industry,Freight Train,6,770,23971,24741,T314,44.796419,-93.044096999999994
BNSF,CH0815110,2015-08-28,7:40 AM,Derailment,0,ROTHVILLE,MO,64.0,1,Dawn,Clear,Yard,Freight Train,9,22500,85222,107722,T314,39.699739999999998,-92.962252000000007
NS,138454,2020-07-07,9:30 PM,Derailment,0,MERIDIAN,MS,75.0,4,Dark,Clear,Main,Freight Train,3,315,1305,17598,T314,32.360689999999998,-88.700852999999995
UP,0316SL003,2016-03-17,6:10 AM,Derailment,0,EAST ST LOUIS,IL,41.0,4,Dark,Cloudy,Yard,Freight Train,4,12887,0,13387,T207,38.637647000000001,-90.131041999999994
WC,1073272,2021-06-10,3:52 PM,Derailment,0,MEADOWLANDS,MN,87.0,2,Day,Clear,Siding,Freight Train,14,358963,205000,563963,T109,47.104408999999997,-92.599091999999999
CSX,000158357,2016-03-22,5:19 AM,Derailment,0,WALPOLE,MA,35.0,1,Dawn,Cloudy,Yard,Freight Train,7,750,636,28034,T110,42.144700999999998,-71.257938999999993
BNSF,MT0115101,2015-01-09,8:30 AM,Derailment,0,WHITEFISH,MT,6.0,1,Dawn,Clear,Yard,Freight Train,8,21000,39000,60000,T110,48.413708999999997,-114.33050299999999
TZPR,TZP271019O,2019-12-08,3:00 PM,Derailment,0,BARTONVILLE,IL,47.0,2,Day,Clear,Main,,0,0,41000,53274,T108,40.628734000000001,-89.652911000000003
ABS,160922001,2016-09-22,2:40 AM,Derailment,0,REFORM,AL,66.0,4,Dark,Clear,Main,Freight Train,8,123000,40000,163000,T207,33.373755000000003,-88.004272999999998
UP,0319HL024,2019-03-17,4:00 AM,Derailment,0,KANSAS CITY,MO,38.0,1,Dawn,Clear,Yard,Freight Train,4,2997,55233,58230,T201,39.120322000000002,-94.529404
NS,128964,2018-03-24,10:20 PM,Derailment,0,KANSAS CITY,MO,42.0,4,Dark,Cloudy,Main,,0,0,76703,1306736,T207,39.157077000000001,-94.477374999999995
KCS,17060703,2017-06-07,8:20 PM,Derailment,0,KANSAS CITY,MO,80.0,3,Dusk,Clear,Main,Freight Train,10,143749,41351,294323,T308,39.113734000000001,-94.480519999999999
CSX,000188718,2020-02-26,6:19 PM,Derailment,0,EAST CHICAGO,IN,29.0,3,Dusk,Snow,Main,Freight Train,37,2381526,277927,2962453,T201,41.630077999999997,-87.431967999999998
BNSF,HL0522107,2022-05-04,8:57 PM,Derailment,0,NORTH KANSAS CITY,MO,62.0,3,Dusk,Cloudy,Yard,Freight Train,6,125044,49661,174705,T202,39.157907999999999,-94.592488000000003
HOG,HOG611923R,2023-11-22,8:35 AM,Derailment,0,AMERICUS,GA,60.0,2,Day,Clear,Yard,Freight Train,8,10000,0,10000,T207,32.073801000000003,-84.240140999999994
BNSF,TC0519105,2019-05-12,2:00 PM,Derailment,0,JOHNSON,MN,57.0,2,Day,Clear,Main,Freight Train,10,74526,175000,249526,T001,45.574362000000001,-96.299679999999995
BNSF,TC0315110,2015-03-08,4:30 AM,Derailment,0,MINNEAPOLIS,MN,30.0,4,Dark,Clear,Yard,Yard/switching,8,33473,329231,362704,T206,45.019747000000002,-93.262820000000005
BNSF,HL1220117,2020-12-27,11:20 AM,Derailment,0,NORTH KANSAS CITY,MO,35.0,2,Day,Clear,Yard,Freight Train,8,257787,150000,407787,T307,39.151249,-94.586262000000005
LSRC,D221230,2022-12-30,3:35 PM,Derailment,0,FLINT,MI,47.0,2,Day,Rain,Yard,Light loco(s),7,0,22000,22000,T110,43.070717999999999,-83.678353999999999
UP,0423GL002,2023-04-02,8:15 AM,Derailment,0,SOUTH ST PAUL,MN,36.0,2,Day,Cloudy,Yard,Freight Train,7,5521,58980,64501,T110,44.899130999999997,-93.037762999999998
BNSF,MT0318103,2018-03-13,10:20 AM,Derailment,0,HAVRE,MT,10.0,2,Day,Cloudy,Yard,Light loco(s),8,14473,800,15273,T319,48.553964999999998,-109.669397
NS,116774,2015-08-02,6:00 AM,Derailment,0,WENTZVILLE,MO,72.0,1,Dawn,Clear,Yard,Freight Train,3,10450,8874,19324,T206,38.803896000000002,-90.890533000000005
BNSF,TC0917109,2017-09-25,2:15 AM,Derailment,0,FLORENCE,MN,65.0,4,Dark,Rain,Yard,Freight Train,9,88000,0,118000,T303,44.268467999999999,-96.015713000000005
KAW,211130004,2021-11-30,7:45 PM,Derailment,0,NORTH KANSAS CITY,MO,45.0,4,Dark,Clear,Yard,Cut of cars,0,16000,0,63000,T309,39.12612,-94.574789999999993
MCRL,MC171213A,2017-12-13,7:30 AM,Derailment,0,TAUNTON,MA,24.0,1,Dawn,Cloudy,Main,,0,0,489240,490240,T315,41.872456999999997,-71.066804000000005
UP,0919HL016,2019-09-14,1:52 AM,Derailment,0,KANSAS CITY,MO,67.0,4,Dark,Clear,Yard,Freight Train,0,27183,0,269812,T103,39.114004999999999,-94.481487000000001
UP,0418KC028,2018-04-27,12:30 AM,Derailment,0,NORTH KANSAS CITY,MO,55.0,4,Dark,Cloudy,Yard,Work train,8,1250,0,62250,T319,39.125275000000002,-94.496550999999997
BNSF,PR0515113,2015-05-22,1:35 PM,Derailment,0,DECKER,MT,58.0,2,Day,Cloudy,Main,Cut of cars,0,123352,0,1004385,T101,45.028897000000001,-106.818955
MDS,20021701,2020-02-07,12:08 PM,Derailment,0,QUITMAN,MS,61.0,2,Day,Cloudy,Main,Freight Train,6,290000,135000,425000,T202,32.010992999999999,-88.726367999999994
MDDE,CV040422D,2022-04-04,1:20 PM,Derailment,0,MILLINGTON,MD,55.0,2,Day,Clear,Main,Freight Train,7,24000,33000,57000,T110,39.253306000000002,-75.839556000000002
BNSF,CH0716102,2016-07-06,10:20 AM,Derailment,0,CHICAGO,IL,90.0,2,Day,Clear,Yard,Freight Train,10,7000,148959,155959,T110,41.841002000000003,-87.763253000000006
CSX,000208428,2022-11-20,3:39 AM,Derailment,0,CUMBERLAND,MD,27.0,4,Dark,Clear,Yard,Freight Train,9,61115,1501,62616,T315,39.644506999999997,-78.760868000000002
CSX,000151186,2015-08-24,9:45 PM,Side collision,0,CUMBERLAND,MD,78.0,4,Dark,Clear,Yard,Yard/switching,4,23257,50,74187,T305,39.630490999999999,-78.755437999999998
ATK,174807,2023-05-22,10:45 AM,Derailment,0,WASHINGTON,DC,65.0,2,Day,Clear,Main,Passenger Train - Pulling,13,90093,9537,99630,T314,38.895685,-77.006268000000006
CMR,01152020,2020-01-15,3:55 PM,Derailment,0,MARYLAND HEIGHTS,MO,50.0,2,Day,Cloudy,Main,Freight Train,10,32500,7320,39820,T101,38.691661000000003,-90.500630999999998
MNBR,MNB169618,2018-02-10,11:45 AM,Derailment,0,MERIDIAN,MS,65.0,2,Day,Cloudy,Main,Freight Train,11,8440,4000,12440,T110,32.306547999999999,-88.625983000000005
GLC,070722,2022-07-07,4:00 PM,Derailment,0,ASHLEY,MI,87.0,2,Day,Clear,Main,Freight Train,7,500000,24000,524000,T109,43.182777999999999,-84.505832999999996
CSX,000206277,2022-07-23,4:30 PM,Derailment,0,LOUISVILLE,KY,98.0,2,Day,Clear,Yard,Cut of cars,1,330076,23761,497209,T102,38.160739999999997,-85.749135999999993
KCS,15012403,2015-01-24,8:15 PM,Derailment,0,SHREVEPORT,LA,40.0,4,Dark,Clear,Yard,Yard/switching,3,8990,17721,26711,T205,32.616110999999997,-93.846666999999997
MNNR,0815001,2015-08-01,9:00 AM,Derailment,0,MINNEAPOLIS,MN,70.0,2,Day,Clear,Industry,Yard/switching,4,837,17343,18180,T105,44.975191000000002,-93.214470000000006
UP,0115WH004,2015-01-12,8:45 AM,Derailment,0,COFFEYVILLE,KS,23.0,2,Day,Cloudy,Yard,Yard/switching,5,26470,0,27510,T101,37.031067999999998,-95.615764999999996
VSOR,D650614,2014-11-23,3:00 PM,Derailment,0,VICKSBURG,MS,66.0,2,Day,Cloudy,Main,Freight Train,9,22777,13500,36277,T206,32.533977,-90.773604000000006
UP,0823GL045,2023-08-26,3:30 PM,Derailment,0,MISSOURI VALLEY,IA,81.0,2,Day,Clear,Main,Freight Train,19,80366,85880,166246,T101,41.558683000000002,-96.030855000000003
BNSF,KS0724107,2024-07-20,12:27 AM,Derailment,0,OTTAWA,KS,65.0,4,Dark,Cloudy,Main,Freight Train,52,1850289,641000,2491289,T204,38.621251999999998,-95.337884000000003
BNSF,KS0217113,2017-02-28,1:30 AM,Derailment,0,KANSAS CITY,KS,63.0,4,Dark,Cloudy,Yard,Yard/switching,7,71197,3150,74347,T110,39.085196000000003,-94.689572999999996
BNSF,HL1018117,2018-10-24,9:36 AM,Derailment,0,WESTON,MO,50.0,2,Day,Clear,Industry,Freight Train,7,132311,0,132311,T113,39.432231000000002,-94.948908000000003
BNSF,CH1118111,2018-11-28,12:55 PM,Derailment,0,EOLA,IL,32.0,2,Day,Clear,Yard,Freight Train,8,75000,77600,152600,T111,41.774711000000003,-88.246161999999998
CIC,D202312,2023-12-27,3:00 PM,Derailment,0,CEDAR RAPIDS,IA,39.0,2,Day,Cloudy,Industry,Yard/switching,3,13573,0,13573,T113,41.969188000000003,-91.667869999999994
UP,0723GL013,2023-07-08,4:50 AM,Derailment,0,SHAKOPEE,MN,57.0,1,Dawn,Clear,Yard,Yard/switching,7,4331,9884,14215,T311,44.788805000000004,-93.417569
MNA,MNA370519,2019-02-28,11:45 PM,Derailment,0,JOPLIN,MO,25.0,4,Dark,Cloudy,Yard,Freight Train,7,2887,21600,24487,T110,37.071978000000001,-94.536188999999993
KAW,220220001,2022-02-20,7:30 AM,Derailment,0,NORTH KANSAS CITY,MO,55.0,1,Dawn,Clear,Industry,Yard/switching,5,0,28000,28000,T001,39.123562999999997,-94.574815000000001
UP,0320GL019,2020-03-23,2:03 PM,Derailment,0,MENDOTA,MN,39.0,2,Day,Cloudy,Main,Freight Train,25,10406,234875,245281,T001,44.868456000000002,-93.175023999999993
CSX,000153435,2015-10-18,3:50 AM,Derailment,0,EVANSVILLE,IN,31.0,1,Dawn,Clear,Main,Freight Train,6,35015,11994,47009,T207,37.943015000000003,-87.627508000000006
UP,0622HL023,2022-06-24,6:04 PM,Derailment,0,BONNER SPRINGS,KS,88.0,3,Dusk,Clear,Main,Freight Train,38,1035391,546120,1581511,T207,39.013708999999999,-94.908756999999994
UP,1019GL029,2019-10-30,1:04 PM,Derailment,0,ST PAUL,MN,33.0,2,Day,Cloudy,Industry,Freight Train,4,1389,9410,10799,T111,44.758277999999997,-93.024415000000005
NS,132817,2019-02-12,1:30 PM,Derailment,0,NORTH KANSAS CITY,MO,38.0,2,Day,Clear,Yard,Work train,5,4704,60633,65337,T110,39.146504,-94.548901999999998
BNSF,HL0520109,2020-05-30,3:38 AM,Derailment,0,NORTH KANSAS CITY,MO,60.0,4,Dark,Clear,Yard,Freight Train,10,25000,1000,26000,T311,39.133907000000001,-94.585232000000005
UP,0224GL038,2024-02-27,11:45 PM,Derailment,0,SALIX,IA,12.0,4,Dark,Cloudy,Main,Freight Train,24,529160,51005,580165,T202,42.279511999999997,-96.264218
SLRG,SL191219A,2019-12-19,4:45 PM,Derailment,0,BATESVILLE,MS,40.0,3,Dusk,Clear,Main,Passenger Train - Pulling,14,7500,0,41225,T205,34.274554000000002,-89.939121999999998
GLC,GLC031316D,2016-03-13,9:30 AM,Derailment,0,HOWELL,MI,45.0,2,Day,Rain,Main,Freight Train,32,537906,24900,562806,T207,42.642454000000001,-83.942273
TPW,TPW270919D,2019-12-08,3:00 PM,Derailment,0,BARTONVILLE,IL,47.0,2,Day,Clear,Main,Freight Train,5,12274,0,53274,T108,40.628734000000001,-89.652911000000003
SKOL,240711005,2024-07-11,3:00 PM,Derailment,0,CHERRYVALE,KS,94.0,2,Day,Clear,Main,Freight Train,9,517884,63000,580884,T109,37.204152999999998,-95.567708999999994
GRYR,GR013019,2019-01-30,9:50 AM,Derailment,0,BATESVILLE,MS,0.0,2,Day,Clear,Siding,Freight Train,7,128600,7012,135612,T001,34.306514,-89.959219000000004
UP,0618KC006,2018-06-05,4:04 PM,Derailment,0,KANSAS CITY,MO,88.0,2,Day,Clear,Yard,Yard/switching,2,159,17230,17389,T319,39.121046999999997,-94.510371000000006
UP,0723GL001,2023-07-02,3:43 PM,Derailment,0,KIESTER,MN,82.0,2,Day,Clear,Main,Freight Train,23,407633,225808,633441,T109,43.527258000000003,-93.691306999999995
CSX,000155846,2016-01-08,1:45 AM,Derailment,0,WEST SPRINGFIELD,MA,23.0,4,Dark,Clear,Yard,Freight Train,7,22642,1052,23694,T311,42.098671000000003,-72.620755000000003
UP,1022GL013,2022-10-14,6:17 AM,Derailment,0,DES MOINES,IA,34.0,1,Dawn,Clear,Yard,Yard/switching,9,29807,53850,83657,T207,41.589551999999998,-93.570341999999997
UP,0423MA048,2023-04-30,11:38 PM,Derailment,0,ST LOUIS,MO,54.0,4,Dark,Cloudy,Main,Freight Train,16,10196,53600,63796,T303,38.627802000000003,-90.245266999999998
IC,979449,2018-11-20,10:30 AM,Derailment,0,CAIRO,IL,32.0,2,Day,Cloudy,Yard,Freight Train,5,39650,22897,62547,T110,37.022218000000002,-89.181209999999993
BNSF,TC0719119,2019-07-31,8:25 PM,Derailment,0,HULL,IA,75.0,3,Dusk,Clear,Main,Freight Train,36,2323135,341000,2664135,T001,43.226886999999998,-96.167737000000002
HESR,HES473917O,2017-10-30,7:54 PM,Derailment,0,SAGINAW,MI,40.0,4,Dark,Cloudy,Main,,0,0,10000,81000,T110,43.444189999999999,-83.944366000000002
NS,119604,2016-03-04,12:45 PM,Derailment,0,HOMER,IL,36.0,2,Day,Clear,Industry,Freight Train,3,29734,4000,33734,T110,40.03548,-87.950359000000006
RCPE,RCP830124D,2024-06-14,4:23 PM,Derailment,0,FLORENCE,MN,82.0,2,Day,Clear,Main,Freight Train,39,60000,600000,660000,T109,44.261932999999999,-96.033315000000002
CSX,000172164,2017-10-12,10:30 PM,Derailment,0,DEARBORN,MI,52.0,4,Dark,Cloudy,Yard,Yard/switching,7,24383,1500,25883,T311,42.310679,-83.155390999999995
NS,129220,2018-04-21,11:20 AM,Derailment,0,KANSAS CITY,MO,72.0,2,Day,Clear,Yard,Light loco(s),6,54,12028,12082,T110,39.178251000000003,-94.440504000000004
UP,0517LV037,2017-05-27,2:20 AM,Derailment,0,HAHNVILLE,LA,81.0,4,Dark,Clear,Industry,Light loco(s),7,18620,400,19020,T314,29.973448000000001,-90.446670999999995
IR,IR213059,2021-11-22,11:10 AM,Derailment,0,PERU,IL,38.0,2,Day,Clear,Main,Yard/switching,8,59400,10500,69900,T102,41.375276999999997,-89.179721999999998
UP,0421GL005,2021-04-10,1:05 PM,Derailment,0,ST PAUL,MN,48.0,2,Day,Cloudy,Yard,Freight Train,1,37579,122029,159608,T206,44.937896000000002,-93.047842000000003
NS,132795,2019-02-11,3:50 AM,Derailment,0,HALFWAY,MD,30.0,4,Dark,Sleet,Industry,Freight Train,6,4479,144388,148867,T111,39.631109000000002,-77.756027000000003
BEAR,BER641823R,2023-12-19,12:33 PM,Derailment,0,GREENFIELD,MA,42.0,2,Day,Clear,Industry,Freight Train,2,0,21250,21250,T110,42.572082999999999,-72.581638999999996
UP,0222MA026,2022-02-15,9:05 AM,Derailment,0,BLOOMFIELD,MO,54.0,2,Day,Clear,Main,Freight Train,35,24851,656554,681405,T318,36.949995000000001,-89.868969000000007
VSOR,210421004,2021-04-21,4:00 PM,Derailment,0,VICKSBURG,MS,75.0,2,Day,Clear,Main,Freight Train,10,17500,62628,80128,T102,32.426701999999999,-90.825871000000006
UP,0524GL021,2024-05-18,2:08 PM,Derailment,0,LIVERMORE,IA,85.0,2,Day,Clear,Main,Freight Train,27,8417,404999,413416,T108,42.853135000000002,-94.170074
UP,0616SL002,2016-06-03,2:30 AM,Derailment,0,METROPOLIS,IL,67.0,4,Dark,Cloudy,Industry,Freight Train,9,163171,5000,218171,T207,37.203837999999998,-88.793223999999995
NS,135541,2019-06-27,12:15 PM,Derailment,0,MERIDIAN,MS,90.0,2,Day,Clear,Main,,0,0,224000,244134,T319,32.366343999999998,-88.690894999999998
GRS,20161218X1,2016-12-18,2:40 AM,Derailment,0,BUCKLAND,MA,27.0,4,Dark,Rain,Main,Freight Train,7,19700,50000,69700,T002,42.596994000000002,-72.739604999999997
BNSF,HL1117107,2017-11-12,8:47 AM,Derailment,0,WATSON,MO,39.0,1,Dawn,Clear,Industry,Freight Train,8,418856,41100,459956,T101,40.568351999999997,-95.651871999999997
NS,128409,2018-02-06,12:45 AM,Derailment,0,MOBERLY,MO,8.0,4,Dark,Snow,Yard,Freight Train,10,14850,7827,22677,T313,39.421993999999998,-92.437622000000005
NS,135039,2019-08-08,4:56 PM,Derailment,0,WENTZVILLE,MO,85.0,3,Dusk,Clear,Yard,Freight Train,4,2463,20818,23281,T317,38.809845000000003,-90.810653000000002
UP,0621HL014,2021-06-19,4:42 PM,Derailment,0,KANSAS CITY,MO,92.0,2,Day,Clear,Yard,Yard/switching,1,1665,37720,39385,T403,39.122570000000003,-94.535086000000007
BNSF,MT0116102,2016-01-14,11:23 PM,Derailment,0,BRADY,MT,20.0,4,Dark,Clear,Siding,Freight Train,10,115611,217201,332812,T111,48.033428000000001,-111.83951399999999
CSX,000211232,2023-05-09,12:20 PM,Derailment,0,NEW ORLEANS,LA,78.0,2,Day,Cloudy,Yard,Freight Train,4,40132,5025,45157,T207,30.006012999999999,-90.019469999999998
IC,1102092,2022-04-13,7:20 AM,Raking collision,0,CANTON,MS,76.0,1,Dawn,Clear,Main,Spec. MoW Equip.,8,15000,0,15000,T499,32.554811000000001,-90.068124999999995
NS,135536,2019-09-18,1:00 AM,Derailment,0,DETROIT,MI,65.0,4,Dark,Clear,Yard,Freight Train,6,600,24430,25030,T311,42.293424999999999,-83.128861999999998
BNSF,MT0715105,2015-07-16,5:54 PM,Derailment,5,CULBERTSON,MT,84.0,3,Dusk,Clear,Main,Freight Train,44,1831011,916857,2747868,T109,48.143765000000002,-104.380785
ATK,153947,2018-06-07,6:40 PM,Derailment,0,HAMDEN,CT,67.0,3,Dusk,Clear,Yard,,0,0,12000,12000,T399,41.33079,-72.894661999999997
BNSF,NE1214105,2014-12-08,12:55 PM,Derailment,0,KANSAS CITY,MO,35.0,2,Day,Clear,Yard,Freight Train,4,77498,30000,107498,T110,39.137551999999999,-94.586608999999996
PW,PWR651818D,2018-05-02,11:40 PM,Derailment,0,WORCESTER,MA,50.0,4,Dark,Clear,Yard,Freight Train,10,4500,15000,19500,T314,42.1402,-71.490600000000001
UP,0417LV017,2017-04-17,3:35 PM,Derailment,0,MARINGOUIN,LA,80.0,2,Day,Clear,Yard,Yard/switching,8,61764,4451,66215,T102,30.521227,-91.548941999999997
IANR,CLD0424182,2018-04-24,10:05 PM,Derailment,0,CLARKSVILLE,IA,50.0,4,Dark,Clear,Yard,Freight Train,5,11548,4376,15924,T102,42.780146999999999,-92.673675000000003
MNA,MNA475119,2019-09-01,11:55 PM,Derailment,0,NEVADA,MO,68.0,4,Dark,Clear,Yard,Cut of cars,0,27000,2500,59117,T311,37.842480999999999,-94.347858000000002
UP,0716KC007,2016-07-10,1:50 PM,Derailment,0,LEES SUMMIT,MO,89.0,2,Day,Clear,Yard,Yard/switching,5,9678,4527,14205,T314,38.898761,-94.369632999999993
BNSF,MT0318104,2018-03-15,4:30 AM,Derailment,0,GLENDIVE,MT,30.0,1,Dawn,Clear,Yard,Light loco(s),6,12000,12739,24739,T201,47.108800000000002,-104.70738900000001
KCS,16081101,2016-08-11,9:50 AM,Derailment,0,MERIDIAN,MS,85.0,2,Day,Cloudy,Yard,Freight Train,6,22900,12000,34900,T403,32.363374999999998,-88.695468000000005
BNSF,KS0115115,2015-01-27,4:50 PM,Derailment,0,KANSAS CITY,KS,38.0,2,Day,Clear,Yard,Yard/switching,7,36491,100477,136968,T319,39.079878000000001,-94.672824000000006
GRYR,GR121919,2019-12-19,4:45 PM,Derailment,0,BATESVILLE,MS,40.0,3,Dusk,Clear,Main,Passenger Train - Pulling,14,7500,26225,41225,T205,34.274554000000002,-89.939121999999998
NS,120282,2016-04-27,11:45 AM,Derailment,0,JENNINGS,MO,72.0,2,Day,Clear,Yard,Yard/switching,6,11844,2500,14344,T315,38.697485,-90.222296
ATK,170526,2022-04-10,3:08 PM,Other (describe in narrative),0,HANOVER,MD,50.0,2,Day,Cloudy,Main,Passenger Train - Pulling,124,59528,8688,68216,T404,39.167087000000002,-76.696602999999996
UP,0423GL008,2023-04-05,9:58 AM,Derailment,0,ROSEMOUNT,MN,33.0,2,Day,Cloudy,Yard,Freight Train,7,685916,10362,696278,T204,44.749583999999999,-93.045023999999998
CSX,000138942,2014-12-15,7:46 PM,Derailment,0,CHELSEA,MA,32.0,3,Dusk,Cloudy,Yard,Light loco(s),9,5000,0,10758,T311,42.399616999999999,-71.066135000000003
GDLK,220621005,2022-06-21,4:45 PM,Derailment,0,MARTIN,MI,95.0,2,Day,Clear,Main,Freight Train,25,201000,100106,301106,T109,42.550077000000002,-85.636630999999994
GRS,20200313G3,2020-03-13,12:35 AM,Derailment,0,ETNA,ME,35.0,4,Dark,Rain,Main,Freight Train,8,75933,8933,84866,T110,44.823422999999998,-69.130374000000003
LSRC,D220620,2022-06-20,5:40 PM,Derailment,0,ALPENA,MI,75.0,2,Day,Clear,Yard,Freight Train,7,13495,100367,113862,T110,45.044699999999999,-83.255279999999999
MNR,429204,2021-07-06,3:45 PM,Derailment,0,OAKFIELD,ME,77.0,2,Day,Clear,Yard,Yard/switching,3,32000,16640,48640,T110,46.108105000000002,-68.146619000000001
IC,906108,2016-11-11,4:55 AM,Derailment,0,BATON ROUGE,LA,70.0,4,Dark,Clear,Yard,Freight Train,4,18300,15500,33800,T319,30.481991000000001,-91.187449000000001