reportingrailroadcode,accidentnumber,date,time,accidenttype,hazmatreleasedcars,station,stateabbr,temperature,visibility_code,visibility,weathercondition,tracktype,equipmenttype,trainspeed,equipmentdamagecost,trackdamagecost,totaldamagecost,primaryaccidentcausecode,latitude,longitude
GRS,20180804W1,2018-08-04,2:00 AM,Derailment,0,WENDELL,MA,80.0,4,Dark,Fog,Main,Freight Train,22,62000,19250,81250,T002,42.576915,-72.431916999999999
CSX,000154760,2015-11-29,6:11 PM,Derailment,0,AVON,IN,40.0,4,Dark,Cloudy,Yard,Yard/switching,1,44458,53950,98408,T208,39.759791999999997,-86.327527000000003
BNSF,TC0916117,2016-09-24,6:55 PM,Derailment,0,DULUTH,MN,58.0,3,Dusk,Clear,Industry,Yard/switching,9,32588,5000,37588,T314,46.747101999999998,-92.143598999999995
BNSF,MT0715102,2015-07-08,8:47 AM,Derailment,0,GREAT FALLS,MT,50.0,1,Dawn,Clear,Main,Freight Train,25,12245,1801205,1813450,T002,47.450963999999999,-111.232738
UP,1215KC015,2015-12-28,5:30 AM,Derailment,0,KANSAS CITY,MO,30.0,4,Dark,Snow,Yard,Freight Train,6,17110,15855,32965,T299,39.122950000000003,-94.516446000000002
UP,0316PR007,2016-03-05,1:49 AM,Derailment,0,CHICAGO,IL,25.0,4,Dark,Clear,Yard,Light loco(s),7,51829,0,52814,T402,41.757562999999998,-87.684928999999997
BNSF,HL0720103,2020-07-05,4:43 PM,Derailment,0,NORTH KANSAS CITY,MO,85.0,2,Day,Clear,Yard,Freight Train,10,57928,8500,66428,T402,39.128000999999998,-94.585886000000002
NS,133907,2019-05-11,6:15 AM,Derailment,0,LUMBERTON,MS,72.0,1,Dawn,Rain,Main,Freight Train,38,1694143,1399955,3094098,T002,30.931273000000001,-89.494856999999996
NICD,N2100028,2021-12-22,6:50 PM,Derailment,0,MICHIGAN CITY,IN,52.0,4,Dark,Clear,Yard,Cut of cars,10,17092,4830,21922,T314,41.713205000000002,-86.864495000000005
CSX,000186349,2019-11-01,1:06 AM,Derailment,0,DEARBORN,MI,34.0,4,Dark,Cloudy,Yard,Freight Train,6,48112,18300,66412,T207,42.312026000000003,-83.156323999999998
KYLE,KYL162119D,2019-08-25,10:35 PM,Derailment,0,JAMESTOWN,KS,70.0,4,Dark,Clear,Yard,Freight Train,5,20000,110000,130000,T314,39.594431,-97.753850999999997
CPKC,1001907054,2023-05-31,4:10 PM,Derailment,0,LANCASTER,MN,70.0,2,Day,Cloudy,Main,Freight Train,39,1790300,14396,1804696,T202,48.802916000000003,-96.728865999999996
NS,157415,2024-07-18,1:40 AM,Derailment,0,PERU,IN,60.0,4,Dark,Clear,Yard,Freight Train,8,18640,4000,30600,T399,40.760679000000003,-86.060964999999996
ATK,166142,2020-12-29,8:49 AM,Derailment,0,WASHINGTON,DC,30.0,2,Day,Clear,Yard,Yard/switching,10,68650,61200,129850,T313,38.898654000000001,-77.006668000000005
KJRY,07072016,2016-07-07,2:15 PM,Derailment,0,SMITHFIELD,IL,85.0,2,Day,Clear,Main,Freight Train,10,12500,15000,27500,T110,40.479334999999999,-90.310393000000005
LSRC,D150916,2015-09-16,6:00 PM,Derailment,0,ESSEXVILLE,MI,80.0,2,Day,Clear,Main,Freight Train,5,24952,9855,34807,T312,43.611130000000003,-83.854926000000006
UP,0922GL020,2022-09-16,3:45 AM,Derailment,0,SIOUX CITY,IA,64.0,4,Dark,Cloudy,Yard,Yard/switching,6,42451,32700,75151,T102,42.488385000000001,-96.390080999999995
BNSF,SF0616106,2016-06-03,2:30 AM,Derailment,0,METROPOLIS,IL,67.0,4,Dark,Cloudy,Industry,,0,0,50000,218171,T207,37.203837999999998,-88.793223999999995
AZER,AZE901421D,2021-10-08,2:45 PM,Derailment,0,BOWIE,AZ,83.0,2,Day,Clear,Yard,Freight Train,0,0,45727,45727,T311,32.329847999999998,-109.491428
CSX,000142242,2015-02-27,3:05 AM,Derailment,0,NEWTON,AL,35.0,4,Dark,Clear,Siding,Freight Train,8,75431,46134,121565,T111,31.355725,-85.598774000000006
BNSF,SW1119106,2019-11-18,2:00 AM,Derailment,0,CHAMBERS,AZ,27.0,4,Dark,Clear,Industry,Freight Train,29,695117,50000,745117,T110,35.103174000000003,-109.566913
IC,915848,2017-03-11,7:45 AM,Derailment,0,MOBILE,AL,72.0,1,Dawn,Clear,Yard,Yard/switching,6,11891,0,24611,T210,30.717614999999999,-88.050736999999998
NS,118595,2015-12-17,12:15 AM,Derailment,0,IRONDALE,AL,48.0,4,Dark,Rain,Yard,Yard/switching,10,101785,5790,107575,T207,33.548904999999998,-86.678008000000005
NS,113041,2014-11-16,9:20 PM,Derailment,0,ALBERTA,AL,60.0,4,Dark,Rain,Main,Freight Train,37,615550,178590,794140,T319,32.229228999999997,-87.411068
FEC,D29050715,2015-05-07,1:15 AM,Derailment,0,JACKSONVILLE,FL,60.0,4,Dark,Clear,Yard,Light loco(s),5,10000,2885,12885,T210,30.237310000000001,-81.599981
UP,1116DV007,2016-11-15,1:30 PM,Derailment,0,EATON,CO,72.0,2,Day,Clear,Industry,Freight Train,4,1508,44099,45607,T108,40.531104999999997,-104.711625
GFRR,GFRR233319,2023-05-23,5:20 AM,Derailment,0,ALBANY,GA,68.0,4,Dark,Cloudy,Yard,Yard/switching,8,37810,0,37810,T207,31.575852000000001,-84.127509000000003
UP,0223GL030,2023-02-24,12:12 PM,Derailment,0,DE WITT,IA,24.0,2,Day,Cloudy,Industry,Freight Train,10,7608,50838,58446,T110,41.812010000000001,-90.549566999999996
CSX,000180345,2018-12-17,12:30 AM,Derailment,0,BIRMINGHAM,AL,51.0,4,Dark,Cloudy,Main,Freight Train,6,11000,0,29050,T316,33.529086999999997,-86.790902000000003
NS,133840,2019-05-06,9:51 AM,Derailment,0,WOODVILLE,AL,75.0,2,Day,Clear,Main,Freight Train,47,1318054,740683,2058737,T204,34.625892,-86.276184999999998
TASD,D20190530A,2019-05-30,10:38 PM,Derailment,0,MOBILE,AL,80.0,4,Dark,Clear,Industry,Freight Train,2,15000,2446,17446,T109,30.6572,-88.041600000000003
BNSF,CH0722104,2022-07-12,4:25 PM,Derailment,0,CAMANCHE,IA,82.0,2,Day,Clear,Industry,Freight Train,3,3000,30000,33000,T319,41.808829000000003,-90.239057000000003
AGR,AGR682015,2015-04-09,4:38 PM,Derailment,0,MAGNOLIA,AL,76.0,2,Day,Clear,Main,Freight Train,15,90735,1900,92635,T102,32.135702000000002,-87.668060999999994
AGR,AGR440919,2019-07-02,3:00 PM,Derailment,0,FOUNTAIN,AL,91.0,2,Day,Clear,Yard,Yard/switching,6,38000,8000,46000,T101,31.582035999999999,-87.470077000000003
BNSF,HL1218113,2018-12-17,12:30 AM,Derailment,0,BIRMINGHAM,AL,51.0,4,Dark,Cloudy,Main,,0,0,16605,29050,T317,33.542822000000001,-86.808809999999994
CSX,000180452,2018-12-22,1:15 AM,Derailment,0,BIRMINGHAM,AL,41.0,4,Dark,Clear,Yard,Cut of cars,0,80372,0,143415,T207,33.543607000000002,-86.790088999999995
NS,118586,2015-12-16,10:00 AM,Derailment,0,VANCE,AL,59.0,2,Day,Clear,Industry,Freight Train,4,8600,3500,12100,T202,33.179996000000003,-87.213928999999993
RTDC,42199,2017-03-23,3:25 PM,Other (describe in narrative),0,AURORA,CO,40.0,2,Day,Clear,Main,EMU,20,16319,2211,18530,T404,39.775914999999998,-104.944765
NS,128512,2018-02-13,7:35 AM,Derailment,0,IRONDALE,AL,45.0,1,Dawn,Cloudy,Yard,Yard/switching,5,285,16410,16695,T207,33.548904999999998,-86.67801
NS,136743,2020-01-05,7:45 AM,Derailment,0,ATLANTA,GA,40.0,1,Dawn,Clear,Yard,Freight Train,8,595,84927,85522,T207,33.793886999999998,-84.445407000000003
CSX,000183183,2019-05-26,4:10 PM,Derailment,0,BIRMINGHAM,AL,81.0,2,Day,Clear,Yard,Freight Train,7,5590,48340,53930,T101,33.496574000000003,-86.819192000000001
AGR,AGR169318,2018-02-07,1:00 PM,Derailment,0,MOBILE,AL,45.0,2,Day,Clear,Yard,Yard/switching,4,6090,10513,16603,T110,30.712083,-88.051964999999996
CSX,000180452,2018-12-22,1:15 AM,Derailment,0,BIRMINGHAM,AL,41.0,4,Dark,Clear,Yard,Freight Train,10,56191,6852,143415,T207,33.543607000000002,-86.790088999999995
UP,0317TC008,2017-03-10,12:51 AM,Derailment,14,GRAETTINGER,IA,11.0,4,Dark,Clear,Main,Freight Train,28,1255474,168397,1423871,T207,43.217880000000001,-94.722047000000003
NS,124652,2017-04-09,2:45 PM,Derailment,0,DEMOPOLIS,AL,80.0,2,Day,Clear,Yard,Freight Train,9,2750,26302,29052,T102,32.498339000000001,-87.887091999999996
FEC,D83120717,2017-12-07,11:15 AM,Derailment,0,WEST PALM BEACH,FL,80.0,2,Day,Clear,Yard,Yard/switching,4,6197,20763,26960,T314,26.734189000000001,-80.058001000000004
ALAB,12232015,2015-12-23,10:00 AM,Derailment,0,RANGE,AL,74.0,2,Day,Rain,Main,Freight Train,7,2600,18000,20600,T110,31.324444,-87.239999999999995
BNSF,KS0324110,2024-03-23,10:00 AM,Derailment,0,WELLINGTON,KS,37.0,2,Day,Cloudy,Yard,Freight Train,10,30079,36711,66790,T207,37.260921000000003,-97.391692000000006
CFRC,16160A,2016-06-08,2:57 AM,Derailment,0,ORLANDO,FL,80.0,4,Dark,Cloudy,Siding,,0,0,4683,31333,T110,28.509858000000001,-81.379769999999994
CSX,000174412,2018-01-30,6:50 AM,Derailment,2,QUINCY,FL,43.0,1,Dawn,Cloudy,Main,Freight Train,24,264175,157174,421349,T207,30.582315000000001,-84.591415999999995
UP,1116DV009,2016-11-18,6:30 PM,Derailment,0,SOMERSET,CO,22.0,4,Dark,Clear,Industry,Freight Train,8,100020,9536,109556,T112,38.926960000000001,-107.430668
FEC,D09021815,2015-02-18,6:20 PM,Derailment,0,RIVIERA BEACH,FL,55.0,4,Dark,Cloudy,Industry,Yard/switching,10,4452,12827,17279,T110,26.782826,-80.066759000000005
BNSF,SW0721101,2021-07-02,7:30 PM,Derailment,0,GLENDALE,AZ,105.0,3,Dusk,Clear,Yard,Yard/switching,3,24145,16000,40145,T111,33.512197,-112.155102
UP,0922GL028,2022-09-25,3:30 AM,Derailment,0,DES MOINES,IA,54.0,4,Dark,Clear,Main,Yard/switching,3,652971,0,1952971,T207,41.587400000000002,-93.589755999999994
CC,1105568,2022-06-14,3:16 PM,Derailment,0,WALL LAKE,IA,93.0,2,Day,Clear,Main,Freight Train,25,385757,196830,582587,T204,42.265338999999997,-95.058920000000001
NS,132127,2018-12-19,12:10 PM,Derailment,0,MUSCLE SHOALS,AL,50.0,2,Day,Cloudy,Yard,Yard/switching,2,2360,10773,13133,T110,34.712550999999998,-87.616781000000003
UP,0622GL005,2022-06-10,8:10 AM,Derailment,0,CLINTON,IA,67.0,2,Day,Cloudy,Yard,Freight Train,3,40703,88640,129343,T202,41.813110999999999,-90.229878999999997
BNSF,PR0915108,2015-09-16,11:30 AM,Derailment,0,BRUSH,CO,80.0,2,Day,Clear,Yard,Yard/switching,8,17961,3000,20961,T303,40.254528000000001,-103.614784
NS,151954,2023-01-09,3:19 AM,Derailment,0,LOUISVILLE,KY,31.0,4,Dark,Clear,Yard,Yard/switching,6,3350,40659,44009,T207,38.263516000000003,-85.801423999999997
UP,0717TC009,2017-07-17,4:37 PM,Derailment,0,FORT DODGE,IA,93.0,2,Day,Clear,Yard,Freight Train,6,1000,13409,14409,T399,42.502319,-94.168132999999997
EARY,EAR706520,2020-12-18,10:00 AM,Derailment,0,BIRMINGHAM,AL,30.0,2,Day,Clear,Main,Yard/switching,5,20000,22500,42500,T110,33.159044999999999,-86.297854000000001
GFRR,GFRR233354,2023-08-25,9:35 AM,Derailment,0,ALBANY,GA,83.0,2,Day,Clear,Yard,Freight Train,5,43679,1000,44679,T110,31.583247,-84.105953
ATK,166003,2020-12-04,8:17 PM,Other (describe in narrative),0,WASHINGTON,DC,40.0,4,Dark,Rain,Yard,Yard/switching,2,0,31430,31430,T404,38.897799999999997,-77.005799999999994
BRC,13501,2014-12-15,3:45 AM,Other impacts,0,BEDFORD PARK,IL,45.0,4,Dark,Rain,Yard,Yard/switching,2,32230,785,33015,T305,41.761794000000002,-87.759855999999999
BNSF,SW0520102,2020-05-19,6:00 AM,Derailment,0,WINSLOW,AZ,60.0,1,Dawn,Clear,Yard,Freight Train,5,30476,500,30976,T111,35.029459000000003,-110.718076
AZCR,AZCR022520,2020-02-17,11:10 AM,Derailment,0,CLARKDALE,AZ,43.0,2,Day,Clear,Main,Freight Train,10,6000,32000,38000,T110,34.881528000000003,-112.174111
BJRY,1228161,2016-12-28,3:30 PM,Derailment,0,QUINCY,IL,48.0,2,Day,Clear,Industry,Yard/switching,5,10000,1000000,1010000,T210,39.889454999999998,-91.404747
ALS,20191119,2019-11-19,3:30 PM,Derailment,0,EAST ST LOUIS,IL,51.0,2,Day,Clear,Main,Freight Train,8,37000,836,54977,T314,38.600104999999999,-90.152614
CSX,000169836,2017-06-23,4:03 PM,Derailment,0,LOUISVILLE,KY,50.0,3,Dusk,Rain,Yard,Freight Train,7,13310,250,13560,T207,38.279949999999999,-85.516779
UPME,0115PR016,2015-01-26,10:39 AM,Derailment,0,CHICAGO,IL,23.0,2,Day,Cloudy,Yard,Yard/switching,7,22431,93835,116266,T110,41.888432000000002,-87.725898000000001
NS,120622,2016-05-23,10:40 PM,Derailment,0,SOUTH WHITLEY,IN,55.0,4,Dark,Clear,Main,Freight Train,48,660838,370760,1031598,T312,41.088459999999998,-85.627896000000007
UP,0820MA031,2020-08-24,4:36 AM,Derailment,0,NORTH LITTLE ROCK,AR,71.0,1,Dawn,Clear,Yard,Yard/switching,4,107255,2190,177141,T403,34.771892999999999,-92.229269000000002
UP,0216LK013,2016-02-16,8:10 PM,Derailment,0,SHREVEPORT,LA,56.0,4,Dark,Cloudy,Yard,Yard/switching,4,1615,241708,243323,T199,32.432735000000001,-93.909754000000007
KO,231228001,2023-12-28,12:20 AM,Derailment,0,WICHITA,KS,28.0,4,Dark,Clear,Industry,Freight Train,2,14200,1000,15200,T111,37.592098999999997,-97.410514000000006
ATK,174645,2023-05-07,3:08 PM,Derailment,0,CHICAGO,IL,75.0,2,Day,Clear,Main,Passenger Train - Pulling,14,322680,21093,343773,T311,41.878194999999998,-87.638442999999995
NOPB,D20170610E,2017-06-10,8:45 AM,Derailment,0,NEW ORLEANS,LA,82.0,2,Day,Clear,Siding,Freight Train,7,60780,14167,114947,T199,29.961803,-90.053602999999995
UP,0919PR020,2019-09-29,6:45 PM,Derailment,0,CREVE COEUR,IL,69.0,3,Dusk,Cloudy,Main,Freight Train,9,636,0,50607,T319,40.658655000000003,-89.604622000000006
BNSF,CH1122115,2022-11-23,10:11 AM,Derailment,0,ROCK ISLAND,IL,60.0,2,Day,Clear,Yard,Freight Train,10,1600,175000,176600,T314,41.510615999999999,-90.583691000000002
KCS,16121601,2016-12-16,11:30 PM,Derailment,0,LAKE CHARLES,LA,60.0,4,Dark,Rain,Industry,Yard/switching,5,36679,500,37179,T402,30.239722,-93.274167000000006
TPW,TPW052916R,2016-08-12,8:30 PM,Derailment,0,EUREKA,IL,74.0,4,Dark,Rain,Industry,Freight Train,7,290350,85000,375350,T111,40.722000000000001,-89.310000000000002
BNSF,KS1223114,2023-12-18,1:20 PM,Derailment,0,NEWTON,KS,52.0,2,Day,Clear,Yard,Freight Train,5,165867,103960,269827,T207,38.025877999999999,-97.374353999999997
UP,0121MA022,2021-01-20,4:32 PM,Derailment,0,NORTH LITTLE ROCK,AR,45.0,2,Day,Rain,Yard,Yard/switching,3,18580,7640,26220,T207,34.771469000000003,-92.228673999999998
BNSF,CH1217100,2017-12-01,12:05 AM,Derailment,0,AURORA,IL,40.0,4,Dark,Clear,Yard,Yard/switching,6,28000,4000,32000,T206,41.772233,-88.263959
NIRC,2019071763,2019-10-24,11:30 PM,Other impacts,0,CHICAGO,IL,45.0,4,Dark,Cloudy,Main,EMU,0,10463,877,11340,T404,41.68544,-87.611450000000005
CSX,000156616,2016-01-29,4:08 AM,Derailment,0,BURKVILLE,AL,37.0,4,Dark,Clear,Siding,Freight Train,3,28087,451,28538,T110,32.32741,-86.504921999999993
MNBR,MNB640623D,2023-12-18,4:00 PM,Derailment,0,MYRTLEWOOD,AL,49.0,2,Day,Clear,Main,Freight Train,10,42867,20000,62867,T101,32.260705999999999,-87.936734000000001
NIRC,2020071860,2020-02-22,7:03 AM,Derailment,0,CHICAGO,IL,50.0,1,Dawn,Clear,Main,,0,0,10443,24056,T314,41.525042999999997,-87.372283999999993
UP,0716TC008,2016-07-10,6:20 PM,Derailment,0,CHAPIN,IA,85.0,2,Day,Clear,Industry,Freight Train,8,250,64250,64500,T110,42.840142,-93.222538
LAS,220913004,2022-09-13,9:30 PM,Derailment,0,MINDEN,LA,75.0,4,Dark,Clear,Yard,Yard/switching,3,18500,38796,57296,T314,32.605424999999997,-93.291950999999997
BNSF,PR1123105,2023-11-12,7:15 AM,Derailment,0,PINECLIFFE,CO,42.0,1,Dawn,Clear,Main,Freight Train,20,1395931,0,1439728,T204,39.931846,-105.428438
PGBX,RAI139123,2023-04-22,10:00 AM,Derailment,0,PORT ALLEN,LA,70.0,2,Day,Clear,Industry,Yard/switching,5,10000,2000,12000,T314,30.433440000000001,-91.208547999999993
CSX,000173977,2018-01-11,3:55 AM,Derailment,0,BIRMINGHAM,AL,54.0,4,Dark,Clear,Yard,Single Car,5,16801,106,16907,T001,33.543607000000002,-86.790088999999995
BNSF,CH0916112,2016-09-22,2:45 AM,Derailment,0,CHICAGO,IL,70.0,4,Dark,Clear,Yard,Yard/switching,5,26078,5000,31078,T403,41.822090000000003,-87.714740000000006
UP,0323HL044,2023-03-31,11:30 PM,Derailment,0,KANSAS CITY,KS,55.0,4,Dark,Cloudy,Yard,Freight Train,1,16872,7898,24770,T205,39.098838999999998,-94.673023999999998
NS,140333,2021-01-20,2:45 PM,Derailment,0,RICHMOND,IN,30.0,2,Day,Clear,Yard,Freight Train,3,4287,15300,19587,T102,39.834854,-84.890613999999999
UP,0723MA026,2023-07-16,7:39 PM,Derailment,0,EAST ST LOUIS,IL,79.0,3,Dusk,Clear,Yard,Freight Train,2,24975,0,25575,T403,38.583865000000003,-90.135570000000001
TASD,D20230126A,2023-01-26,1:35 AM,Derailment,0,MOBILE,AL,42.0,4,Dark,Clear,Yard,Freight Train,8,10130,15311,25441,T202,30.70956,-88.045794000000001
UP,0717LV017,2017-07-14,8:30 PM,Derailment,0,WESTLAKE,LA,87.0,4,Dark,Cloudy,Industry,Yard/switching,7,25727,7001,32728,T110,30.238092000000002,-93.290103999999999
CP,1000399969,2016-05-22,3:32 PM,Derailment,0,CLINTON,IA,83.0,2,Day,Clear,Main,Freight Train,29,670636,301200,971836,T109,41.990879,-90.163639000000003
SAPT,SAP678215,2015-03-31,11:15 PM,Derailment,0,GARDEN CITY,GA,60.0,4,Dark,Rain,Yard,Yard/switching,4,4000,9999,13999,T314,32.164512000000002,-81.180087
TRRA,15008,2015-03-17,6:55 PM,Derailment,0,VENICE,IL,49.0,3,Dusk,Clear,Yard,,0,0,11834,31834,T199,38.662547000000004,-90.160501999999994
UP,0616CB005,2016-06-17,5:35 AM,Derailment,0,SIOUX CITY,IA,80.0,1,Dawn,Clear,Yard,Yard/switching,5,9618,5446,15064,T311,42.514834999999998,-96.384737999999999
CSX,000216704,2024-03-08,6:57 AM,Derailment,0,VENICE,IL,60.0,1,Dawn,Cloudy,Yard,Freight Train,5,5700,0,69693,T199,38.642282000000002,-90.098859000000004
BAYL,BAY674615,2015-03-21,9:08 AM,Derailment,0,PANAMA CITY,FL,65.0,2,Day,Clear,Yard,Freight Train,8,60000,30000,90000,T103,30.185513,-85.645910999999998
IC,924910,2017-06-05,6:30 AM,Derailment,1,GEISMAR,LA,75.0,2,Day,Cloudy,Yard,Freight Train,10,345501,85589,431090,T110,30.167010999999999,-90.964197999999996
NS,139128,2020-09-11,12:05 PM,Derailment,0,NEW ORLEANS,LA,90.0,2,Day,Clear,Yard,Freight Train,4,14040,2096,16136,T314,29.975082,-90.044849999999997
GFRR,GFRR151058,2015-04-17,11:30 PM,Derailment,0,CAMILLA,GA,78.0,4,Dark,Clear,Main,Freight Train,10,400000,50000,450000,T210,31.252382000000001,-84.199303
BNSF,SF0316119,2016-03-25,8:50 AM,Derailment,0,MONTROSE,IA,45.0,1,Dawn,Clear,Industry,Freight Train,7,56007,250000,306007,T101,40.487948000000003,-91.372461000000001
CSX,000215534,2024-01-12,11:30 AM,Derailment,0,BIRMINGHAM,AL,51.0,2,Day,Rain,Main,Freight Train,4,1800,1049,13449,T308,33.508499,-86.814531000000002
BNSF,NE0715112,2015-07-24,10:34 PM,Derailment,0,CHILLICOTHE,IA,74.0,4,Dark,Cloudy,Industry,Freight Train,7,356820,130000,486820,T001,41.096226000000001,-92.543873000000005
CVR,CVR00044F,2024-02-01,5:32 AM,Derailment,0,SUBLETTE,KS,39.0,4,Dark,Fog,Main,Freight Train,10,50000,13350,63350,T102,37.487954999999999,-100.82914
ATK,139186,2015-09-11,5:38 PM,Derailment,0,NEW ORLEANS,LA,90.0,2,Day,Clear,Yard,Light loco(s),5,12800,5000,17800,T110,29.951978,-89.998712999999995
BNSF,KS0524107,2024-05-25,3:45 AM,Derailment,0,EMPORIA,KS,60.0,4,Dark,Clear,Main,,0,0,5654,31658,T314,38.403387000000002,-96.163019000000006
BNSF,PR1023104,2023-10-09,4:58 PM,Derailment,0,COLORADO SPGS,CO,70.0,3,Dusk,Clear,Yard,,0,0,80818,527218,T399,38.794820000000001,-104.781154
CSX,000174591,2018-02-07,8:35 PM,Derailment,0,EVANSVILLE,IN,24.0,4,Dark,Clear,Yard,Freight Train,6,167725,90880,258605,T110,37.962372000000002,-87.609363000000002
CSX,000219091,2024-07-05,1:05 AM,Derailment,0,LINDEN,IN,65.0,4,Dark,Cloudy,Industry,Freight Train,7,175478,9477,184955,T202,40.192658999999999,-86.904884999999993
UP,1017SL006,2017-10-08,12:45 AM,Derailment,0,PONTIAC,IL,49.0,4,Dark,Cloudy,Industry,Freight Train,4,235035,6489,241524,T205,40.918761000000003,-88.603684000000001
BNSF,CH0216110,2016-02-10,10:42 AM,Derailment,0,CHICAGO,IL,19.0,2,Day,Clear,Yard,Freight Train,10,250,50000,50250,T111,41.844119999999997,-87.739362999999997
MNBR,MNB991922,2022-07-17,3:00 PM,Derailment,0,LINDEN,AL,91.0,2,Day,Clear,Main,Freight Train,10,3500,28190,31690,T109,32.274940000000001,-87.717070000000007
ATK,140984,2016-01-18,6:11 AM,Other (describe in narrative),0,"WASHINGTON, DC",DC,20.0,1,Dawn,Clear,Main,,0,0,4500,15080,T404,38.902234,-77.004645999999994
PAL,2019SEP1D,2019-09-08,9:50 AM,Derailment,0,PADUCAH,KY,85.0,2,Day,Clear,Yard,Freight Train,7,4505,44947,49452,T201,37.084480999999997,-88.593811000000002
UP,0316CB007,2016-03-27,3:45 PM,Derailment,0,CLINTON,IA,40.0,2,Day,Cloudy,Yard,Yard/switching,4,2201,268084,270285,T207,41.811549999999997,-90.235174000000001
CSX,000199991,2021-09-10,5:30 AM,Derailment,0,LAKELAND,FL,72.0,1,Dawn,Clear,Yard,Freight Train,10,20925,2388,23313,T101,28.027274999999999,-82.011215000000007
UP,1121MA008,2021-11-05,1:38 PM,Derailment,0,WHITE HALL,AR,54.0,2,Day,Clear,Industry,Yard/switching,4,21169,0,21169,T110,34.268152999999998,-92.062037000000004
LDRR,LDR789621,2021-06-02,10:30 PM,Derailment,0,LAFAYETTE,LA,85.0,4,Dark,Clear,Yard,Freight Train,10,15000,0,55762,T108,30.234936999999999,-92.034767000000002
UP,0620LA046,2020-06-26,5:05 PM,Derailment,0,TEMPE,AZ,109.0,2,Day,Clear,Main,Freight Train,24,90037,16764,106801,T110,33.433706000000001,-111.943939
BNSF,KS0322111,2022-03-20,12:56 AM,Derailment,0,KANSAS CITY,KS,50.0,4,Dark,Clear,Yard,Yard/switching,3,10104,2347,12451,T102,39.084763000000002,-94.679050000000004
KAW,220304005,2022-03-04,3:00 PM,Derailment,0,KANSAS CITY,KS,60.0,2,Day,Clear,Industry,Freight Train,4,0,15000,15000,T110,39.088940000000001,-94.653059999999996
NS,137507,2020-03-17,2:00 AM,Derailment,0,OAKLEY,IL,45.0,4,Dark,Clear,Yard,Yard/switching,7,11732,2781,14513,T110,39.862597999999998,-88.881304999999998
BNSF,KS1114114,2014-11-24,9:30 PM,Derailment,0,LAWRENCE,KS,28.0,4,Dark,Clear,Industry,Freight Train,5,17972,1000,18972,T207,38.996907999999998,-95.249932000000001
IC,1105942,2022-06-18,1:30 AM,Derailment,0,BATON ROUGE,LA,85.0,4,Dark,Clear,Industry,Yard/switching,4,33100,5000,38100,T106,30.479745999999999,-91.187552999999994
NS,139205,2020-09-19,8:30 PM,Derailment,0,NEW ORLEANS,LA,69.0,4,Dark,Clear,Yard,Freight Train,5,25607,4099,29706,T314,29.989433999999999,-90.044345000000007
UP,1015CB006,2015-10-09,8:15 PM,Derailment,0,SIOUX CITY,IA,65.0,4,Dark,Clear,Yard,,0,0,3750,10750,T314,42.492693000000003,-96.392374000000004
CSX,000141127,2015-02-06,6:50 PM,Derailment,0,MADISONVILLE,KY,38.0,3,Dusk,Clear,Yard,,0,0,31490,84490,T207,37.332546000000001,-87.483923000000004
KCS,18101601,2018-10-16,2:49 PM,Derailment,0,ASHDOWN,AR,47.0,2,Day,Rain,Industry,,0,0,15761,17261,T314,33.646033000000003,-94.104311999999993
NS,136714,2020-01-02,8:35 PM,Derailment,0,LAURA,KY,35.0,4,Dark,Rain,Siding,Freight Train,8,2314,21178,23492,T207,37.735892999999997,-82.508888999999996
TIBR,IN17112800,2017-11-28,10:00 AM,Derailment,0,LAKE CHARLES,LA,65.0,2,Day,Rain,Industry,Yard/switching,7,30000,0,30000,T303,30.165946000000002,-93.181720999999996
BNSF,KS0723102,2023-07-09,12:40 PM,Derailment,0,DODGE CITY,KS,90.0,2,Day,Clear,Main,Freight Train,9,46361,56576,102937,T001,37.752769999999998,-100.02759500000001
UP,0722MA035,2022-07-15,4:43 PM,Derailment,0,MALVERN,AR,98.0,2,Day,Clear,Yard,Freight Train,5,15402,35400,50802,T108,34.362383999999999,-92.818431000000004
UP,0519MA031,2019-05-13,8:31 PM,Derailment,0,ROE,AR,69.0,4,Dark,Clear,Main,Freight Train,37,7118,256220,263338,T001,34.651654999999998,-91.367177999999996
NS,155035,2023-12-11,8:00 PM,Derailment,0,BOONVILLE,IN,30.0,4,Dark,Clear,Main,Freight Train,24,514773,28166,542939,T207,37.982872,-87.308400000000006
NS,152680,2023-03-31,1:30 AM,Derailment,0,IRONDALE,AL,55.0,4,Dark,Clear,Yard,Cut of cars,0,186028,0,1316505,T207,33.555373000000003,-86.683971999999997
IC,1098399,2022-03-30,8:30 PM,Derailment,0,GEISMAR,LA,74.0,4,Dark,Cloudy,Yard,Yard/switching,4,244764,48553,293317,T307,30.178211999999998,-90.976190000000003
CRL,CRL161576,2016-09-14,2:05 AM,Derailment,0,BLUE ISLAND,IL,68.0,4,Dark,Clear,Yard,,0,0,12201,14142,T311,41.669823000000001,-87.669912999999994