reportingrailroadcode,accidentnumber,date,time,accidenttype,hazmatreleasedcars,station,stateabbr,temperature,visibility_code,visibility,weathercondition,tracktype,equipmenttype,trainspeed,equipmentdamagecost,trackdamagecost,totaldamagecost,primaryaccidentcausecode,latitude,longitude
TASD,D20141115A,2014-11-15,1:00 PM,Derailment,0,MOBILE,AL,53.0,2,Day,Clear,Industry,Freight Train,4,67700,2312,70012,T210,30.651513000000001,-88.035709999999995
NS,124512,2017-03-29,9:12 AM,Derailment,0,DECATUR,IL,50.0,2,Day,Cloudy,Yard,Yard/switching,6,10790,800,11590,T303,39.858401000000001,-88.898396000000005
BNSF,HL0220101,2020-02-03,1:54 AM,Derailment,0,CRESTON,IA,32.0,4,Dark,Clear,Yard,Freight Train,6,143829,5500,149329,T111,41.056455999999997,-94.362531000000004
CSX,000165963,2017-01-14,7:45 AM,Derailment,0,EVANSVILLE,IN,34.0,1,Dawn,Rain,Yard,Freight Train,6,42403,2401,44804,T207,37.962372000000002,-87.609363000000002
UP,0415CB001,2015-04-07,7:35 PM,Derailment,0,CLINTON,IA,48.0,3,Dusk,Cloudy,Yard,Yard/switching,9,11657,3479,15136,T309,41.820276999999997,-90.212614000000002
TASD,D20230128A,2023-01-28,9:40 AM,Derailment,0,MOBILE,AL,56.0,2,Day,Clear,Yard,,0,0,27414,27414,T111,30.715751999999998,-88.050150000000002
NS,121983,2016-09-08,8:40 AM,Derailment,0,DOCK JUNCTION,GA,84.0,2,Day,Clear,Main,Light loco(s),2,14,0,40160,T311,31.184759,-81.500242
UP,0921HL021,2021-09-26,10:00 AM,Derailment,0,HERINGTON,KS,73.0,2,Day,Clear,Yard,Freight Train,10,315675,474383,790058,T201,38.675747000000001,-96.949456999999995
CW,15052015,2015-05-05,2:15 PM,Derailment,0,PUEBLO,CO,0.0,2,Day,Rain,Yard,Yard/switching,8,8041,10710,18751,T110,38.230117999999997,-104.599166
NS,145623,2022-06-20,10:20 PM,Derailment,0,IRONDALE,AL,74.0,4,Dark,Clear,Yard,Yard/switching,7,19000,19695,38695,T101,33.548904999999998,-86.678008000000005
UP,0815LV001,2015-08-04,5:20 PM,Derailment,0,AVONDALE,LA,90.0,2,Day,Cloudy,Yard,Yard/switching,6,2100,131530,133630,T113,29.915918000000001,-90.191534000000004
UP,0316TC009,2016-03-16,6:10 PM,Derailment,0,ASHTON,IA,45.0,2,Day,Cloudy,Industry,Freight Train,2,4531,50932,55463,T207,43.276722999999997,-95.804249999999996
IAIS,2017019,2017-06-01,1:45 PM,Derailment,0,COUNCIL BLUFFS,IA,84.0,2,Day,Clear,Yard,Freight Train,4,3179,18217,21396,T314,41.232486999999999,-95.834717999999995
UP,0822GC024,2022-08-27,8:00 PM,Derailment,0,WESTWEGO,LA,82.0,4,Dark,Cloudy,Yard,Yard/switching,8,3605,9620,13225,T315,29.919018999999999,-90.190572000000003
UP,0615DV004,2015-06-09,1:50 PM,Derailment,0,COMMERCE CITY,CO,90.0,2,Day,Clear,Industry,Freight Train,10,191395,205093,396488,T110,39.86983,-105.000365
BRC,13480,2014-11-08,8:15 PM,Derailment,0,BEDFORD PARK,IL,42.0,4,Dark,Clear,Yard,Yard/switching,4,158478,3855,162333,T305,41.761814000000001,-87.727262999999994
CRL,CRL192438,2019-04-06,2:50 PM,Derailment,0,CHICAGO,IL,65.0,2,Day,Clear,Yard,Freight Train,6,43000,51985,94985,T106,41.723095999999998,-87.560513
UP,0918KC001,2018-09-01,10:50 AM,Derailment,0,KANSAS CITY,KS,86.0,2,Day,Clear,Yard,Yard/switching,5,7590,3305,10895,T110,39.098745999999998,-94.619058999999993
BNSF,HL0117103,2017-01-04,8:19 AM,Derailment,0,COUNCIL BLUFFS,IA,14.0,1,Dawn,Cloudy,Industry,Light loco(s),5,43566,500,44066,T319,41.189498,-95.834249999999997
BNSF,PR0117112,2017-01-21,8:15 AM,Derailment,0,STERLING,CO,38.0,1,Dawn,Clear,Main,Freight Train,16,38682,104578,163349,T309,40.651311,-103.18493700000001
NS,152017,2023-01-14,2:00 AM,Derailment,0,CALERA,AL,50.0,4,Dark,Clear,Industry,Freight Train,5,80000,0,80000,T207,33.095640000000003,-86.802531000000002
WC,834431,2014-12-04,1:40 AM,Derailment,0,GARY,IN,30.0,4,Dark,Cloudy,Yard,Yard/switching,5,10888,0,27881,T311,41.609225000000002,-87.338514000000004
CPKC,23090101,2023-09-01,3:00 PM,Derailment,0,GIBSLAND,LA,100.0,2,Day,Clear,Main,Freight Train,47,996380,57739,1054119,T401,32.546484,-93.093523000000005
NS,146535,2022-09-19,11:21 AM,Derailment,1,ALBERS,IL,92.0,2,Day,Clear,Main,Freight Train,44,1511362,831084,2342446,T001,38.531871000000002,-89.640287000000001
BNSF,KS0323120,2023-03-26,4:43 PM,Derailment,0,GARDEN CITY,KS,60.0,2,Day,Clear,Yard,Freight Train,4,11871,2500,14371,T210,37.965998999999996,-100.88311400000001
NICD,N1700042,2017-12-09,10:00 AM,Other impacts,0,OGDEN DUNES,IN,20.0,2,Day,Clear,Main,Commuter Train - Pulling,20,5191,19012,24203,T499,41.622061000000002,-87.190605000000005
NS,125383,2017-06-10,8:45 AM,Derailment,0,NEW ORLEANS,LA,80.0,2,Day,Clear,Yard,,0,0,40000,114947,T199,29.966774999999998,-90.047506999999996
CSX,000176943,2018-06-11,5:45 AM,Side collision,0,BIRMINGHAM,AL,85.0,4,Dark,Clear,Yard,Yard/switching,0,31983,0,99910,T001,33.543607000000002,-86.790088999999995
UP,0315DV030,2015-03-23,12:00 AM,Derailment,0,DENVER,CO,50.0,4,Dark,Clear,Yard,Light loco(s),1,87680,1190,88870,T111,39.788851000000001,-104.95416400000001
NS,127681,2017-12-07,7:35 AM,Derailment,0,ROCKFIELD,IN,23.0,1,Dawn,Clear,Siding,Freight Train,24,169140,129512,298652,T207,40.641292999999997,-86.574837000000002
BNSF,KS0123107,2023-01-17,5:10 AM,Derailment,0,NEWTON,KS,32.0,1,Dawn,Clear,Yard,Light loco(s),4,2500,21132,23632,T207,38.043712999999997,-97.350087000000002
UP,1023PR014,2023-10-22,5:20 AM,Derailment,0,NORTHLAKE,IL,44.0,1,Dawn,Clear,Yard,Yard/switching,4,10138,11250,21388,T317,41.925964999999998,-87.914153999999996
UP,0916PR015,2016-09-25,10:15 AM,Derailment,0,WEST CHICAGO,IL,80.0,2,Day,Clear,Yard,Freight Train,5,3049,9720,12769,T319,41.882933999999999,-88.244151000000002
FEC,D138102114,2014-10-21,1:45 AM,Derailment,0,MEDLEY,FL,77.0,4,Dark,Clear,Industry,Yard/switching,8,10373,3841,14214,T110,25.880051000000002,-80.366243999999995
UP,0915TC020,2015-09-30,5:15 PM,Derailment,0,WEST DES MOINES,IA,63.0,2,Day,Cloudy,Yard,Yard/switching,5,5741,5628,11369,T111,41.567124,-93.690701000000004
MBTA,YR202130,2021-04-22,8:35 PM,Derailment,0,FRAMINGHAM,MA,42.0,3,Dusk,Clear,Yard,,0,0,47344,50094,T314,42.278196999999999,-71.411043000000006
CSX,000177670,2018-07-17,6:25 PM,Derailment,0,DECATUR,AL,88.0,2,Day,Clear,Yard,Freight Train,8,107168,570,107738,T206,34.588509999999999,-86.985257000000004
UP,1122HL017,2022-11-17,10:30 AM,Derailment,0,EMMETT,KS,35.0,2,Day,Cloudy,Industry,Freight Train,6,715260,33,715293,T001,39.331518000000003,-96.128716999999995
NIRC,9419000540,2021-11-17,7:16 AM,Other impacts,0,CHICAGO,IL,41.0,1,Dawn,Clear,Main,EMU,65,22452,7503,29955,T404,41.844259999999998,-87.613399999999999
TPW,TPW115622R,2022-05-15,11:45 AM,Derailment,0,SWAYZEE,IN,85.0,2,Day,Clear,Main,Freight Train,10,120000,0,177242,T109,40.516083000000002,-85.772458
UP,0620MA005,2020-06-01,9:11 PM,Derailment,0,LITTLE ROCK,AR,73.0,4,Dark,Cloudy,Main,Freight Train,24,13823,196766,210589,T318,34.750920000000001,-92.286781000000005
UP,0722MA009,2022-07-04,4:00 AM,Other impacts,0,SHREVEPORT,LA,80.0,1,Dawn,Clear,Yard,Single Car,5,6313,0,19458,T103,32.435536999999997,-93.917433000000003
UP,0722MA009,2022-07-04,4:00 AM,Other impacts,0,SHREVEPORT,LA,80.0,1,Dawn,Clear,Yard,Yard/switching,7,13145,0,19458,T103,32.435536999999997,-93.917433000000003
EARY,EAR096423,2023-02-01,12:00 PM,Derailment,0,TALLADEGA,AL,49.0,2,Day,Cloudy,Main,Freight Train,7,166319,60000,226319,T201,33.274883000000003,-86.208888999999999
IR,202717,2020-01-30,10:00 AM,Derailment,0,OTTAWA,IL,33.0,2,Day,Clear,Yard,Yard/switching,4,19250,15000,34250,T101,41.360216000000001,-88.832149999999999
NIRC,MEJ066,2016-06-18,8:44 AM,Derailment,0,CHICAGO,IL,80.0,2,Day,Clear,Main,EMU,10,73000,15000,88000,T108,41.883983000000001,-87.623227
UP,0216PC005,2016-02-10,7:30 AM,Derailment,0,AMERICAN FALLS,ID,12.0,2,Day,Clear,Main,Freight Train,48,1641123,214439,1855562,T299,42.774056999999999,-112.88158199999999
NS,152766,2023-04-08,10:15 PM,Derailment,0,JASPER,AL,50.0,4,Dark,Rain,Main,Freight Train,15,429521,384117,813638,T001,33.863630999999998,-87.315751000000006
BNSF,CH0916115,2016-09-28,5:40 AM,Derailment,0,HARVEY,IA,54.0,1,Dawn,Cloudy,Main,Freight Train,10,34355,250,34605,T106,41.318086000000001,-92.934449000000001
CFE,CFE998816R,2016-06-15,9:30 PM,Derailment,0,FORT WAYNE,IN,77.0,4,Dark,Fog,Main,,0,0,11710,20551,T207,41.071438999999998,-85.108188999999996
NS,156184,2024-03-27,5:10 PM,Derailment,0,MASSILLON,AL,56.0,3,Dusk,Clear,Yard,Freight Train,10,5000,98570,103570,T110,32.435096999999999,-87.295432000000005
CVR,CVR00047F,2024-03-09,2:00 AM,Derailment,0,MOSCOW,KS,25.0,4,Dark,Clear,Main,Freight Train,10,34000,27190,61190,T210,37.336599,-101.194484
NS,156023,2024-03-12,12:15 AM,Derailment,0,GALLION,AL,50.0,4,Dark,Clear,Main,Freight Train,22,612712,426900,1039612,T002,32.510066000000002,-87.762156000000004
SKOL,210414002,2021-04-14,4:30 PM,Derailment,0,WINFIELD,KS,64.0,2,Day,Clear,Yard,Freight Train,3,38667,17800,56467,T314,37.244300000000003,-97.009
NS,140150,2021-01-03,9:45 AM,Derailment,0,DAYTON,IN,34.0,2,Day,Cloudy,Yard,Yard/switching,4,22977,8240,31217,T207,40.374001,-86.814948000000001
CSX,000159652,2016-05-10,12:30 AM,Derailment,0,AVON,IN,58.0,4,Dark,Clear,Yard,Yard/switching,8,83080,3250,86330,T311,39.759791,-86.327526000000006
TPW,TPW330817D,2017-06-13,1:50 PM,Derailment,0,CHATSWORTH,IL,94.0,2,Day,Clear,Main,Freight Train,17,18872,45000,63872,T109,40.753793000000002,-88.283485999999996
CFE,CFE178217D,2017-01-05,7:50 PM,Derailment,0,HOAGLAND,IN,6.0,4,Dark,Clear,Main,Freight Train,10,306752,115000,421752,T207,40.993971999999999,-85.017172000000002
IAIS,2015049,2015-04-27,8:25 AM,Derailment,0,NEWTON,IA,55.0,2,Day,Clear,Yard,Yard/switching,10,19110,1835,20945,T309,41.727460999999998,-93.019471999999993
LAS,D644314,2014-12-07,11:00 AM,Derailment,0,HODGE,LA,54.0,2,Day,Clear,Yard,Yard/switching,5,37378,3184,40562,T102,32.16442,-92.435120999999995
IC,836949,2015-01-07,1:40 AM,Derailment,0,CONVENT,LA,41.0,4,Dark,Clear,Industry,Freight Train,4,128716,5261,133977,T309,30.048791000000001,-90.833347000000003
UP,1021MA029,2021-10-18,1:55 PM,Derailment,0,SHREVEPORT,LA,75.0,2,Day,Clear,Yard,Yard/switching,6,5243,89830,95073,T314,32.429616000000003,-93.901968999999994
UP,0822MA004,2022-08-03,11:20 AM,Derailment,0,MONROE,LA,84.0,2,Day,Cloudy,Industry,Light loco(s),7,12843,2920,15763,T311,32.439264999999999,-92.100308999999996
BRC,13797,2016-11-19,1:16 PM,Derailment,0,BEDFORD PARK,IL,45.0,2,Day,Clear,Yard,Freight Train,4,23068,1115,24183,T111,41.512889999999999,-87.443569999999994
UP,0817SL006,2017-08-08,12:46 PM,Derailment,0,VILLA GROVE,IL,79.0,2,Day,Clear,Yard,Freight Train,8,5123,8052,13175,T314,39.859651999999997,-88.162953000000002
LAS,210604006,2021-06-04,8:00 PM,Derailment,0,MINDEN,LA,80.0,4,Dark,Clear,Industry,Freight Train,5,40000,8000,48000,T110,32.568520999999997,-93.291719999999998
BNSF,CH1018121,2018-10-31,12:00 PM,Derailment,0,CHICAGO,IL,65.0,2,Day,Clear,Yard,Cut of cars,4,40634,0,43894,T210,41.858283999999998,-87.681916999999999
BNSF,KS0723105,2023-07-15,5:57 PM,Derailment,0,PEABODY,KS,90.0,3,Dusk,Clear,Siding,Freight Train,9,615967,1257503,1873470,T001,38.161385000000003,-97.111228999999994
NS,124366,2017-03-17,12:00 PM,Derailment,0,MIDDLESBORO,KY,45.0,2,Day,Cloudy,Yard,Light loco(s),6,74,12014,12088,T210,36.610979999999998,-83.711501999999996
UP,0516TC001,2016-05-03,3:41 AM,Derailment,0,GOLDFIELD,IA,41.0,4,Dark,Cloudy,Main,Freight Train,22,266230,150139,416369,T207,42.729252000000002,-93.913387999999998
UP,0115CB009,2015-01-16,9:35 PM,Derailment,0,CLINTON,IA,32.0,4,Dark,Cloudy,Yard,Yard/switching,7,415,30950,31365,T199,41.812238000000001,-90.233386999999993
UP,0717ST019,2017-07-19,3:28 PM,Derailment,0,COOLIDGE,AZ,95.0,2,Day,Fog,Industry,Freight Train,2,79560,1269,80829,T206,32.920870000000001,-111.510429
CC,871372,2015-11-15,1:12 AM,Derailment,0,SIOUX CITY,IA,46.0,4,Dark,Clear,Yard,Yard/switching,8,146042,10806,156848,T210,42.499547999999997,-96.391599999999997
BNSF,KS1023116,2023-10-29,10:30 AM,Derailment,0,HUTCHINSON,KS,32.0,2,Day,Cloudy,Yard,Yard/switching,5,15803,16860,32663,T303,38.047907000000002,-97.865131000000005
ATK,174559,2023-04-28,1:40 PM,Derailment,0,CHICAGO,IL,54.0,2,Day,Clear,Main,Passenger Train - Pulling,14,304661,47982,352643,T311,41.878194999999998,-87.638442999999995
BLOL,16,2016-02-09,11:00 AM,Derailment,0,GIBSON CITY,IL,40.0,2,Day,Clear,Siding,Freight Train,5,0,12000,12000,T113,40.467533000000003,-88.378389999999996
CSX,000177490,2018-07-09,2:26 PM,Derailment,0,MADISONVILLE,KY,86.0,2,Day,Clear,Main,Freight Train,15,33794,11812,45606,T108,37.270814000000001,-87.464112999999998
UP,1016DV013,2016-10-23,10:47 AM,Derailment,0,COLBY,KS,70.0,2,Day,Cloudy,Industry,Freight Train,8,52164,61290,113454,T210,39.361730000000001,-101.009725
RRRR,01032024DR,2024-01-03,7:30 AM,Derailment,0,PENROSE,CO,20.0,2,Day,Clear,Main,Freight Train,33,560000,0,911840,T207,38.388720999999997,-105.01350499999999
INRD,644237,2018-02-22,10:44 AM,Derailment,0,TERRE HAUTE,IN,40.0,2,Day,Cloudy,Industry,Freight Train,3,10000,15000,25000,T202,39.442917000000001,-87.416405999999995
UP,0621MA021,2021-06-16,7:01 AM,Derailment,0,HOPE,AR,73.0,1,Dawn,Clear,Yard,Yard/switching,7,19915,68928,88843,T108,33.692771999999998,-93.604918999999995
TRRA,14034,2014-11-28,2:15 PM,Derailment,0,MADISON,IL,48.0,2,Day,Clear,Yard,Freight Train,7,149250,20000,169250,T111,38.672620000000002,-90.163185999999996
CSX,000158236,2016-03-17,6:10 AM,Derailment,0,EAST ST LOUIS,IL,60.0,1,Dawn,Clear,Yard,,0,0,500,13387,T207,38.637647000000001,-90.131041999999994
NS,124933,2017-05-04,11:45 AM,Derailment,0,DEMOPOLIS,AL,72.0,2,Day,Clear,Industry,Freight Train,4,12250,0,12250,T210,32.449295999999997,-87.964314999999999
CSX,000138883,2014-12-15,2:45 AM,Derailment,0,PARIS,KY,40.0,4,Dark,Cloudy,Main,Freight Train,6,137404,100000,237404,T499,38.212451000000001,-84.247721999999996
NS,146121,2022-08-09,2:30 AM,Derailment,0,EAST POINT,GA,64.0,4,Dark,Clear,Yard,Freight Train,7,4582,27229,31811,T110,33.679040000000001,-84.439508000000004
UPME,0120CM016,2020-01-26,11:05 PM,Derailment,0,WAUKEGAN,IL,29.0,4,Dark,Cloudy,Yard,Yard/switching,6,99167,88600,187767,T111,42.363416999999998,-87.827538000000004
UP,0216PR021,2016-02-29,10:10 AM,Derailment,0,NORTHLAKE,IL,40.0,2,Day,Clear,Yard,Yard/switching,7,438,11905,12343,T314,41.909337000000001,-87.915128999999993
UP,1214DV016,2014-12-30,3:22 AM,Derailment,0,WALSENBURG,CO,-14.0,4,Dark,Snow,Main,Freight Train,6,2798,0,36477,T311,37.625805999999997,-104.781255
NS,119213,2016-02-03,11:55 AM,Derailment,0,SIMPSONVILLE,KY,62.0,2,Day,Clear,Industry,Freight Train,14,16500,750,17250,T102,38.209688999999997,-85.291587000000007
ATK,150296,2017-11-04,12:45 AM,Derailment,0,WASHINGTON,DC,60.0,4,Dark,Clear,Yard,Yard/switching,10,18661,32252,50913,T311,38.899757999999999,-77.004970999999998
UP,0316TC004,2016-03-11,8:50 AM,Derailment,0,DES MOINES,IA,60.0,2,Day,Cloudy,Yard,Yard/switching,8,27065,5616,32681,T111,41.590525,-93.580522000000002
BNSF,PR0415106,2015-04-12,11:38 PM,Derailment,0,COLORADO SPGS,CO,45.0,4,Dark,Clear,Main,Freight Train,24,182892,0,731224,T299,38.821477999999999,-104.830133
IAIS,2016045,2016-09-14,2:05 AM,Derailment,0,BLUE ISLAND,IL,68.0,4,Dark,Clear,Yard,Freight Train,5,1941,0,14142,T311,41.669823000000001,-87.669912999999994
IC,1075786,2021-07-06,11:35 AM,Derailment,0,CONVENT,LA,79.0,2,Day,Rain,Industry,Freight Train,5,10050,3668,13718,T111,30.053021999999999,-90.834554999999995
NS,120454,2016-05-10,7:04 PM,Derailment,0,BURNS HARBOR,IN,66.0,3,Dusk,Rain,Main,Freight Train,9,17400,0,17400,T308,41.621018999999997,-87.126157000000006
ALS,20171027,2017-10-27,4:30 PM,Derailment,0,EAST ST LOUIS,IL,49.0,2,Day,Clear,Yard,Yard/switching,4,6100,14440,20540,T319,37.598502000000003,-89.148107999999993
CSX,000174719,2018-02-14,2:07 PM,Derailment,0,INDIANAPOLIS,IN,40.0,2,Day,Rain,Yard,Yard/switching,9,24757,980,25737,T207,39.759791,-86.327526000000006
UP,0421GC025,2021-04-16,6:57 AM,Derailment,0,NEW ORLEANS,LA,72.0,1,Dawn,Clear,Yard,Light loco(s),0,0,0,21127,T309,30.005989,-90.019451000000004
DAIR,012017,2017-02-21,5:02 PM,Derailment,0,HAWARDEN,IA,70.0,2,Day,Clear,Main,Freight Train,11,60000,40000,100000,T109,43.170324999999998,-96.466251
UP,1023MA016,2023-10-09,3:52 PM,Derailment,0,EAST ST LOUIS,IL,67.0,2,Day,Clear,Yard,Freight Train,5,12421,0,12421,T108,38.583865000000003,-90.135570000000001
UP,0918LK006,2018-09-05,8:05 AM,Derailment,0,PINE BLUFF,AR,85.0,2,Day,Clear,Yard,Cut of cars,0,41204,0,119439,T210,34.236953999999997,-91.951053999999999
BNSF,RD1222110,2022-12-13,5:30 PM,Derailment,0,LAFAYETTE,LA,65.0,3,Dusk,Clear,Yard,Yard/switching,5,12514,400,12914,T317,30.234987,-92.054822999999999
HRT,01121701,2017-01-12,12:50 PM,Derailment,0,EASTANOLLEE,GA,60.0,2,Day,Clear,Main,Freight Train,17,1000,10000,11000,T210,34.520594000000003,-83.266610999999997
UP,0315DV023,2015-03-25,6:30 PM,Derailment,0,DENVER,CO,39.0,3,Dusk,Clear,Yard,Freight Train,4,10030,31062,41092,T110,39.768382000000003,-104.85856
BNSF,KS1223111,2023-12-15,4:15 PM,Derailment,0,KANSAS CITY,KS,47.0,2,Day,Rain,Yard,Freight Train,5,12860,50000,62860,T207,39.086906999999997,-94.690070000000006
LRWN,LRW506119,2019-11-04,5:00 PM,Derailment,0,LITTLE ROCK,AR,50.0,2,Day,Clear,Main,Freight Train,10,4601,7660,12261,T110,34.810917000000003,-92.447513999999998
CSX,000177374,2018-07-04,9:32 AM,Derailment,0,INDIANAPOLIS,IN,90.0,2,Day,Cloudy,Yard,Single Car,10,12057,0,72849,T101,39.759791,-86.327526000000006
UP,1220GC001,2020-12-02,9:50 AM,Derailment,0,AMA,LA,53.0,2,Day,Cloudy,Industry,Yard/switching,5,33133,400,33533,T110,29.935787000000001,-90.298731000000004
BNSF,KS0324101,2024-03-02,6:39 PM,Derailment,0,HUTCHINSON,KS,60.0,3,Dusk,Clear,Industry,Freight Train,8,500,12886,13386,T319,38.050811000000003,-97.889235999999997
LRPA,2017001,2017-07-28,12:20 PM,Derailment,0,LITTLE ROCK,AR,90.0,2,Day,Cloudy,Industry,,0,0,20460,36845,T101,34.715176999999997,-92.242473000000004
ATK,140059,2015-11-17,8:50 AM,Other (describe in narrative),0,WILMINGTON,DE,48.0,2,Day,Clear,Main,Passenger Train - Pulling,90,11524,3500,15024,T404,39.733091000000002,-75.566832000000005
BNSF,CH0719102,2019-07-07,4:22 PM,Derailment,0,ALBIA,IA,90.0,2,Day,Clear,Main,Freight Train,7,21825,0,49880,T110,41.031063000000003,-92.802696999999995
NOGC,OP041821,2021-04-18,11:55 AM,Derailment,0,MYRTLE GROVE,LA,70.0,2,Day,Clear,Main,Freight Train,2,2992,37851,40843,T109,29.683529,-89.970185000000001
WTA,230128WTA,2023-01-28,2:00 AM,Derailment,0,WICHITA,KS,35.0,4,Dark,Clear,Yard,Yard/switching,4,787,5000,25787,T319,37.728757000000002,-97.326542000000003
TASD,D20170311A,2017-03-11,7:45 AM,Derailment,0,MOBILE,AL,72.0,1,Dawn,Clear,Yard,Yard/switching,0,11620,1100,24611,T210,30.717614999999999,-88.050736999999998
IC,1117681,2022-11-02,1:35 PM,Derailment,1,PAULINA,LA,70.0,2,Day,Clear,Main,Freight Train,21,47616,570011,617627,T109,30.023624000000002,-90.742949999999993
KAW,231129007,2023-11-29,9:00 PM,Derailment,0,KANSAS CITY,KS,40.0,4,Dark,Clear,Industry,Yard/switching,4,1143,18000,19143,T110,39.078144000000002,-94.627829000000006
BNSF,KS0122113,2022-01-20,7:08 PM,Derailment,0,EDGERTON,KS,15.0,3,Dusk,Cloudy,Industry,Freight Train,6,134886,0,134886,T307,38.782364999999999,-94.977458999999996
CSX,000177374,2018-07-04,9:32 AM,Derailment,0,INDIANAPOLIS,IN,90.0,2,Day,Cloudy,Yard,Single Car,10,12076,0,72849,T101,39.759791,-86.327526000000006
UP,0716PR015,2016-07-30,6:30 AM,Derailment,0,CHICAGO,IL,74.0,1,Dawn,Cloudy,Yard,Light loco(s),6,101907,21955,123862,T111,41.862681000000002,-87.675263000000001
UP,0620LA033,2020-06-19,7:35 PM,Derailment,0,PHOENIX,AZ,101.0,3,Dusk,Clear,Main,Freight Train,10,65476,51344,116820,T206,33.443736999999999,-112.09435000000001
BNSF,PR0215105,2015-02-17,3:15 PM,Derailment,0,COMMERCE CITY,CO,35.0,2,Day,Clear,Yard,Yard/switching,10,20903,66416,87319,T201,39.807735999999998,-104.937524
BNSF,HL0219119,2019-02-23,9:00 AM,Fire/violent rupture,0,CRESTON,IA,34.0,2,Day,Fog,Yard,Freight Train,7,74917,162707,237624,T207,41.056780000000003,-94.353588999999999
UP,0922MA012,2022-09-10,12:35 AM,Derailment,0,NORTH LITTLE ROCK,AR,74.0,4,Dark,Clear,Industry,Yard/switching,4,65829,2280,68109,T210,34.768816000000001,-92.217870000000005
TRRA,23034,2023-07-11,12:27 PM,Derailment,0,VENICE,IL,87.0,2,Day,Clear,Yard,Freight Train,5,8005,18791,26796,T319,38.661819000000001,-90.159927999999994
ATK,171284,2022-07-12,5:00 PM,Derailment,0,BOSTON,MA,80.0,2,Day,Clear,Yard,Yard/switching,5,15899,4578,20477,T110,42.33155,-71.059899999999999
BLOL,14,2015-01-07,2:00 PM,Derailment,0,CHATSWORTH,IL,0.0,2,Day,Clear,Main,Freight Train,10,46000,0,46000,T210,40.790500000000002,-88.287999999999997
NS,155399,2024-01-15,10:25 PM,Derailment,0,MUSCLE SHOALS,AL,5.0,4,Dark,Snow,Yard,Freight Train,2,300,22500,22800,T202,34.712550999999998,-87.616782999999998
NS,157415,2024-07-18,1:40 AM,Derailment,0,PERU,IN,60.0,4,Dark,Clear,Yard,Freight Train,0,7960,0,30600,T399,40.760679000000003,-86.060964999999996
CSX,000138224,2014-11-30,9:51 AM,Derailment,0,MILTON,FL,62.0,2,Day,Fog,Main,Freight Train,47,953067,110000,1063067,T207,30.644655,-86.930981000000003
TIBR,200224005,2020-02-24,9:00 PM,Derailment,0,DE RIDDER,LA,45.0,4,Dark,Clear,Main,Freight Train,4,0,15000,15000,T001,30.836556000000002,-93.287527999999995
UP,1118LV003,2018-11-03,1:50 PM,Derailment,0,NEW ORLEANS,LA,73.0,2,Day,Clear,Main,Yard/switching,5,38049,0,65134,T110,29.970151000000001,-90.173805999999999
BNSF,NE0816108,2016-08-29,2:15 PM,Derailment,0,DANVILLE,IA,88.0,2,Day,Clear,Main,Freight Train,53,28983,0,28983,T109,40.879159999999999,-91.330702000000002
EARY,EAR481423D,2023-07-24,11:30 AM,Derailment,0,SYLACAUGA,AL,89.0,2,Day,Clear,Siding,Yard/switching,7,1000,13875,14875,T314,33.168016000000001,-86.292182999999994
BNSF,CH0216103,2016-02-12,10:40 AM,Derailment,0,CICERO,IL,20.0,2,Day,Clear,Main,Yard/switching,7,3200,0,92136,T001,41.770569999999999,-87.789096000000001
UP,0124GP002,2024-01-03,7:30 AM,Derailment,0,PENROSE,CO,20.0,2,Day,Clear,Main,,0,0,351840,911840,T207,38.388720999999997,-105.01350499999999
NS,113889,2015-01-17,8:00 PM,Derailment,0,DECATUR,IL,39.0,4,Dark,Clear,Yard,Yard/switching,3,200,13534,13734,T110,39.854799,-88.908197000000001
ABS,230205001,2023-02-05,8:30 AM,Derailment,0,BUHL,AL,50.0,2,Day,Clear,Main,Freight Train,11,16000,10000,26000,T208,33.278033000000001,-87.818596999999997
NS,155814,2024-02-20,1:15 PM,Derailment,0,BIRMINGHAM,AL,72.0,2,Day,Clear,Yard,Work train,7,2500,22000,24500,T314,33.546844,-86.805147000000005
UP,1122PR012,2022-11-26,7:30 AM,Derailment,0,SOUTH HOLLAND,IL,34.0,2,Day,Clear,Yard,Freight Train,9,16376,1330,17706,T210,41.623187999999999,-87.612616000000003
BNSF,CH0216102,2016-02-08,5:10 AM,Derailment,0,NAPERVILLE,IL,23.0,1,Dawn,Clear,Main,,0,0,59000,72000,T399,41.780002000000003,-88.137896999999995
UP,0619ST015,2019-06-15,1:00 PM,Derailment,0,TUCSON,AZ,92.0,2,Day,Clear,Siding,Freight Train,2,48547,115115,163662,T205,32.206766999999999,-110.942374