reportingrailroadcode,accidentnumber,date,time,accidenttype,hazmatreleasedcars,station,stateabbr,temperature,visibility_code,visibility,weathercondition,tracktype,equipmenttype,trainspeed,equipmentdamagecost,trackdamagecost,totaldamagecost,primaryaccidentcausecode,latitude,longitude
NS,152680,2023-03-31,1:30 AM,Derailment,0,IRONDALE,AL,55.0,4,Dark,Clear,Yard,Cut of cars,0,398665,79131,1316505,T207,33.555373000000003,-86.683971999999997
BNSF,GC0416107,2016-04-14,5:30 PM,Derailment,0,LACASSINE,LA,71.0,2,Day,Clear,Industry,Freight Train,5,46700,56000,102700,T110,30.238410999999999,-92.948976999999999
NOPB,D20180405T,2018-04-05,12:05 AM,Derailment,0,NEW ORLEANS,LA,55.0,4,Dark,Clear,Yard,Freight Train,5,3680,9530,13210,T319,29.915980000000001,-90.102898999999994
BNSF,KS0223108,2023-02-10,4:30 PM,Derailment,0,OLATHE,KS,32.0,2,Day,Cloudy,Yard,Freight Train,4,33718,119425,153143,T111,38.862861000000002,-94.834457999999998
CSX,000156963,2016-02-09,10:55 PM,Derailment,1,AVON,IN,15.0,4,Dark,Snow,Yard,Yard/switching,7,247735,5190,252925,T202,39.759791,-86.327526000000006
UP,1019PR018,2019-10-17,10:05 AM,Derailment,0,CHICAGO,IL,49.0,2,Day,Cloudy,Yard,Light loco(s),7,22727,0,26425,T113,41.820805,-87.673669000000004
IC,1014591,2019-10-04,5:18 AM,Derailment,0,BATON ROUGE,LA,85.0,4,Dark,Clear,Yard,Yard/switching,5,12500,3000,15500,T107,30.478012,-90.204330999999996
MACZ,1601180611,2016-01-18,6:11 AM,Other (describe in narrative),0,"WASHINGTON, DC",DC,20.0,1,Dawn,Clear,Main,Commuter Train - Pulling,15,10580,0,15080,T404,38.902234,-7.0046460000000002
BBAY,200420001,2020-04-20,1:25 PM,Derailment,0,SLAUGHTER,LA,80.0,2,Day,Clear,Yard,Yard/switching,9,36000,0,36000,T113,30.741399999999999,-91.141499999999994
NS,135143,2019-08-18,1:42 AM,Derailment,0,BALTIMORE,MD,85.0,4,Dark,Clear,Industry,Freight Train,7,45928,0,45928,T207,39.274627000000002,-76.560141999999999
ALS,220824,2022-08-24,3:00 PM,Derailment,0,EAST ST LOUIS,IL,75.0,2,Day,Clear,Yard,Yard/switching,3,23500,5740,29240,T202,38.596930999999998,-90.148401000000007
BNSF,SW0816105,2016-08-12,10:30 AM,Derailment,0,LITCHFIELD PARK,AZ,88.0,2,Day,Clear,Industry,Freight Train,3,9125,2000,11125,T314,33.566296000000001,-112.37738
NLA,00002,2019-02-05,9:00 AM,Derailment,0,LAKE VILLAGE,AR,69.0,2,Day,Clear,Main,Freight Train,2,92000,3000,95000,T102,33.383378,-91.304924
UP,0717TC011,2017-07-16,1:11 PM,Derailment,0,MANKATO,MN,82.0,2,Day,Clear,Industry,,0,0,469793,630536,T001,44.153391999999997,-94.052081999999999
CSX,000162258,2016-08-20,11:28 PM,Derailment,0,MONTGOMERY,AL,84.0,4,Dark,Cloudy,Yard,Freight Train,4,24744,2385,27129,T299,32.375967000000003,-86.32647
UP,1219GL010,2019-12-05,9:37 AM,Derailment,0,MINNEAPOLIS,MN,28.0,2,Day,Cloudy,Yard,Yard/switching,9,224562,21714,246276,T206,44.974511999999997,-93.206107000000003
TSWS,1912152240,2019-12-15,10:40 PM,Derailment,0,MARION,AR,40.0,4,Dark,Rain,Yard,Yard/switching,10,3000,55403,58403,T110,35.194858000000004,-90.246998000000005
KRR,KRR862421,2021-10-25,9:50 AM,Derailment,0,HOPE,AR,74.0,2,Day,Clear,Main,Freight Train,9,20950,5000,25950,T101,33.662590000000002,-93.808723000000001
BNSF,NE0715113,2015-07-24,3:00 PM,Derailment,0,EARLING,IA,95.0,2,Day,Cloudy,Main,Freight Train,8,135000,79000,214000,T101,41.774821000000003,-95.414894000000004
IHB,2098,2015-05-03,12:45 PM,Derailment,0,EAST CHICAGO,IN,64.0,2,Day,Clear,Yard,Freight Train,4,16323,7056,23379,T205,41.698293999999997,-87.457579999999993
NOGC,OP07182017,2017-07-18,4:00 PM,Derailment,0,GRETNA,LA,75.0,4,Dark,Clear,Industry,Yard/switching,4,70000,5277,75277,T110,29.910546,-90.073521999999997
CPKC,23080201,2023-08-02,2:26 PM,Derailment,0,CALHOUN,LA,103.0,2,Day,Clear,Main,Freight Train,57,1073839,58315,1132154,T109,32.518568000000002,-92.447239999999994
KRR,KRR435519,2019-06-25,9:00 PM,Derailment,0,ASHDOWN,AR,73.0,4,Dark,Cloudy,Main,Freight Train,10,13754,215088,228842,T201,33.657682000000001,-94.023527000000001
AKMD,701918R,2018-06-25,1:46 PM,Derailment,0,ARKANSAS CITY,AR,90.0,2,Day,Clear,Industry,Freight Train,6,120000,8000,128000,T101,33.714827,-91.240570000000005
BNSF,SW0724107,2024-07-13,4:45 PM,Derailment,0,CONGRESS,AZ,105.0,2,Day,Clear,Yard,Freight Train,8,154500,83861,238361,T108,34.151325999999997,-112.843942
GDLK,180220003,2018-02-20,9:45 PM,Derailment,0,WYOMING,MI,39.0,4,Dark,Rain,Main,Freight Train,7,17000,30000,47000,T002,42.916238999999997,-85.676007999999996
UP,1215TC007,2015-12-28,8:20 PM,Derailment,0,DES MOINES,IA,25.0,4,Dark,Snow,Yard,Yard/switching,4,4734,32252,36986,T111,41.591132999999999,-93.581374999999994
NS,112740,2014-10-23,4:50 PM,Derailment,0,HAGERSTOWN,MD,63.0,3,Dusk,Clear,Main,,0,0,60895,72295,T110,39.635008999999997,-77.738326000000001
WC,1054704,2020-11-18,7:00 AM,Derailment,0,JOLIET,IL,33.0,4,Dark,Clear,Yard,Yard/switching,7,15684,1030,16714,T113,41.536439999999999,-88.058509000000001
UP,0115LK021,2015-01-24,11:55 AM,Derailment,0,NORTH LITTLE ROCK,AR,58.0,2,Day,Clear,Yard,Yard/switching,5,12372,7998,20370,T310,34.773479000000002,-92.216891000000004
NS,117738,2015-10-11,10:45 AM,Other (describe in narrative),0,IRONDALE,AL,72.0,2,Day,Clear,Yard,Yard/switching,10,0,11305,11305,T399,33.548904999999998,-86.678008000000005
CSX,000165426,2016-12-23,8:10 AM,Derailment,0,ATLANTA,GA,59.0,2,Day,Clear,Yard,Yard/switching,4,83524,2008,85532,T110,33.801524000000001,-84.450000000000003
ARS,220609007,2022-06-09,11:00 AM,Derailment,0,BATES,AR,79.0,2,Day,Clear,Main,Freight Train,8,72000,175000,247000,T205,34.906151000000001,-94.381538000000006
NS,143058,2021-10-03,7:50 AM,Derailment,0,FULTON,AL,72.0,1,Dawn,Rain,Main,Freight Train,37,1373132,670815,2043947,T207,31.727637000000001,-87.687982000000005
CSX,000197196,2021-04-22,8:35 PM,Derailment,0,FRAMINGHAM,MA,42.0,3,Dusk,Clear,Yard,Yard/switching,2,2500,250,50094,T314,42.278196999999999,-71.411043000000006
CSX,000143132,2015-03-16,12:20 PM,Other impacts,0,AVON,IN,70.0,2,Day,Clear,Yard,Yard/switching,4,19094,150,22464,T305,39.759779000000002,-86.328326000000004
CSX,000163202,2016-09-28,11:30 AM,Derailment,0,EVANSVILLE,IN,60.0,2,Day,Cloudy,Yard,Freight Train,7,9856,951,10807,T207,37.962372000000002,-87.609363000000002
BNSF,SF0115108,2015-01-21,4:30 PM,Derailment,0,MADISON,IL,50.0,2,Day,Clear,Yard,Freight Train,7,1717,0,35279,T111,38.676183000000002,-90.164398000000006
KCS,19053004,2019-05-30,3:00 PM,Derailment,0,HATTON,AR,85.0,2,Day,Clear,Industry,Freight Train,1,12000,1100,13100,T110,34.344186999999998,-94.360956999999999
CSX,000181877,2019-03-14,3:29 PM,Derailment,0,CUMBERLAND,MD,59.0,3,Dusk,Clear,Yard,Yard/switching,4,107024,980,108004,T001,39.644503999999998,-78.760839000000004
MNN,MN11182017,2017-11-18,1:00 PM,Derailment,0,MIDDLE RIVER,MN,17.0,2,Day,Clear,Main,Freight Train,10,30000,7500,37500,T001,44.469011000000002,-96.167643999999996
UP,0717LK036,2017-07-28,12:20 PM,Derailment,0,LITTLE ROCK,AR,90.0,2,Day,Cloudy,Industry,Freight Train,10,16385,0,36845,T101,34.715176999999997,-92.242473000000004
SKOL,D520315,2015-01-18,1:30 PM,Derailment,0,THAYER,KS,60.0,2,Day,Clear,Main,Freight Train,10,1952,16000,17952,T299,37.404566000000003,-95.500867999999997
UP,1015LK014,2015-10-10,9:25 PM,Derailment,0,PINE BLUFF,AR,68.0,4,Dark,Cloudy,Siding,Freight Train,30,763,53760,54523,T001,34.283479999999997,-92.073130000000006
UP,0823GC021,2023-08-30,4:30 PM,Other impacts,0,MARINGOUIN,LA,93.0,2,Day,Clear,Yard,Yard/switching,10,657,2160,15570,T305,30.523531999999999,-91.552195999999995
BNSF,RD0421102,2021-04-05,11:26 AM,Derailment,0,LAFAYETTE,LA,60.0,2,Day,Clear,Yard,Yard/switching,4,18256,1500,19756,T206,30.234660999999999,-92.047483999999997
UP,0223LA010,2023-02-06,7:50 AM,Derailment,0,TUCSON,AZ,38.0,2,Day,Clear,Yard,Yard/switching,3,1949,107101,109050,T102,32.195262999999997,-110.92776499999999
BNSF,SW0622101,2022-06-01,3:20 PM,Derailment,0,GLENDALE,AZ,98.0,2,Day,Clear,Yard,Freight Train,8,28611,0,28611,T111,33.567635000000003,-112.36742
UP,0918LK004,2018-09-05,6:46 AM,Derailment,0,NORTH LITTLE ROCK,AR,75.0,1,Dawn,Clear,Yard,Yard/switching,6,42607,18607,61700,T102,34.772359000000002,-92.229547999999994
NS,115340,2015-04-20,12:45 PM,Derailment,0,MUSCLE SHOALS,AL,63.0,2,Day,Cloudy,Industry,Freight Train,3,18500,0,18500,T110,34.758147999999998,-87.599520999999996
CP,1000379604,2016-04-16,3:40 AM,Derailment,0,BENSENVILLE,IL,43.0,4,Dark,Clear,Yard,Freight Train,4,18892,1684,20576,T207,41.916446000000001,-87.774096
KCS,21050603,2021-05-06,3:40 PM,Derailment,0,SIMSBORO,LA,83.0,2,Day,Clear,Industry,Freight Train,10,51000,6000,57000,T110,32.536667000000001,-92.796666999999999
NLA,002,2015-05-21,8:15 AM,Derailment,0,LAKE VILLAGE,AR,64.0,2,Day,Cloudy,Main,Freight Train,1,10000,5000,15000,T002,33.336402,-91.282319999999999
BNSF,SF1215111,2015-12-29,10:15 AM,Derailment,0,KEOKUK,IA,34.0,2,Day,Cloudy,Yard,Yard/switching,3,17148,300,17448,T202,40.390715,-91.380515000000003
UP,0217LK022,2017-02-21,7:13 PM,Derailment,0,TEXARKANA,AR,56.0,4,Dark,Clear,Yard,Freight Train,4,4422,24976,29398,T001,33.435253000000003,-94.022648000000004
UP,0918LK006,2018-09-05,8:05 AM,Derailment,0,PINE BLUFF,AR,85.0,2,Day,Clear,Yard,Freight Train,9,16403,61832,119439,T210,34.236953999999997,-91.951053999999999
AZER,AZE235622D,2022-11-01,9:00 AM,Derailment,0,CLIFTON,AZ,62.0,2,Day,Cloudy,Main,Freight Train,8,14000,97995,111995,T204,32.940074000000003,-109.25215799999999
UP,1115LK009,2015-11-12,2:05 PM,Derailment,0,JONESBORO,AR,60.0,2,Day,Clear,Industry,Light loco(s),6,500,10560,11060,T110,35.842495,-90.724698000000004
UP,0816CB011,2016-08-22,2:00 AM,Derailment,0,SIOUX CITY,IA,70.0,4,Dark,Clear,Yard,Yard/switching,5,257,89469,89726,T316,42.517459000000002,-96.382394000000005
CSX,000156554,2016-01-27,7:50 AM,Derailment,0,DECATUR,AL,25.0,1,Dawn,Clear,Yard,Yard/switching,8,23033,100,23133,T207,34.588509999999999,-86.985257000000004
NICD,N1800014,2018-06-15,5:30 PM,Other (describe in narrative),0,NEW CARLISLE,IN,90.0,2,Day,Clear,Main,Passenger Train - Pulling,15,41000,9084,50084,T404,41.425840999999998,-86.345528999999999
TCWR,TCW082117A,2017-08-21,3:30 PM,Derailment,0,MINNEAPOLIS,MN,70.0,2,Day,Clear,Yard,Freight Train,8,5368,0,37336,T110,44.977800000000002,-93.265000000000001
KRR,KRR440619,2019-07-03,1:30 PM,Derailment,0,HOPE,AR,86.0,2,Day,Clear,Main,Freight Train,7,55177,84782,139959,T109,33.666103,-93.729314000000002
UP,0323LA038,2023-03-20,10:15 AM,Derailment,0,TOLLESON,AZ,57.0,2,Day,Clear,Industry,Freight Train,7,17703,4130,21833,T110,33.446140999999997,-112.242988
BNSF,SW0222101,2022-02-03,5:55 PM,Derailment,0,PHOENIX,AZ,65.0,3,Dusk,Clear,Yard,Yard/switching,7,69487,10000,79487,T111,33.466071999999997,-112.101134
PAL,2023AUG1D,2023-08-09,6:25 AM,Derailment,0,PADUCAH,KY,79.0,1,Dawn,Cloudy,Yard,Freight Train,7,8385,23593,31978,T314,37.06568,-88.608999999999995
UP,1021GL037,2021-10-27,2:12 PM,Derailment,2,FAIRMONT,MN,48.0,2,Day,Rain,Industry,Freight Train,3,233702,360225,593927,T110,43.662753000000002,-94.494270999999998
BNSF,TC1017120,2017-10-03,8:00 PM,Derailment,0,HINCKLEY,MN,55.0,3,Dusk,Cloudy,Yard,Freight Train,6,86994,251797,338791,T205,46.009701999999997,-92.945600999999996
UP,0424LA029,2024-04-17,3:00 PM,Derailment,0,MARANA,AZ,86.0,2,Day,Clear,Industry,Freight Train,4,19212,150,19362,T319,32.411473999999998,-111.153212
TASD,D20220406A,2022-04-06,1:05 PM,Derailment,0,MOBILE,AL,79.0,2,Day,Cloudy,Yard,Freight Train,2,692000,0,727000,T111,30.719629999999999,-88.051646000000005
UP,0324HL025,2024-03-27,9:37 AM,Derailment,0,COFFEYVILLE,KS,33.0,2,Day,Clear,Yard,Yard/switching,9,4664,59080,63744,T210,37.030543999999999,-95.625562000000002
UP,1215LK007,2015-12-11,9:30 PM,Derailment,0,PINE BLUFF,AR,68.0,4,Dark,Cloudy,Yard,Yard/switching,9,132819,177685,310504,T299,34.244484,-91.945683000000002
CP,1000590260,2017-07-16,1:11 PM,Derailment,0,MANKATO,MN,81.0,2,Day,Clear,Industry,Freight Train,9,160743,0,630536,T001,44.153391999999997,-94.052081999999999
HESR,HES876316R,2016-01-16,6:30 AM,Derailment,0,BAY CITY,MI,32.0,4,Dark,Cloudy,Main,Freight Train,5,35000,0,45090,T110,43.603202000000003,-83.885077999999993
BRS,210720008,2021-07-20,11:20 PM,Derailment,0,BATON ROUGE,LA,92.0,4,Dark,Cloudy,Yard,Yard/switching,4,45400,8510,53910,T110,30.57845,-91.231752999999998
AKMD,AKM706215D,2015-03-06,12:39 PM,Derailment,0,JONES MILL,AR,43.0,2,Day,Clear,Main,Freight Train,11,16601,20000,36601,T110,34.461297000000002,-92.916538000000003
BNSF,SW1118106,2018-11-06,8:53 AM,Derailment,0,PHOENIX,AZ,80.0,1,Dawn,Clear,Yard,Yard/switching,3,8800,3700,12500,T202,33.465699000000001,-112.10081599999999
CSX,000137225,2014-11-03,11:10 PM,Derailment,0,GRIMES,AL,43.0,4,Dark,Clear,Main,Freight Train,37,575382,60000,635382,T207,31.2974,-85.428794999999994
UP,0722MA057,2022-07-30,3:32 PM,Derailment,0,TEXARKANA,AR,97.0,2,Day,Cloudy,Siding,Freight Train,19,458533,1151371,1609904,T109,33.391477000000002,-93.804186000000001
UP,0820MA039,2020-08-29,3:07 PM,Derailment,0,NASHVILLE,AR,94.0,2,Day,Cloudy,Yard,Freight Train,8,15928,2640,18568,T110,34.072096000000002,-93.856755000000007
UP,0224LA023,2024-02-12,2:30 AM,Derailment,0,TUCSON,AZ,38.0,4,Dark,Clear,Yard,Light loco(s),8,1234,106262,107496,T208,32.189698,-110.91475
NS,156411,2024-04-18,5:31 PM,Derailment,0,AUGUSTA,GA,75.0,3,Dusk,Clear,Yard,Freight Train,4,10973,3540,14513,T110,33.453436000000004,-81.979027000000002
TASD,D20221120A,2022-11-20,8:30 PM,Derailment,0,MOBILE,AL,46.0,4,Dark,Clear,Industry,Freight Train,2,1639,10700,12339,T113,30.658245000000001,-88.034934000000007
BNSF,SW0617104,2017-06-08,4:32 PM,Derailment,0,PHOENIX,AZ,106.0,2,Day,Clear,Yard,Yard/switching,10,3000,18000,21000,T202,33.464511999999999,-112.100679
UP,0415LV008,2015-04-09,10:30 PM,Derailment,0,LIVONIA,LA,72.0,4,Dark,Cloudy,Yard,Freight Train,8,161580,56034,217614,T319,30.518984,-91.551750999999996
HESR,HES632418R,2018-04-12,9:40 AM,Derailment,0,SAGINAW,MI,46.0,2,Day,Cloudy,Yard,Freight Train,6,9803,0,11743,T110,43.443131999999999,-83.917231000000001
SKOL,D520215,2015-01-12,9:00 AM,Derailment,0,COFFEYVILLE,KS,25.0,2,Day,Clear,Yard,,0,0,1040,27510,T101,37.031067999999998,-95.615764999999996
CSX,000141539,2015-02-13,4:55 PM,Derailment,0,MONTGOMERY,AL,45.0,2,Day,Clear,Yard,Work train,8,49128,5000,54128,T314,32.408887,-86.302104
UP,0218LK012,2018-02-08,3:26 AM,Derailment,0,PINE BLUFF,AR,28.0,4,Dark,Cloudy,Yard,Yard/switching,4,72233,76958,149191,T210,34.241779000000001,-91.947075999999996
UP,0918LK004,2018-09-05,6:46 AM,Derailment,0,NORTH LITTLE ROCK,AR,75.0,1,Dawn,Clear,Yard,Single Car,3,486,0,61700,T102,34.772359000000002,-92.229547999999994
OTVR,OTV267017D,2017-04-08,3:15 AM,Derailment,0,FERGUS FALLS,MN,45.0,4,Dark,Cloudy,Industry,Freight Train,10,396462,15000,411462,T001,46.292492000000003,-96.153749000000005
NS,118150,2015-11-10,1:45 PM,Derailment,0,IRONDALE,AL,72.0,2,Day,Cloudy,Yard,Yard/switching,4,10080,6000,16080,T110,33.548904999999998,-86.678008000000005
UP,0324MA025,2024-03-25,3:45 AM,Derailment,0,HOPE,AR,62.0,4,Dark,Cloudy,Yard,Freight Train,6,28427,0,95767,T111,33.668891000000002,-93.593186000000003
UP,1115CB010,2015-11-28,11:15 AM,Derailment,0,COUNCIL BLUFFS,IA,20.0,2,Day,Clear,Yard,Yard/switching,2,14166,2532,16698,T202,41.249924999999998,-95.878112000000002
UP,0419ST024,2019-04-10,6:30 PM,Derailment,0,PHOENIX,AZ,64.0,3,Dusk,Clear,Industry,Yard/switching,5,112063,8998,121061,T399,33.443990999999997,-112.120898
ATK,145127,2016-11-09,3:34 AM,Derailment,0,BALTIMORE,MD,58.0,4,Dark,Clear,Yard,Spec. MoW Equip.,5,450485,525000,975485,T401,39.299677000000003,-76.562274000000002
CSX,000207575,2022-10-02,4:40 AM,Derailment,0,BIRMINGHAM,AL,50.0,1,Dawn,Clear,Yard,Freight Train,10,61132,1908,63040,T311,33.551927999999997,-86.790377000000007
BNSF,CH0617104,2017-06-05,4:30 PM,Derailment,0,PEORIA,IL,86.0,2,Day,Clear,Main,Freight Train,23,32005,232154,264159,T109,40.698830999999998,-89.648066999999998
BNSF,SW0424109,2024-04-22,11:08 AM,Derailment,0,WINSLOW,AZ,58.0,2,Day,Clear,Yard,Freight Train,10,52500,12205,64705,T205,35.02693,-110.712315
NS,141661,2021-05-26,1:00 AM,Derailment,0,IRONDALE,AL,75.0,4,Dark,Clear,Yard,Yard/switching,4,20111,1662,21773,T304,33.555371999999998,-86.683971
AKMD,618518R,2018-03-27,8:18 PM,Derailment,0,ARKANSAS CITY,AR,65.0,4,Dark,Rain,Industry,Yard/switching,5,10827,500,11327,T319,33.705869999999997,-91.236902000000001
UP,1214ST012,2014-12-17,1:45 PM,Derailment,0,PHOENIX,AZ,74.0,2,Day,Cloudy,Yard,Yard/switching,4,1152,14150,15302,T202,33.444311999999996,-112.05997000000001
UP,0219ST006,2019-02-06,9:15 PM,Derailment,0,TUCSON,AZ,43.0,4,Dark,Cloudy,Yard,Yard/switching,7,1059,9992,11051,T210,32.200572999999999,-110.934293
TIBR,170808006,2017-08-08,5:00 PM,Derailment,0,MERRYVILLE,LA,85.0,2,Day,Cloudy,Yard,Freight Train,4,30000,15000,45000,T109,30.461358000000001,-93.280805000000001
KRR,KRR503519,2019-10-30,8:30 AM,Derailment,0,ASHDOWN,AR,55.0,2,Day,Rain,Main,Freight Train,10,196889,104050,300939,T001,33.654336999999998,-94.004104999999996
DAIR,042015,2015-10-09,8:15 PM,Derailment,0,SIOUX CITY,IA,65.0,4,Dark,Clear,Yard,Freight Train,6,7000,0,10750,T314,42.492693000000003,-96.392374000000004
BNSF,CH0417102,2017-04-04,7:19 PM,Derailment,0,ROCHELLE,IL,47.0,3,Dusk,Cloudy,Yard,Freight Train,5,1500,43277,44777,T111,41.910285000000002,-89.048227999999995
BNSF,KS0621117,2021-06-30,6:15 PM,Derailment,0,KANSAS CITY,KS,80.0,3,Dusk,Cloudy,Yard,Freight Train,8,15164,1500,16664,T308,39.081091000000001,-94.676244999999994
BNSF,KS1223101,2023-12-01,7:00 PM,Derailment,0,KANSAS CITY,KS,27.0,3,Dusk,Clear,Yard,Light loco(s),4,4554,6277,10831,T314,39.078032,-94.663704999999993
UP,0920MA003,2020-09-03,1:30 PM,Derailment,0,MARION,AR,82.0,2,Day,Cloudy,Yard,Freight Train,8,80910,95327,176237,T106,35.195535999999997,-90.254203000000004
NS,118766,2016-01-02,11:30 PM,Derailment,0,ATTICA,IN,31.0,4,Dark,Clear,Main,Freight Train,7,18900,1268,20168,T110,40.298321000000001,-87.246247999999994
UP,1022LA009,2022-10-10,8:30 AM,Derailment,0,TUCSON,AZ,64.0,2,Day,Clear,Yard,Freight Train,7,122322,88500,210822,T208,32.208297000000002,-110.945429
CSX,000165255,2016-12-18,12:50 PM,Derailment,0,EAST SAINT LOUIS,IL,15.0,2,Day,Snow,Yard,Freight Train,3,22391,1080,23471,T207,38.642252999999997,-90.098853000000005
TSWS,92020171,2017-03-12,7:45 PM,Derailment,0,MARION,AR,43.0,3,Dusk,Clear,Yard,Yard/switching,5,0,15098,15098,T112,35.200808000000002,-90.276837
UP,0823GC021,2023-08-30,4:30 PM,Other impacts,0,MARINGOUIN,LA,93.0,2,Day,Clear,Yard,Cut of cars,5,12753,0,15570,T305,30.523531999999999,-91.552195999999995
NS,141871,2021-06-13,9:15 PM,Derailment,0,IRONDALE,AL,77.0,4,Dark,Clear,Yard,Yard/switching,10,96500,134826,231326,T304,33.548904999999998,-86.678009000000003
UP,0820MA031,2020-08-24,4:36 AM,Derailment,0,NORTH LITTLE ROCK,AR,71.0,1,Dawn,Clear,Yard,Single Car,0,67696,0,177141,T403,34.771892999999999,-92.229269000000002
BNSF,SW1220106,2020-12-15,7:00 AM,Derailment,0,WINSLOW,AZ,18.0,1,Dawn,Clear,Yard,Freight Train,6,13919,1000,14919,T307,35.031633999999997,-110.725298
UP,0621MA012,2021-06-12,8:24 PM,Derailment,0,PINE BLUFF,AR,91.0,4,Dark,Clear,Yard,Yard/switching,5,164701,106095,270796,T202,34.243147999999998,-91.945250999999999
BNSF,KS0923111,2023-09-15,3:20 AM,Derailment,0,KANSAS CITY,KS,59.0,4,Dark,Clear,Yard,Freight Train,10,105946,4750,110696,T314,39.086683999999998,-94.691318999999993
SKOL,231031007,2023-10-31,11:10 PM,Derailment,0,FREDONIA,KS,43.0,4,Dark,Clear,Main,Freight Train,23,376796,40420,417216,T202,37.484090999999999,-95.809864000000005
CSX,000179286,2018-10-12,11:30 AM,Derailment,0,JESSUP,MD,63.0,2,Day,Clear,Industry,Freight Train,7,13780,544,14324,T299,39.182170999999997,-76.744552999999996
UP,0617LV010,2017-06-07,10:30 AM,Derailment,0,PORT ALLEN,LA,75.0,2,Day,Clear,Industry,Freight Train,8,54947,810,105757,T113,30.445527999999999,-91.210588999999999
BNSF,SW1122111,2022-11-29,5:20 AM,Derailment,0,WINSLOW,AZ,32.0,1,Dawn,Clear,Yard,Freight Train,8,91079,20000,111079,T207,35.031422999999997,-110.724987
UP,1015CB002,2015-10-04,12:22 PM,Derailment,0,LOGAN,IA,64.0,2,Day,Clear,Main,Freight Train,42,7002,142620,149622,T001,41.649228000000001,-95.782588000000004
ATK,135171,2014-11-10,10:00 AM,Derailment,0,PERRYVILLE,MD,55.0,2,Day,Clear,Yard,Work train,3,122930,5390,128320,T110,39.558672000000001,-76.071138000000005
ELS,15011,2015-11-13,5:20 PM,Derailment,0,KINGSFORD,MI,40.0,4,Dark,Clear,Siding,Freight Train,7,0,20000,20000,T110,45.806438,-88.100364999999996
UP,1218ST046,2018-12-26,7:50 AM,Derailment,0,PHOENIX,AZ,48.0,2,Day,Clear,Yard,Freight Train,4,47206,15607,62813,T202,33.444298000000003,-112.042913
NS,131788,2018-11-25,4:05 AM,Derailment,0,HAGERSTOWN,MD,34.0,1,Dawn,Cloudy,Industry,Freight Train,6,4512,10238,14750,T206,39.659317000000001,-77.727008999999995
UP,0120MA015,2020-01-18,4:55 PM,Derailment,0,PINE BLUFF,AR,62.0,2,Day,Clear,Main,Freight Train,15,34925,162710,197635,T318,34.225940000000001,-91.998208000000005
UP,1215CB012,2015-12-20,4:45 PM,Derailment,0,CLINTON,IA,42.0,4,Dark,Cloudy,Yard,Yard/switching,6,155,12424,12579,T206,41.807459999999999,-90.246471999999997
UP,1116TC005,2016-11-11,5:26 AM,Derailment,1,ELLENDALE,MN,43.0,1,Dawn,Clear,Main,Freight Train,37,1369989,203776,1573765,T299,43.865614000000001,-93.300617000000003
UP,0919MA026,2019-09-12,11:40 AM,Derailment,0,EAST ST LOUIS,IL,85.0,2,Day,Clear,Yard,Freight Train,5,109657,0,111459,T403,38.586100999999999,-90.113266999999993
KRR,KRR859621,2021-10-19,3:30 PM,Derailment,0,ASHDOWN,AR,73.0,2,Day,Clear,Main,Freight Train,8,39000,3923,42923,T207,33.652811,-93.995531999999997
UP,0820MA012,2020-08-08,5:30 PM,Derailment,0,NORTH LITTLE ROCK,AR,92.0,2,Day,Cloudy,Yard,Yard/switching,3,64134,7400,71534,T314,34.771908000000003,-92.229094000000003
AGR,AKM695920,2020-11-25,9:40 AM,Derailment,0,HELENA,AR,50.0,2,Day,Clear,Yard,Freight Train,4,600,11411,12011,T319,34.521270000000001,-90.590241000000006
IHB,2187,2016-02-27,1:30 AM,Derailment,0,GARY,IN,27.0,4,Dark,Clear,Industry,Freight Train,10,13016,9156,22172,T110,41.595218000000003,-87.385874999999999
KRR,819618R,2018-10-16,2:49 PM,Derailment,0,ASHDOWN,AR,47.0,2,Day,Rain,Industry,Freight Train,4,1500,0,17261,T314,33.646033000000003,-94.104311999999993
BNSF,CH0217124,2017-02-23,5:00 PM,Derailment,0,FORT MADISON,IA,47.0,3,Dusk,Cloudy,Yard,Yard/switching,6,5200,66516,71716,T403,40.619494000000003,-91.355492999999996
UP,0419MA066,2019-04-24,10:00 PM,Derailment,0,TEXARKANA,AR,65.0,4,Dark,Rain,Yard,Freight Train,7,2993,39300,42293,T210,33.420599000000003,-94.039992999999996
UP,0417ST003,2017-04-03,10:40 PM,Derailment,0,TUCSON,AZ,60.0,4,Dark,Clear,Yard,Yard/switching,4,6006,6624,12630,T207,32.191220999999999,-110.91732399999999
UP,1014CB016,2014-10-29,4:15 AM,Derailment,0,CLINTON,IA,45.0,4,Dark,Cloudy,Yard,Freight Train,8,13538,118521,132059,T315,41.807473999999999,-90.246560000000002