reportingrailroadcode,accidentnumber,date,time,accidenttype,hazmatreleasedcars,station,stateabbr,temperature,visibility_code,visibility,weathercondition,tracktype,equipmenttype,trainspeed,equipmentdamagecost,trackdamagecost,totaldamagecost,primaryaccidentcausecode,latitude,longitude
UP,1018ST022,2018-10-22,6:22 AM,Derailment,0,PHOENIX,AZ,70.0,1,Dawn,Cloudy,Yard,Freight Train,3,450,19490,19940,T207,33.444114999999996,-112.062344
BNSF,RD1017116,2017-10-20,1:27 AM,Derailment,0,JEFFERSON,LA,72.0,4,Dark,Clear,Main,Freight Train,9,61120,0,119277,T303,29.953787999999999,-90.166398000000001
BNSF,SW0915103,2015-09-09,9:00 PM,Derailment,0,NAVAJO,AZ,70.0,4,Dark,Clear,Industry,Freight Train,20,2000,16500,18500,T108,34.618836000000002,-109.301331
CSX,000144968,2015-02-22,10:55 PM,Derailment,0,BIRMINGHAM,AL,51.0,4,Dark,Rain,Yard,Yard/switching,10,12000,0,17000,T111,33.548062999999999,-86.799843999999993
UP,0217PR017,2017-02-14,12:50 PM,Derailment,0,SOUTH HOLLAND,IL,38.0,2,Day,Clear,Yard,Yard/switching,4,1385,10547,11932,T314,41.622751000000001,-87.611993999999996
NS,126153,2017-08-10,1:55 AM,Derailment,0,HILLSBORO,AL,73.0,4,Dark,Clear,Siding,Freight Train,15,12947,6440,21703,T314,34.651097,-87.245836999999995
BNSF,GC0515105,2015-05-07,9:00 PM,Derailment,0,LITTLE ROCK,AR,70.0,4,Dark,Clear,Siding,Freight Train,7,270267,0,326296,T314,34.752757000000003,-92.282916
AZER,AZE822024D,2024-06-07,8:10 PM,Derailment,0,BYLAS,AZ,97.0,4,Dark,Clear,Main,Freight Train,25,150000,108000,258000,T109,33.169818999999997,-110.161851
UP,0818LK004,2018-08-03,7:00 AM,Derailment,0,NORTH LITTLE ROCK,AR,85.0,2,Day,Clear,Yard,Freight Train,10,127091,96133,223224,T315,34.769798999999999,-92.236267999999995
NOPB,D20210726E,2021-07-26,6:30 PM,Derailment,0,NEW ORLEANS,LA,95.0,2,Day,Clear,Yard,Freight Train,7,20000,50000,70000,T110,29.915686999999998,-90.105271999999999
KRR,KRR497519,2019-10-18,9:30 PM,Derailment,0,HOPE,AR,57.0,4,Dark,Clear,Industry,Freight Train,5,3074,10950,14024,T102,33.677101,-93.595971000000006
BNSF,TC0418116,2018-04-27,2:15 AM,Derailment,0,ST PAUL,MN,40.0,4,Dark,Clear,Yard,Freight Train,5,60000,538682,598682,T399,44.977308999999998,-93.213348999999994
KO,IN201029,2020-10-29,12:42 PM,Derailment,0,WICHITA,KS,50.0,2,Day,Clear,Industry,Yard/switching,6,32000,1000,33000,T102,37.669345999999997,-97.347295000000003
AKMD,732718D,2018-07-22,12:20 PM,Derailment,0,WILMAR,AR,95.0,2,Day,Clear,Main,Freight Train,10,44000,96059,140059,T202,33.630572000000001,-91.989272999999997
CSX,000143132,2015-03-16,12:20 PM,Other impacts,0,AVON,IN,70.0,2,Day,Clear,Yard,Cut of cars,4,3220,0,22464,T305,39.759779000000002,-86.328326000000004
KRR,KRR795424D,2024-05-09,12:30 PM,Derailment,0,ASHDOWN,AR,83.0,2,Day,Clear,Main,Freight Train,5,359000,102000,461000,T001,33.646642999999997,-93.961117999999999
NS,143032,2021-10-03,4:10 AM,Derailment,0,IRONDALE,AL,72.0,1,Dawn,Clear,Yard,Yard/switching,3,5300,41625,46925,T110,33.548904999999998,-86.678009000000003
LSRC,D180222,2018-02-22,6:20 AM,Derailment,0,SAGINAW,MI,32.0,4,Dark,Cloudy,Yard,Yard/switching,8,5940,8480,14420,T110,43.439846000000003,-83.923416000000003
NS,126153,2017-08-10,1:55 AM,Derailment,0,HILLSBORO,AL,73.0,4,Dark,Clear,Main,Freight Train,0,2316,0,21703,T314,34.651097,-87.245836999999995
IR,IR151158,2015-06-16,12:40 PM,Derailment,0,ROCKFORD,IL,75.0,2,Day,Cloudy,Main,,0,0,14784,242889,T110,42.163043000000002,-89.088701
CSX,000176125,2018-05-01,3:21 PM,Derailment,0,LEBANON JUNCTION,KY,82.0,2,Day,Clear,Main,Freight Train,57,1214661,193090,1407751,T109,37.877122999999997,-85.732884999999996
CSX,000164422,2016-11-15,3:00 AM,Derailment,0,BIRMINGHAM,AL,42.0,4,Dark,Clear,Yard,Yard/switching,4,14022,1342,15364,T207,33.509476999999997,-86.812250000000006
TRRA,15002,2015-01-21,4:20 PM,Derailment,0,VENICE,IL,44.0,2,Day,Clear,Yard,,0,0,33562,35279,T111,38.676223999999998,-90.163728000000006
UP,1015TC006,2015-10-20,7:00 PM,Derailment,0,DES MOINES,IA,62.0,4,Dark,Cloudy,Industry,Yard/switching,5,250,18120,18370,T110,41.621293000000001,-93.588509999999999
KRR,KRR641620,2020-07-30,1:00 AM,Derailment,0,ASHDOWN,AR,90.0,4,Dark,Cloudy,Main,Freight Train,8,210000,86000,296000,T001,33.646636000000001,-93.963832999999994
NS,113452,2014-12-15,8:42 PM,Derailment,0,BOONVILLE,IN,45.0,4,Dark,Cloudy,Main,Work train,0,9500,4521,14021,T315,38.043750000000003,-87.303329000000005
UP,0621MA032,2021-06-24,1:20 AM,Derailment,0,PINE BLUFF,AR,76.0,4,Dark,Clear,Yard,Yard/switching,7,42125,83435,125560,T111,34.244540000000001,-91.946803000000003
UP,0715CB002,2015-07-03,11:00 AM,Derailment,0,NEVADA,IA,76.0,2,Day,Clear,Main,Freight Train,23,213333,263092,476425,T102,42.024154000000003,-93.477346999999995
NIRC,MEI045,2015-05-20,12:52 AM,Derailment,0,CHICAGO,IL,44.0,4,Dark,Clear,Main,EMU,15,77485,6683,84168,T101,41.521085999999997,-87.371926000000002
WATX,170411001,2017-04-11,10:08 AM,Derailment,0,FRIERSON,LA,72.0,2,Day,Rain,Yard,Yard/switching,7,4500,0,39500,T319,32.164212999999997,-93.558137000000002
BNSF,NW0224101,2024-02-02,9:45 AM,Derailment,0,POST FALLS,ID,45.0,2,Day,Clear,Industry,Freight Train,3,13791,39157,52948,T111,47.710050000000003,-116.91209600000001
ATK,158140,2019-03-18,12:20 PM,Derailment,0,WASHINGTON,DC,41.0,2,Day,Clear,Yard,Yard/switching,10,6910,5225,12135,T319,38.914828999999997,-76.989784
UP,0317LK017,2017-03-12,8:00 PM,Derailment,0,CRAWFORDSVILLE,AR,35.0,4,Dark,Clear,Yard,Yard/switching,5,540,15098,15638,T112,35.206420000000001,-90.286938000000006
UP,0416LK009,2016-04-22,10:31 AM,Derailment,0,LITTLE ROCK,AR,74.0,2,Day,Clear,Industry,,0,0,26,20280,T206,34.754066000000002,-92.292548999999994
AM,AM010422,2022-01-04,2:52 AM,Derailment,0,RUDY,AR,30.0,4,Dark,Clear,Main,Freight Train,35,100000,500000,600000,T202,35.596380000000003,-94.134251000000006
UP,0515PR030,2015-05-29,12:10 PM,Derailment,0,SOUTH HOLLAND,IL,80.0,2,Day,Rain,Yard,Freight Train,6,996,14342,15338,T110,41.609124000000001,-87.612249000000006
UP,1218RM003,2018-12-04,12:32 PM,Derailment,0,AMERICAN FALLS,ID,23.0,2,Day,Clear,Industry,Freight Train,4,11666,5483,17149,T113,42.793367000000003,-112.853459
UP,0521GP009,2021-05-12,12:25 PM,Derailment,0,FORT LUPTON,CO,49.0,2,Day,Cloudy,Industry,Freight Train,4,25686,5280,30966,T001,40.091414999999998,-104.810991
EIRR,200717004,2020-07-17,1:50 PM,Derailment,0,ST ANTHONY,ID,95.0,2,Day,Clear,Main,Freight Train,25,550,40500,41050,T199,43.994880999999999,-111.578097
UP,0421GC025,2021-04-16,6:57 AM,Derailment,0,NEW ORLEANS,LA,72.0,1,Dawn,Clear,Yard,Freight Train,4,1805,0,21127,T309,30.005989,-90.019451000000004
UP,1222PR017,2022-12-27,4:55 PM,Derailment,0,CHICAGO,IL,24.0,2,Day,Cloudy,Yard,Yard/switching,6,1535,10224,11759,T207,41.861289999999997,-87.679027000000005
BGCM,BGCM121914,2014-12-19,2:00 PM,Derailment,0,LEWISTON,ID,40.0,2,Day,Rain,Main,Freight Train,5,10000,5000,15000,T113,46.452319000000003,-116.806766
UP,0622MA029,2022-06-20,11:47 AM,Derailment,0,STUTTGART,AR,88.0,2,Day,Clear,Main,Freight Train,9,255796,195500,451296,T399,34.507871999999999,-91.545940000000002
BNSF,SW0920104,2020-09-15,3:46 PM,Derailment,0,LOVING,NM,92.0,2,Day,Clear,Industry,Freight Train,2,2500,21414,23914,T112,32.507997000000003,-103.78549700000001
BNSF,HL1120117,2020-11-23,7:25 PM,Derailment,0,LOUISIANA,MO,35.0,3,Dusk,Snow,Industry,Freight Train,5,750,15000,15750,T210,39.427121999999997,-91.027873999999997
NJTR,201805224,2018-05-06,9:17 PM,Other (describe in narrative),0,DENVILLE,NJ,60.0,4,Dark,Cloudy,Main,Commuter Train - Pulling,50,12698,1264,13962,T404,40.879747000000002,-74.524079999999998
CSX,000219411,2024-07-17,1:25 PM,Derailment,0,THOMASVILLE,GA,92.0,2,Day,Clear,Yard,,0,0,1534,1534,T001,30.83315,-83.992785999999995
UP,0117SL008,2017-01-03,3:56 AM,Derailment,0,ROCKWOOD,IL,28.0,4,Dark,Cloudy,Industry,Freight Train,6,111389,135929,247318,T110,37.813360000000003,-89.661636000000001
KRR,KRR063122,2022-11-21,6:10 AM,Derailment,0,HOPE,AR,35.0,1,Dawn,Clear,Main,Freight Train,8,278877,50000,328877,T210,33.64479,-93.871736999999996
CSX,000195583,2021-02-08,4:59 AM,Derailment,0,WALBRIDGE,OH,16.0,1,Dawn,Cloudy,Yard,Freight Train,8,19110,200,21922,T208,41.558352999999997,-83.489007000000001
NS,127400,2017-11-13,4:00 PM,Derailment,0,MARION,IN,48.0,3,Dusk,Clear,Yard,Freight Train,7,31871,6170,38041,T110,40.549078999999999,-85.656943999999996
BRC,13582,2015-05-28,4:40 PM,Derailment,0,SUMMIT,IL,84.0,2,Day,Clear,Industry,Freight Train,4,2964,14565,17529,T111,41.768974,-87.800623000000002
TRRA,23038,2023-07-25,10:35 AM,Derailment,0,VENICE,IL,94.0,2,Day,Clear,Yard,Freight Train,7,26783,200000,226783,T319,38.663466,-90.160399999999996
SLRG,SL110115D,2015-11-01,2:51 PM,Derailment,0,WALSENBURG,CO,56.0,2,Day,Clear,Yard,Freight Train,6,215000,0,220784,T110,37.618673999999999,-104.7953
CSX,000197144,2021-04-21,8:35 PM,Derailment,0,WALBRIDGE,OH,39.0,3,Dusk,Clear,Yard,Freight Train,7,89767,14370,104137,T204,41.589930000000003,-83.496859999999998
BNSF,SW0720104,2020-07-12,2:50 PM,Derailment,0,CLOVIS,NM,110.0,2,Day,Clear,Yard,Freight Train,5,15000,16000,31000,T001,34.397652999999998,-103.21660300000001
TRRA,15011,2015-04-05,11:21 PM,Derailment,0,MADISON,IL,65.0,4,Dark,Cloudy,Yard,,0,0,9967,23086,T314,38.675727999999999,-90.162509999999997
NS,135867,2019-10-17,10:05 AM,Derailment,0,CHICAGO,IL,55.0,2,Day,Clear,Yard,,0,0,3698,26425,T110,41.820805,-87.673669000000004
UP,0220MA033,2020-02-26,1:30 AM,Derailment,0,WEST MEMPHIS,AR,45.0,4,Dark,Cloudy,Industry,Yard/switching,6,78069,8800,86869,T106,35.113014999999997,-90.193000999999995
BNSF,CH0418118,2018-04-27,1:58 PM,Derailment,0,FORT MADISON,IA,64.0,2,Day,Clear,Yard,Freight Train,2,2600,23498,26098,T113,40.623047999999997,-91.347136000000006
WC,902409,2016-09-30,2:35 PM,Derailment,0,DULUTH,MN,55.0,2,Day,Clear,Industry,Freight Train,5,9600,45000,54600,T314,46.747335,-92.143225000000001
BNSF,HL0623102,2023-06-05,2:53 PM,Derailment,0,BLYTHEVILLE,AR,85.0,2,Day,Clear,Yard,Freight Train,7,25312,90000,115312,T001,35.921069000000003,-89.840192000000002
UP,0415PC006,2015-04-24,11:55 AM,Derailment,0,NAMPA,ID,50.0,2,Day,Clear,Yard,Yard/switching,6,27112,121911,149023,T111,43.580860999999999,-116.560228
KCS,20082802,2020-08-28,5:03 PM,Derailment,0,LAPLACE,LA,82.0,2,Day,Rain,Yard,Cut of cars,0,78906,0,139210,T202,30.071397999999999,-90.593883000000005
BRC,014631,2023-04-01,8:18 AM,Side collision,0,BEDFORD PARK,IL,37.0,2,Day,Rain,Yard,Yard/switching,0,26506,0,53012,T305,41.767850000000003,-87.746170000000006
UP,0415PR007,2015-04-05,9:30 PM,Derailment,0,WEST CHICAGO,IL,60.0,4,Dark,Clear,Yard,Freight Train,5,41518,1990,43508,T314,41.880651,-88.197789
LRWN,LRW952016R,2016-04-22,10:31 AM,Derailment,0,LITTLE ROCK,AR,70.0,2,Day,Clear,Yard,Freight Train,10,1429,18825,20280,T206,34.754066000000002,-92.292548999999994
UP,0220MA011,2020-02-11,6:15 PM,Derailment,0,LITTLE ROCK,AR,43.0,3,Dusk,Cloudy,Industry,Freight Train,8,12460,5090,17550,T112,34.715314999999997,-92.241595000000004
BNSF,KS0320115,2020-03-15,5:36 PM,Derailment,0,LAMAR,CO,46.0,3,Dusk,Cloudy,Main,Freight Train,39,214233,253450,467683,T108,38.086776,-102.682365
CRL,CRL181985,2018-01-18,10:40 PM,Derailment,0,CHICAGO,IL,20.0,4,Dark,Clear,Yard,Freight Train,6,76238,40000,116238,T110,41.679234000000001,-87.558599000000001
UP,0220PN020,2020-02-20,2:00 PM,Derailment,0,NAMPA,ID,37.0,2,Day,Clear,Yard,Yard/switching,6,59716,81960,141676,T206,43.565835999999997,-116.538493
UP,1222MA046,2022-12-31,1:49 AM,Derailment,0,VAN BUREN,AR,46.0,4,Dark,Cloudy,Yard,Freight Train,10,20535,8160,28695,T202,35.432122999999997,-94.335131000000004
UP,0724GL004,2024-07-03,1:45 PM,Derailment,0,MISSOURI VALLEY,IA,83.0,2,Day,Clear,Main,Freight Train,20,9774,414347,424121,T108,41.559634000000003,-96.001114999999999
UP,0215PR012,2015-02-14,8:00 AM,Derailment,0,NORTHLAKE,IL,10.0,2,Day,Cloudy,Yard,Freight Train,5,12659,1980,14639,T101,41.894804999999998,-87.884375000000006
CP,1000224302,2015-06-16,12:40 PM,Derailment,0,ROCKFORD,IL,75.0,2,Day,Cloudy,Main,Freight Train,10,228105,0,242889,T110,42.163043000000002,-89.088701
KRR,KRR987822,2022-07-06,4:30 PM,Derailment,0,ASHDOWN,AR,101.0,2,Day,Clear,Main,Freight Train,10,438898,135648,574546,T109,33.683782000000001,-94.245872000000006
BNSF,SF0515112,2015-05-30,8:45 AM,Derailment,0,DUNFERMLINE,IL,74.0,1,Dawn,Rain,Yard,Freight Train,8,20155,658007,678162,T111,40.505755999999998,-90.029843
KRR,KRR033116D,2016-07-19,2:05 PM,Derailment,0,FULTON,AR,98.0,2,Day,Clear,Main,Freight Train,8,20000,59600,79600,T109,33.666311,-93.729670999999996
BNSF,HL0916112,2016-09-25,2:35 PM,Derailment,0,WEST MEMPHIS,AR,95.0,2,Day,Clear,Main,Freight Train,41,1521436,385000,1906436,T109,35.186050999999999,-90.157641999999996
BNSF,PR0320115,2020-03-28,9:15 AM,Derailment,0,DENVER,CO,42.0,2,Day,Clear,Yard,Yard/switching,9,32212,0,62212,T205,39.782076000000004,-104.97395
UP,0517TC020,2017-05-26,11:10 AM,Derailment,0,WATERLOO,IA,64.0,2,Day,Cloudy,Yard,,0,0,38700,282392,T111,42.501393999999998,-92.322761
UP,0121RM033,2021-01-28,8:15 PM,Derailment,0,POCATELLO,ID,44.0,4,Dark,Clear,Yard,Yard/switching,10,1189,43661,44850,T202,42.861414000000003,-112.446752
NS,114275,2015-02-09,2:30 PM,Derailment,0,NEW PARIS,IN,34.0,2,Day,Cloudy,Industry,Freight Train,5,7400,5000,12400,T111,39.822890000000001,-84.821252999999999
UP,0817LK034,2017-08-27,1:16 AM,Derailment,0,NORTH LITTLE ROCK,AR,75.0,4,Dark,Cloudy,Yard,Freight Train,2,9732,3386,13118,T201,34.775444,-92.216566999999998
KRR,KRR532618D,2018-01-04,7:20 AM,Derailment,0,ASHDOWN,AR,20.0,1,Dawn,Clear,Yard,Freight Train,4,25000,7500,32500,T110,33.674961000000003,-94.121391000000003
UP,0718UT007,2018-07-06,2:25 PM,Derailment,0,POCATELLO,ID,90.0,2,Day,Clear,Yard,Yard/switching,7,150,11186,11336,T311,42.852849999999997,-112.436244
UP,0716LK005,2016-07-10,1:45 PM,Derailment,0,BRINKLEY,AR,95.0,2,Day,Clear,Industry,Spec. MoW Equip.,5,387,85069,85456,T110,34.880656000000002,-91.191372999999999
UP,0620RM030,2020-06-21,6:30 AM,Derailment,0,POCATELLO,ID,62.0,1,Dawn,Cloudy,Yard,Yard/switching,4,38590,7690,46280,T309,42.843960000000003,-112.427291
BNSF,SW0319104,2019-03-05,5:43 AM,Derailment,0,WINSLOW,AZ,58.0,1,Dawn,Clear,Yard,Freight Train,5,22444,30000,52444,T307,35.031618000000002,-110.725292
KCS,20082802,2020-08-28,5:03 PM,Derailment,0,LAPLACE,LA,82.0,2,Day,Rain,Yard,Freight Train,5,57753,2551,139210,T202,30.071397999999999,-90.593883000000005
UP,1221RM034,2021-12-29,2:11 AM,Derailment,0,GRAND JUNCTION,CO,24.0,4,Dark,Snow,Yard,Freight Train,9,460690,125446,586136,T110,39.062725999999998,-108.555189
UP,0716LK016,2016-07-21,4:55 AM,Derailment,0,LITTLE ROCK,AR,85.0,4,Dark,Cloudy,Industry,Yard/switching,6,6082,3210,20292,T107,34.717824999999998,-92.237399999999994
IHB,2687,2021-06-25,1:32 PM,Other impacts,0,RIVERDALE,IL,73.0,2,Day,Rain,Yard,Yard/switching,0,20438,0,20438,T103,41.639760000000003,-87.654801000000006
EIRR,230315004,2023-03-15,3:00 AM,Raking collision,0,HEYBURN,ID,31.0,4,Dark,Clear,Main,Freight Train,10,65000,301449,366449,T101,42.547977000000003,-113.765754
KRR,KRR045116D,2016-08-05,8:50 PM,Derailment,0,FOREMAN,AR,88.0,4,Dark,Clear,Yard,Freight Train,4,21000,1000,22000,T108,33.725375999999997,-94.426399000000004
CSX,000143691,2015-03-24,11:40 AM,Derailment,0,OTTAWA,IL,35.0,2,Day,Cloudy,Yard,Freight Train,8,50459,64896,699862,T110,41.35436,-88.831208000000004
CRL,CRL161393,2016-01-21,9:50 AM,Derailment,0,BLUE ISLAND,IL,28.0,2,Day,Clear,Yard,,0,0,28000,166250,T314,41.672232000000001,-87.668621000000002
CSX,000219678,2024-07-30,1:30 PM,Derailment,0,FITZGERALD,GA,90.0,2,Day,Clear,Yard,Freight Train,9,25518,6592,32110,T205,31.723527000000001,-83.271096999999997
UP,0715PC003,2015-07-19,9:36 AM,Derailment,0,POCATELLO,ID,72.0,2,Day,Clear,Yard,Freight Train,6,2388,21891,24279,T319,42.865496,-112.449303
EIRR,210127001,2021-01-27,1:00 AM,Derailment,0,HAZELTON,ID,31.0,4,Dark,Clear,Main,Freight Train,20,225000,100000,325000,T210,42.602800999999999,-114.014438
NJTR,202401013,2023-12-07,12:38 AM,Derailment,0,HAWTHORNE,NJ,31.0,4,Dark,Clear,Yard,Work train,3,68557,0,68557,T113,40.940367999999999,-74.154742999999996
RTDC,165238,2021-02-03,10:42 AM,Other impacts,0,DENVER,CO,60.0,2,Day,Clear,Main,EMU,48,0,11648,11648,T404,39.771844999999999,-104.901809
NOGC,OP041721,2021-04-17,6:00 PM,Derailment,0,GRETNA,LA,64.0,2,Day,Rain,Main,Freight Train,10,92000,35899,127899,T001,29.930429,-90.054216999999994
CSX,000188190,2020-01-31,9:56 AM,Derailment,0,WAYCROSS,GA,55.0,2,Day,Cloudy,Yard,Yard/switching,7,45499,26700,72199,T207,31.213524,-82.353588000000002
MRL,2017038,2017-03-17,5:50 AM,Derailment,0,KOOTENAI,ID,30.0,1,Dawn,Rain,Main,Freight Train,40,147000,330000,477000,T002,48.30292,-116.531065
UP,0519PN028,2019-05-26,10:45 AM,Derailment,0,PLUMMER,ID,55.0,2,Day,Clear,Industry,Work train,6,37241,11045,48286,T199,47.333488000000003,-116.881469
BRC,13567,2015-04-25,9:20 AM,Other impacts,0,BEDFORD PARK,IL,42.0,2,Day,Clear,Yard,Freight Train,5,51941,1155,53096,T305,41.762134000000003,-87.744172000000006
KRR,KRR786421,2021-05-27,11:30 PM,Derailment,0,FOREMAN,AR,75.0,4,Dark,Rain,Main,Freight Train,10,10732,8563,19295,T102,33.717173000000003,-94.377385000000004
BNSF,MT1216102,2016-12-05,10:51 PM,Derailment,0,WAGNER,MT,0.0,4,Dark,Clear,Main,Freight Train,8,2300,13500,15800,T207,48.364556,-108.018726
UP,0116LK015,2016-01-18,5:15 PM,Derailment,0,NORTH LITTLE ROCK,AR,40.0,2,Day,Clear,Yard,Light loco(s),5,18597,0,18597,T311,34.764605000000003,-92.255971000000002
UP,0520RM011,2020-05-10,6:17 PM,Derailment,0,POCATELLO,ID,80.0,3,Dusk,Clear,Yard,Yard/switching,7,47695,9746,57441,T309,42.877088000000001,-112.464845
SLRG,SL111014D,2014-11-10,11:45 PM,Derailment,0,LA VETA,CO,33.0,4,Dark,Clear,Main,Freight Train,10,106879,8990,115869,T110,37.519379999999998,-105.14757
TRRA,23003,2023-01-20,5:25 AM,Derailment,0,VENICE,IL,33.0,1,Dawn,Clear,Yard,Yard/switching,4,0,73009,73009,T111,38.664270000000002,-90.159809999999993
UP,0718UT028,2018-07-25,8:45 PM,Derailment,0,POCATELLO,ID,70.0,4,Dark,Clear,Yard,Yard/switching,10,4131,40094,44225,T113,42.877837999999997,-112.463964
CSX,000173030,2017-11-22,9:00 AM,Derailment,0,BRUNSWICK,GA,70.0,2,Day,Clear,Yard,Yard/switching,7,15746,732,16478,T110,31.185265000000001,-81.504700999999997
NS,123091,2016-12-10,10:30 AM,Derailment,0,CORINTH,MS,35.0,2,Day,Clear,Yard,Freight Train,3,86133,12197,98330,T110,34.931005999999996,-88.502853000000002
BRC,13524,2015-02-17,9:10 AM,Other impacts,0,BEDFORD PARK,IL,-20.0,2,Day,Cloudy,Yard,Cut of cars,2,13541,0,13541,T305,41.769060000000003,-87.449129999999997
BRC,13575,2015-05-24,5:39 PM,Other impacts,0,BEDFORD PARK,IL,73.0,2,Day,Cloudy,Yard,Yard/switching,4,18679,20000,38679,T305,41.766598999999999,-87.768783999999997
UP,0716LK017,2016-07-21,2:58 PM,Derailment,0,FORREST CITY,AR,97.0,2,Day,Clear,Main,Freight Train,25,15297,135525,150822,T108,34.921557,-90.791263999999998
LRPA,LRPA110321,2021-11-03,8:55 AM,Derailment,0,LITTLE ROCK,AR,50.0,2,Day,Clear,Yard,Yard/switching,3,0,12802,12802,T319,34.714312,-92.190734000000006
GWR,GWRC161476,2016-05-15,12:00 PM,Derailment,0,TIMNATH,CO,54.0,2,Day,Clear,Main,Freight Train,9,475542,70151,545693,T202,40.533090000000001,-104.96119299999999
NS,136146,2019-11-10,3:50 PM,Derailment,0,MONTICELLO,IL,45.0,2,Day,Clear,Industry,Freight Train,6,29163,3784,32947,T110,40.020784999999997,-88.577136999999993
UP,1123GL012,2023-11-18,1:58 PM,Derailment,0,COLUMBUS,NE,64.0,2,Day,Clear,Yard,Light loco(s),3,250,12706,12956,T319,41.426737000000003,-97.382071999999994
ATK,177212,2023-10-16,1:54 PM,Other (describe in narrative),0,ELIZABETH,NJ,65.0,2,Day,Clear,Main,,0,0,4431,16159,T404,40.681052000000001,-74.205567000000002
UP,0316DV004,2016-03-16,9:30 PM,Derailment,0,GRAND JUNCTION,CO,50.0,4,Dark,Clear,Yard,Yard/switching,6,17993,113520,131513,T319,39.067911000000002,-108.53372899999999
NS,136345,2019-11-27,11:35 AM,Derailment,0,GRANITE CITY,IL,45.0,2,Day,Clear,Main,Yard/switching,4,1200,14874,16074,T110,38.722763,-90.142583999999999
UP,0616DV018,2016-06-30,11:20 AM,Derailment,0,GRAND JUNCTION,CO,75.0,2,Day,Cloudy,Yard,Yard/switching,4,139,10650,10789,T319,39.064317000000003,-108.548822
UP,0520PR002,2020-05-04,11:10 PM,Derailment,0,CHICAGO HTS,IL,39.0,4,Dark,Cloudy,Yard,Freight Train,4,3129,17760,20889,T399,41.509239000000001,-87.618427999999994
NIRC,RII010,2015-02-23,8:38 PM,Derailment,0,BLUE ISLAND,IL,5.0,4,Dark,Cloudy,Yard,Yard/switching,6,1010,12551,13561,T399,41.655932999999997,-87.675995999999998
UP,0619GP044,2019-06-29,1:32 PM,Derailment,0,PUEBLO,CO,99.0,2,Day,Clear,Yard,Freight Train,5,21870,2430,24300,T110,38.271926000000001,-104.628231
CSX,000168660,2017-05-02,11:00 PM,Other impacts,0,INDIANAPOLIS,IN,54.0,4,Dark,Cloudy,Yard,Cut of cars,4,111923,0,178742,T305,39.759791,-86.327526000000006
BNSF,CH0821109,2021-08-23,8:28 PM,Derailment,0,GALESBURG,IL,88.0,3,Dusk,Clear,Yard,Yard/switching,3,800,17000,17800,T314,40.934685999999999,-90.412822000000006
BNSF,CH0215114,2015-02-27,7:57 PM,Derailment,0,CHICAGO,IL,5.0,3,Dusk,Cloudy,Yard,Freight Train,10,22934,250,23184,T314,41.816859999999998,-87.716758999999996
UP,0320PR008,2020-03-22,4:13 AM,Derailment,0,SOUTH HOLLAND,IL,27.0,1,Dawn,Cloudy,Yard,Freight Train,8,21309,9084,30393,T210,41.610649000000002,-87.611851999999999
BNSF,CH0115115,2015-01-15,7:00 PM,Derailment,0,CHICAGO,IL,20.0,3,Dusk,Clear,Yard,Light loco(s),4,28000,500,28500,T399,41.826664000000001,-87.716354999999993
IAIS,2015031,2015-03-12,2:50 AM,Derailment,0,SILVIS,IL,30.0,4,Dark,Clear,Yard,Yard/switching,9,1462,10272,11734,T314,41.515816000000001,-90.424988999999997
CSX,000164454,2016-11-18,3:20 AM,Derailment,0,EVANSVILLE,IN,58.0,4,Dark,Clear,Yard,Freight Train,6,60676,434,61110,T207,37.962372000000002,-87.609363000000002
GWR,GWRC182257,2018-09-30,7:12 PM,Derailment,0,WINDSOR,CO,60.0,4,Dark,Clear,Main,Freight Train,10,352000,101000,453000,T202,40.483080999999999,-104.909105
NS,113596,2014-12-28,12:30 AM,Derailment,0,BURNHAM,IL,32.0,4,Dark,Clear,Yard,Freight Train,6,500,15533,16033,T110,41.681038000000001,-87.564241999999993
UP,0623RM012,2023-06-13,11:30 AM,Derailment,0,GRAND JUNCTION,CO,70.0,2,Day,Clear,Yard,Freight Train,9,110987,87206,198193,T313,39.068009000000004,-108.532398
UP,0618DV024,2018-06-24,11:00 AM,Derailment,0,GRAND JUNCTION,CO,83.0,2,Day,Clear,Yard,Yard/switching,4,250,17360,17610,T110,39.060324999999999,-108.564567
BNSF,KS0919108,2019-09-18,8:10 AM,Derailment,0,LA JUNTA,CO,62.0,1,Dawn,Clear,Yard,Freight Train,7,16000,4000,20000,T202,37.988888000000003,-103.538211
UP,1214PR013,2014-12-11,9:23 PM,Derailment,0,NORTHLAKE,IL,35.0,4,Dark,Cloudy,Yard,Yard/switching,4,29729,4326,34055,T113,41.909292999999998,-87.915379999999999
CSS,CSS000015,2021-10-15,2:58 AM,Derailment,0,CHICAGO,IL,61.0,4,Dark,Clear,Yard,Freight Train,8,37200,25000,62200,T110,41.669691,-87.596135000000004