reportingrailroadcode,accidentnumber,date,time,accidenttype,hazmatreleasedcars,station,stateabbr,temperature,visibility_code,visibility,weathercondition,tracktype,equipmenttype,trainspeed,equipmentdamagecost,trackdamagecost,totaldamagecost,primaryaccidentcausecode,latitude,longitude
WC,1055859,2020-12-02,1:20 PM,Derailment,0,WEST CHICAGO,IL,45.0,2,Day,Clear,Yard,Yard/switching,8,7000,0,23120,T210,41.908926000000001,-88.229766999999995
CRSH,146792,2023-09-16,10:08 AM,Derailment,0,NEWARK,NJ,76.0,2,Day,Clear,Main,,0,0,343482,505666,T319,40.706780000000002,-74.149665999999996
BNSF,CH0115114,2015-01-12,5:00 PM,Derailment,0,CHICAGO,IL,32.0,3,Dusk,Clear,Yard,Light loco(s),4,61684,0,61684,T201,41.823,-87.713999999999999
GRW,06,2022-03-09,2:00 AM,Derailment,0,GARY,IN,30.0,4,Dark,Cloudy,Industry,Yard/switching,4,582,11959,12541,T110,41.624825000000001,-87.330157999999997
BNSF,PR1021118,2021-10-26,8:21 PM,Derailment,0,DENVER,CO,45.0,3,Dusk,Clear,Yard,Yard/switching,4,66184,790,66974,T206,39.768828999999997,-104.99142999999999
UP,0415DV007,2015-04-12,11:15 PM,Derailment,0,COLORADO SPGS,CO,35.0,4,Dark,Clear,Main,,0,0,548332,731224,T299,38.821477999999999,-104.830133
UP,1114DV014,2014-11-13,5:25 AM,Derailment,0,ELBERT,CO,-10.0,4,Dark,Cloudy,Main,Freight Train,10,47136,108763,155899,T202,39.334752000000002,-103.841167
BNSF,PR1216115,2016-12-24,2:50 AM,Derailment,0,DENVER,CO,38.0,4,Dark,Clear,Yard,Yard/switching,5,13412,5500,18912,T110,39.768509999999999,-104.99047
BNSF,PR1219106,2019-12-12,7:30 PM,Derailment,0,DENVER,CO,24.0,3,Dusk,Cloudy,Yard,Yard/switching,4,4509,9300,13809,T319,39.783372999999997,-104.99771800000001
CW,14072020,2020-07-16,7:30 PM,Derailment,0,PUEBLO,CO,95.0,3,Dusk,Clear,Yard,Yard/switching,4,11093,7185,18278,T110,38.221387999999997,-104.60722199999999
UP,0916DV015,2016-09-28,11:45 PM,Derailment,0,SOMERSET,CO,45.0,4,Dark,Clear,Industry,Freight Train,1,52637,1500,54137,T099,38.929468999999997,-107.44877
CSS,CSS000014,2021-09-17,2:18 AM,Derailment,0,CHICAGO,IL,66.0,4,Dark,Clear,Yard,Freight Train,8,2430,17369,19799,T311,41.672531999999997,-87.598768000000007
BNSF,CH0115122,2015-01-23,10:30 AM,Derailment,0,EOLA,IL,25.0,2,Day,Cloudy,Yard,Freight Train,8,23277,29000,52277,T110,41.770904000000002,-88.270608999999993
UP,0721PR014,2021-07-28,3:31 PM,Derailment,0,BERKELEY,IL,91.0,2,Day,Clear,Yard,Work train,10,5282,38265,43547,T314,41.896557999999999,-87.913213999999996
BNSF,CH0220105,2020-02-08,8:09 AM,Derailment,0,SESSER,IL,32.0,2,Day,Cloudy,Main,Freight Train,43,947729,806279,1754008,T001,38.051994000000001,-89.043621999999999
BNSF,PR0720106,2020-07-16,12:30 PM,Derailment,0,GOLDEN,CO,84.0,2,Day,Cloudy,Yard,Freight Train,9,4000,10476,14476,T108,39.766154,-105.20770899999999
CSX,000195583,2021-02-08,4:59 AM,Derailment,0,WALBRIDGE,OH,16.0,1,Dawn,Cloudy,Yard,Cut of cars,0,2612,0,21922,T208,41.558352999999997,-83.489007000000001
NS,122670,2016-11-05,8:55 AM,Derailment,0,DAYTON,IN,43.0,2,Day,Clear,Yard,Yard/switching,10,5567,5289,10856,T207,40.373862000000003,-86.809256000000005
NS,114884,2015-03-18,1:50 PM,Derailment,0,WHITING,IL,43.0,2,Day,Clear,Yard,Freight Train,6,864,49782,50646,T210,41.694381,-87.564355000000006
RTDC,090619,2019-09-06,12:52 PM,Other impacts,0,THORNTON,CO,78.0,2,Day,Cloudy,Main,EMU,16,26829,3414,30243,T404,39.926580000000001,-104.96487
NS,137015,2020-02-01,12:40 PM,Other (describe in narrative),0,DECATUR,IL,35.0,2,Day,Clear,Yard,Yard/switching,10,26095,3592,29687,T399,39.859335999999999,-88.894983999999994
DSNG,1717,2017-06-17,5:12 PM,Side collision,0,DURANGO,CO,94.0,2,Day,Clear,Main,Passenger Train - Pulling,12,27000,1000,28000,T111,37.274999999999999,-107.8794
NICD,N1500008,2015-02-06,7:30 PM,Other (describe in narrative),0,CHICAGO,IL,24.0,4,Dark,Clear,Main,Commuter Train - Pulling,45,15192,0,23035,T404,41.772109999999998,-87.592459000000005
SLRG,SL171212A,2017-12-12,1:10 AM,Derailment,0,LA VETA,CO,30.0,4,Dark,Clear,Main,Freight Train,10,22169,39213,61382,T110,37.521816000000001,-105.081813
UP,1023GP010,2023-10-09,4:58 PM,Derailment,0,COLORADO SPRINGS,CO,70.0,2,Day,Clear,Yard,Freight Train,6,298661,147739,527218,T399,38.794896999999999,-104.78121
SLRG,SL180404A,2018-04-04,11:21 PM,Derailment,0,FORT GARLAND,CO,41.0,4,Dark,Clear,Main,Freight Train,20,286543,25000,311543,T299,37.472442999999998,-105.339856
NJTR,202401040,2023-12-26,3:45 AM,Derailment,0,KEARNY,NJ,38.0,4,Dark,Clear,Yard,Light loco(s),3,45712,0,45712,T113,40.744050000000001,-74.101966000000004
RTDC,56194,2017-10-28,4:46 AM,Other impacts,0,AURORA,CO,37.0,4,Dark,Clear,Siding,EMU,5,15017,983,16000,T403,39.761063999999998,-104.81553
BNSF,SW1119110,2019-11-30,8:59 AM,Derailment,0,GALLUP,NM,14.0,1,Dawn,Clear,Yard,Freight Train,4,112000,14000,126000,T202,35.525747000000003,-108.752594
KJRY,KJRY200405,2020-04-05,11:58 AM,Derailment,0,BARTONVILLE,IL,56.0,2,Day,Clear,Main,,0,0,10847,10847,T101,40.594855000000003,-89.671921999999995
NJTR,201811525,2018-11-12,4:36 AM,Other (describe in narrative),0,FAR HILLS,NJ,33.0,4,Dark,Clear,Main,EMU,50,14832,0,14832,T404,40.688467000000003,-74.642756000000006
NIRC,MEI013,2015-02-06,7:30 PM,Other (describe in narrative),0,CHICAGO,IL,24.0,4,Dark,Clear,Main,,0,0,7843,23035,T404,41.772109999999998,-87.592459000000005
UP,1220ME019,2020-12-29,8:21 AM,Derailment,0,DENVER,CO,24.0,2,Day,Cloudy,Yard,Light loco(s),5,14343,3292,17635,T314,39.785117,-104.99880899999999
BNSF,KS1219114,2019-12-23,3:50 PM,Derailment,0,TRINCHERA,CO,58.0,2,Day,Clear,Main,Freight Train,34,57600,0,57600,T102,37.013551999999997,-103.917734
UP,0119GP035,2019-01-17,1:10 PM,Derailment,0,GRAND ISLAND,NE,36.0,2,Day,Cloudy,Yard,Freight Train,6,40639,79390,120029,T403,40.933340999999999,-98.322844000000003
UP,0121MA037,2021-01-30,3:30 AM,Derailment,0,DUPO,IL,34.0,4,Dark,Cloudy,Yard,Freight Train,10,231327,11400,242727,T309,38.504156000000002,-90.218331000000006
BNSF,PR0620106,2020-06-13,11:30 PM,Derailment,0,DENVER,CO,60.0,4,Dark,Clear,Yard,Freight Train,1,34179,30000,64179,T111,39.766455999999998,-104.992441
UP,0619RM030,2019-06-24,6:31 AM,Derailment,0,CRAIG,CO,46.0,1,Dawn,Cloudy,Industry,Freight Train,13,398394,21936,420330,T207,40.497439,-107.56963399999999
UP,0721PR003,2021-07-08,11:59 AM,Derailment,0,DOLTON,IL,66.0,2,Day,Cloudy,Yard,Freight Train,2,34401,22880,57281,T205,41.630513000000001,-87.612239000000002
NJTR,201808407,2018-08-13,8:51 PM,Derailment,0,BOUND BROOK,NJ,74.0,4,Dark,Cloudy,Yard,Light loco(s),3,19607,4199,23806,T110,0.0,0.0
NS,137505,2020-03-16,11:25 PM,Derailment,0,NEW HAVEN,IN,39.0,4,Dark,Cloudy,Yard,Freight Train,8,16649,12678,29327,T110,41.074437000000003,-85.057631999999998
BNSF,PR0222114,2022-02-18,4:35 AM,Derailment,0,DENVER,CO,15.0,1,Dawn,Snow,Yard,Yard/switching,3,21002,9200,30202,T113,39.774799000000002,-104.98213199999999
UP,0520PR020,2020-05-29,12:30 PM,Derailment,0,NORTHLAKE,IL,73.0,2,Day,Clear,Industry,Yard/switching,4,11885,2513,14398,T110,41.909367000000003,-87.914698999999999
ATK,169362,2021-12-17,4:00 PM,Derailment,0,NEW YORK,NY,58.0,3,Dusk,Clear,Yard,,0,0,76000,89881,T110,40.745696000000002,-73.939412000000004
SLRG,SL200502A,2020-05-02,2:40 AM,Derailment,0,LA VETA,CO,53.0,4,Dark,Clear,Main,Freight Train,8,6268,24957,31225,T110,37.521621000000003,-105.081328
BNSF,PR0816112,2016-08-18,5:50 PM,Derailment,0,DENVER,CO,76.0,3,Dusk,Clear,Yard,Light loco(s),8,15000,650,15650,T399,39.779304000000003,-104.976061
BNSF,PR1114110,2014-11-11,5:00 PM,Derailment,0,DENVER,CO,10.0,3,Dusk,Snow,Yard,Yard/switching,10,8733,6000,14733,T316,39.766012000000003,-104.99227500000001
CSX,000213507,2023-09-16,10:08 AM,Derailment,0,NEWARK,NJ,66.0,2,Day,Clear,Main,Freight Train,8,162184,0,505666,T319,40.706780000000002,-74.149665999999996
BNSF,CH0115124,2015-01-27,3:10 AM,Derailment,0,GALESBURG,IL,33.0,4,Dark,Cloudy,Yard,Yard/switching,10,75620,4250,79870,T314,40.944823,-90.363184000000004
NS,136032,2019-11-01,2:08 AM,Derailment,0,DECATUR,IL,28.0,4,Dark,Clear,Yard,Yard/switching,7,12071,28220,40291,T110,39.852179,-88.918353999999994
BNSF,CH0720115,2020-07-27,1:26 AM,Derailment,0,CHICAGO,IL,80.0,4,Dark,Clear,Yard,Light loco(s),5,75506,33800,109306,T207,41.822057000000001,-87.715136999999999
SLRG,SL210330B,2021-03-30,8:43 AM,Derailment,0,LA VETA,CO,30.0,2,Day,Clear,Main,Freight Train,20,27277,1616,28893,T207,37.518563,-105.06756900000001
NS,113054,2014-11-17,10:05 AM,Derailment,0,LITCHFIELD,IL,20.0,2,Day,Snow,Siding,Freight Train,21,36500,187102,223602,T110,39.14564,-89.667606000000006
ALS,20150129,2015-01-29,6:00 AM,Derailment,0,CENTREVILLE,IL,44.0,4,Dark,Cloudy,Yard,Yard/switching,4,7500,133113,140613,T199,38.587949999999999,-90.135808999999995
INRD,644232,2017-09-18,11:48 PM,Derailment,0,PIMENTO,IN,82.0,4,Dark,Clear,Industry,Freight Train,9,80000,55000,135000,T101,39.294569000000003,-87.343221999999997
UP,0720GP033,2020-07-09,9:30 AM,Derailment,1,COMMERCE CITY,CO,74.0,2,Day,Clear,Yard,Yard/switching,5,655955,0,690955,T202,39.773040000000002,-104.987819
ATK,136155,2015-02-02,3:15 AM,Derailment,0,CHICAGO,IL,16.0,4,Dark,Snow,Yard,Light loco(s),2,25000,0,25000,T399,41.893476999999997,-87.645364000000001
CSX,000168660,2017-05-02,11:00 PM,Other impacts,0,INDIANAPOLIS,IN,54.0,4,Dark,Cloudy,Yard,Yard/switching,4,52775,14044,178742,T305,39.759791,-86.327526000000006
BNSF,PR0819111,2019-08-27,7:00 AM,Derailment,0,DENVER,CO,65.0,1,Dawn,Clear,Yard,Yard/switching,7,5619,35000,40619,T101,39.769081999999997,-104.989572
GWR,GWRC182348,2018-12-22,11:20 PM,Derailment,0,WINDSOR,CO,18.0,4,Dark,Clear,Main,Freight Train,10,526000,53000,579000,T202,40.498846999999998,-104.934617
UP,0719PR027,2019-07-20,5:52 PM,Derailment,0,BEDFORD PARK,IL,94.0,2,Day,Clear,Yard,Freight Train,8,12004,0,17600,T202,41.758069999999996,-87.692329999999998
NS,116855,2015-08-07,7:50 PM,Derailment,0,URBANA,IL,72.0,3,Dusk,Clear,Main,Freight Train,2,15,12831,12846,T110,40.114373999999998,-88.193963999999994
BRC,13499,2014-12-09,3:05 AM,Other impacts,0,BEDFORD PARK,IL,35.0,4,Dark,Clear,Yard,Yard/switching,4,52010,680,52690,T305,41.762596000000002,-87.727458999999996
NS,114509,2015-02-24,8:15 PM,Derailment,0,WINSTON-SALEM,NC,25.0,4,Dark,Cloudy,Yard,Freight Train,6,4200,20862,25062,T110,36.128757999999998,-80.233452
UP,0719GP028,2019-07-23,6:45 PM,Derailment,0,NORTH PLATTE,NE,79.0,3,Dusk,Clear,Yard,Yard/switching,10,58199,47210,105409,T001,41.149859999999997,-100.809822
RTDC,46006,2017-05-11,8:20 AM,Other impacts,0,AURORA,CO,49.0,2,Day,Cloudy,Main,EMU,74,13719,1719,15438,T404,39.760151999999998,-104.812054
IHB,2588,2020-02-26,6:19 PM,Derailment,0,EAST CHICAGO,IN,29.0,3,Dusk,Snow,Main,,0,0,3000,2962453,T201,41.630077999999997,-87.431967999999998
BNSF,PR0720102,2020-07-09,9:30 AM,Derailment,0,DENVER,CO,74.0,2,Day,Clear,Yard,,0,0,35000,690955,T202,39.773040000000002,-104.987819
ATK,151460,2018-01-11,1:50 AM,Derailment,0,LONG ISLAND CITY,NY,35.0,4,Dark,Clear,Yard,,0,0,75,24741,T319,40.750508000000004,-73.928365999999997
NS,122828,2016-11-20,9:20 PM,Derailment,0,NEW HAVEN,IN,33.0,4,Dark,Clear,Yard,Freight Train,8,51162,10865,62027,T315,41.074437000000003,-85.057631999999998
UP,0315PR021,2015-03-18,1:15 PM,Derailment,0,NORTHLAKE,IL,45.0,2,Day,Cloudy,Yard,Freight Train,5,175084,262200,437284,T101,41.893709000000001,-87.887155000000007
UP,0216DV004,2016-02-03,6:55 PM,Derailment,0,GRAND JUNCTION,CO,17.0,4,Dark,Cloudy,Yard,Yard/switching,7,1085,186866,187951,T111,39.067698999999998,-108.53461900000001
BNSF,PR0715100,2015-07-01,11:15 AM,Derailment,0,PUEBLO,CO,82.0,2,Day,Clear,Yard,Freight Train,5,5600,54771,60371,T316,38.290208,-104.639927
NS,113271,2014-12-03,9:50 PM,Derailment,0,DECATUR,IL,40.0,4,Dark,Clear,Industry,Yard/switching,6,13000,0,13000,T210,39.86345,-88.89855
SW,SWW071316D,2016-07-13,5:30 PM,Derailment,0,HATCH,NM,95.0,3,Dusk,Clear,Yard,Freight Train,3,3221,10931,14152,T110,32.665399999999998,-107.15309999999999
BNSF,SW0316103,2016-03-13,8:50 AM,Derailment,0,VAUGHN,NM,32.0,1,Dawn,Clear,Main,Freight Train,9,153642,29000,182642,T207,34.511342999999997,-105.080674
IC,1060438,2021-02-02,10:30 PM,Derailment,0,MOUNDS,IL,28.0,4,Dark,Clear,Industry,Freight Train,6,64457,4000,68457,T110,37.112279999999998,-89.202288999999993
UP,0218DV006,2018-02-14,12:41 AM,Derailment,0,OAK CREEK,CO,18.0,4,Dark,Cloudy,Industry,Freight Train,1,155458,2577,158035,T111,40.350745000000003,-107.066295
NS,125384,2017-06-10,6:12 AM,Derailment,0,CITY SPRINGS,NY,66.0,1,Dawn,Clear,Main,Freight Train,1,3440,0,60551,T318,42.842336000000003,-78.177560999999997
KCS,20051301,2020-05-13,11:30 AM,Derailment,0,SPRINGFIELD,IL,55.0,2,Day,Cloudy,Yard,Light loco(s),7,23683,0,24364,T319,39.814998000000003,-89.633707000000001
BRC,13545,2015-03-21,5:00 AM,Derailment,0,CHICAGO,IL,39.0,4,Dark,Clear,Yard,,0,0,11780,36780,T202,41.754297000000001,-87.700097999999997
NS,137105,2020-02-09,5:15 AM,Derailment,0,GRANITE CITY,IL,34.0,1,Dawn,Rain,Yard,Yard/switching,7,20100,10900,31000,T110,38.722763,-90.142583999999999
BNSF,PR1017107,2017-10-10,10:50 AM,Derailment,0,COMMERCE CITY,CO,50.0,2,Day,Clear,Yard,Yard/switching,6,27253,46000,73253,T110,39.801538999999998,-104.937838
CSX,000165530,2016-12-29,4:30 AM,Derailment,0,CINCINNATI,OH,31.0,1,Dawn,Cloudy,Yard,Freight Train,7,12623,1008,13631,T207,39.104289000000001,-84.538797000000002
RTDC,131053,2020-02-22,10:41 AM,Raking collision,0,DENVER,CO,43.0,2,Day,Clear,Main,EMU,14,15000,200,15200,T403,39.767530999999998,-104.787623
CSX,000175003,2018-03-01,12:01 AM,Derailment,0,WAYCROSS,GA,55.0,4,Dark,Clear,Yard,Yard/switching,10,17236,21417,38653,T102,31.213524,-82.353588000000002
ATK,161307,2019-09-25,7:12 PM,Other (describe in narrative),0,STAMFORD,CT,58.0,2,Day,Clear,Main,Passenger Train - Pulling,44,37668,0,41369,T210,41.052778000000004,-73.538888999999998
FEC,D31042321,2021-04-23,6:45 AM,Derailment,0,RIVIERA BEACH,FL,75.0,1,Dawn,Clear,Yard,Yard/switching,6,4147,33698,37845,T111,26.772451,-80.078041999999996
CSX,000160428,2016-06-08,2:57 AM,Derailment,0,ORLANDO,FL,80.0,4,Dark,Cloudy,Siding,Freight Train,6,24041,2609,31333,T110,28.509857,-81.379769999999994
CSX,000179886,2018-11-16,9:40 AM,Derailment,0,JACKSONVILLE,FL,40.0,2,Day,Clear,Yard,Freight Train,4,13473,696,14169,T201,30.359362000000001,-81.716896000000006
CSX,000176625,2018-05-27,8:52 AM,Derailment,0,TAMPA,FL,73.0,2,Day,Cloudy,Yard,Freight Train,10,213952,23636,237588,T207,27.955840999999999,-82.389522999999997
BNSF,HL0121115,2021-01-26,4:55 PM,Derailment,0,NORTH KANSAS CITY,MO,34.0,2,Day,Clear,Yard,Freight Train,8,20248,11000,31248,T307,39.125050999999999,-94.586009000000004
SFRV,112220211,2021-11-22,3:30 PM,Derailment,0,MIAMI-DADE,FL,78.0,2,Day,Clear,Yard,,0,0,75000,79545,T311,25.860074999999998,-80.260001000000003
CDOT,154059,2018-06-28,3:12 PM,Derailment,0,NEW HAVEN,CT,80.0,2,Day,Cloudy,Yard,Yard/switching,0,23746,0,47492,T499,41.310726000000003,-72.929916000000006
CSX,000189393,2020-03-30,5:50 AM,Derailment,0,MULBERRY,FL,80.0,1,Dawn,Clear,Yard,Freight Train,8,25463,2013,27476,T210,27.898949000000002,-81.976598999999993
CSX,000191411,2020-07-17,1:45 AM,Derailment,0,MULBERRY,FL,90.0,4,Dark,Clear,Industry,Freight Train,8,52743,321,53064,T207,27.841819000000001,-82.041426000000001
FEC,D57091923,2023-09-19,5:00 PM,Derailment,0,MIAMI SPRINGS,FL,88.0,2,Day,Clear,Yard,Yard/switching,5,3296,14135,17431,T110,25.834070000000001,-80.306910000000002
ALS,20151101,2015-11-01,3:00 PM,Derailment,0,EAST ST LOUIS,IL,70.0,2,Day,Clear,Yard,Yard/switching,4,22425,66485,88910,T299,38.596589999999999,-90.148210000000006
CSX,000185053,2019-08-31,10:45 AM,Derailment,0,MULBERRY,FL,88.0,2,Day,Clear,Industry,Freight Train,9,22601,161,22762,T210,27.841819000000001,-82.041426000000001
CSX,000161116,2016-07-04,12:09 AM,Derailment,0,NEW ORLEANS,LA,84.0,4,Dark,Clear,Main,,0,0,850,36650,T001,30.004227,-90.027525999999995
NS,122385,2016-10-11,6:45 PM,Derailment,0,CALIFORNIA,PA,65.0,3,Dusk,Clear,Yard,Freight Train,5,11890,1589,13479,T314,40.048557000000002,-79.893377000000001
HRRC,0317,2017-03-27,9:10 PM,Derailment,0,NEW MILFORD,CT,43.0,4,Dark,Cloudy,Main,Freight Train,25,2000,15000,17000,T101,41.583691000000002,-73.405970999999994
NS,120916,2016-06-17,9:50 AM,Derailment,0,LEMOYNE,PA,72.0,2,Day,Clear,Main,Yard/switching,7,11721,410,12131,T314,40.242176999999998,-76.900254000000004
TRRA,20029OR,2020-10-19,11:20 AM,Derailment,0,EAST ST LOUIS,IL,45.0,2,Day,Clear,Main,,0,0,29161,34604,T110,38.630234999999999,-90.161687999999998
ATK,154881,2018-08-16,10:40 PM,Other (describe in narrative),0,WILMINGTON,DE,85.0,4,Dark,Clear,Main,Work train,79,11798,9235,21033,T404,39.748005999999997,-75.521844999999999
CSX,000212167,2023-07-07,6:29 AM,Derailment,0,WILMINGTON,DE,80.0,1,Dawn,Cloudy,Yard,Freight Train,4,19305,1096,20401,T403,39.759473,-75.560402999999994
MNCW,2019092511,2019-09-25,7:12 PM,Other (describe in narrative),0,STAMFORD,CT,58.0,2,Day,Clear,Main,,0,0,3701,41369,T210,41.052778000000004,-73.538888999999998
FEC,D26040621,2021-04-06,12:10 AM,Derailment,0,FT PIERCE,FL,64.0,4,Dark,Clear,Yard,Freight Train,8,9325,84639,93964,T111,27.421958,-80.316209000000001
MNCW,83044,2024-07-18,6:50 PM,Other (describe in narrative),0,FAIRFIELD,CT,83.0,3,Dusk,Clear,Main,EMU,60,94223,300400,394623,T404,41.142443999999998,-73.259369000000007
CSX,000201469,2021-11-22,3:30 PM,Derailment,0,MIAMI-DADE,FL,78.0,2,Day,Clear,Yard,Freight Train,6,4545,0,79545,T311,25.860074999999998,-80.260001000000003
ALS,20190429,2019-04-29,7:30 PM,Derailment,0,EAST ST LOUIS,IL,71.0,3,Dusk,Clear,Yard,,0,0,18749,75463,T001,38.586950000000002,-90.130127999999999
ATK,154729,2018-08-09,7:30 PM,Other (describe in narrative),0,WILMINGTON,DE,80.0,3,Dusk,Clear,Yard,Light loco(s),5,9790,1584,11374,T404,39.739072,-75.539788000000001
CSX,000154656,2015-11-23,4:15 PM,Derailment,0,KITZMILLER,MD,40.0,2,Day,Cloudy,Main,Freight Train,14,27406,68274,95680,T205,39.356444000000003,-79.255134999999996
BNSF,CH1119101,2019-11-02,2:23 AM,Derailment,0,EOLA,IL,26.0,4,Dark,Cloudy,Yard,Freight Train,6,242152,135000,377152,T210,41.774706000000002,-88.248322999999999
NS,139331,2020-07-25,1:40 AM,Derailment,0,GRANITE CITY,IL,80.0,4,Dark,Clear,Yard,Freight Train,5,3000,10000,41500,T314,38.690945999999997,-90.139668
CSO,CSO031719R,2019-04-26,3:45 AM,Derailment,0,NEW HAVEN,CT,54.0,4,Dark,Clear,Main,Freight Train,8,0,0,49216,T110,41.308250000000001,-72.924155999999996
NS,123547,2017-01-13,12:23 PM,Derailment,0,CONWAY,PA,33.0,2,Day,Clear,Yard,Yard/switching,5,38601,17190,55791,T110,40.672356000000001,-80.251823000000002
NS,136029,2019-10-31,11:00 PM,Derailment,0,DECATUR,IL,26.0,4,Dark,Clear,Yard,Yard/switching,9,3087,23907,26994,T110,39.858401000000001,-88.898396000000005
BNSF,CH0518107,2018-05-24,2:10 PM,Derailment,0,AURORA,IL,87.0,2,Day,Clear,Main,Freight Train,18,500000,550000,1050000,T109,41.749473000000002,-88.326149000000001
UP,1015PR025,2015-10-29,1:15 PM,Derailment,0,NORTHLAKE,IL,37.0,2,Day,Cloudy,Yard,Freight Train,8,15761,12021,27782,T210,41.909337000000001,-87.915128999999993
BNSF,CH0721110,2021-07-15,12:00 PM,Derailment,0,CICERO,IL,75.0,2,Day,Cloudy,Yard,Light loco(s),4,17000,500,17500,T110,41.837924999999998,-87.765394999999998
ATK,163653,2020-03-26,4:00 PM,Derailment,0,DELAND,FL,82.0,2,Day,Clear,Main,Passenger Train - Pulling,48,1287340,0,1547440,T109,29.002603000000001,-81.347165000000004
UP,0915PR015,2015-09-16,1:45 PM,Derailment,0,FULTON,IL,76.0,2,Day,Cloudy,Yard,Work train,7,4461,78808,83269,T314,41.836364000000003,-90.172430000000006
FEC,D60092323,2023-09-23,2:23 AM,Derailment,0,HIALEAH,FL,76.0,4,Dark,Clear,Yard,Yard/switching,5,11150,10315,21465,T110,25.83418,-80.306939999999997
HESR,HES875716D,2016-01-15,11:40 AM,Derailment,0,BAD AXE,MI,42.0,2,Day,Cloudy,Main,Freight Train,9,30000,47000,77000,T312,43.805703000000001,-82.992317
SFRV,121420201,2020-12-14,7:17 PM,Derailment,0,HIALEAH,FL,88.0,4,Dark,Cloudy,Yard,,0,0,20311,20698,T101,25.860074999999998,-80.260001000000003
FEC,D36051922,2022-05-19,4:45 PM,Derailment,0,JENSEN BEACH,FL,73.0,2,Day,Clear,Main,Freight Train,33,300000,110875,410875,T109,27.233687,-80.223933000000002
UP,0720MA021,2020-07-14,8:35 PM,Derailment,0,SPRINGFIELD,IL,80.0,3,Dusk,Clear,Yard,Light loco(s),5,18620,0,19700,T314,39.815548999999997,-89.634332999999998
CSX,000141973,2015-02-23,10:53 PM,Derailment,0,AVON,IN,0.0,4,Dark,Clear,Yard,Cut of cars,1,19625,1000,20625,T111,39.759222000000001,-86.353898999999998
KCS,15042201,2015-04-22,3:55 AM,Derailment,0,WEST MONROE,LA,57.0,4,Dark,Clear,Industry,Freight Train,4,100000,6574,106574,T102,32.483930999999998,-92.144219000000007
IHB,2814,2023-03-03,5:55 PM,Side collision,0,EAST CHICAGO,IN,34.0,2,Day,Sleet,Yard,Cut of cars,0,38654,869,45925,T315,41.645133999999999,-87.429494000000005
BNSF,KS1221117,2021-12-24,7:10 AM,Derailment,0,DODGE CITY,KS,58.0,1,Dawn,Clear,Yard,Freight Train,5,23705,163000,186705,T314,37.750883000000002,-99.993024000000005
KJRY,KJRY210604,2021-06-04,2:00 PM,Derailment,0,LA HARPE,IL,87.0,2,Day,Clear,Main,Freight Train,10,0,51844,51844,T109,40.598818000000001,-91.002223999999998
UP,1220PR002,2020-12-02,1:20 PM,Derailment,0,WEST CHICAGO,IL,44.0,2,Day,Clear,Yard,,0,0,16120,23120,T210,41.883457999999997,-88.222820999999996
ATK,155828,2018-10-12,8:40 AM,Derailment,0,NEW HAVEN,CT,61.0,2,Day,Clear,Yard,Light loco(s),0,15505,0,15505,T319,41.388680000000001,-72.860889999999998
CSX,000156336,2016-01-24,5:36 AM,Derailment,0,WOODLAND,GA,23.0,1,Dawn,Clear,Main,Freight Train,23,268636,50069,318705,T207,32.811216000000002,-84.552571
IC,1054285,2020-11-15,2:14 AM,Derailment,0,CHICAGO,IL,50.0,4,Dark,Rain,Yard,Freight Train,9,34864,3626,38490,T202,41.800673000000003,-87.793122999999994
NIRC,9419000241,2021-05-20,8:53 PM,Fire/violent rupture,0,CHICAGO,IL,78.0,4,Dark,Clear,Main,EMU,15,18718,2149,20867,T404,41.868450000000003,-87.621534999999994
NS,142247,2021-07-18,4:05 PM,Derailment,0,DECATUR,IL,82.0,3,Dusk,Clear,Yard,Yard/switching,7,61514,6942,68456,T110,39.858406000000002,-88.898383999999993
BNSF,CH1120115,2020-11-30,11:05 AM,Derailment,0,WOODLAWN,IL,30.0,2,Day,Cloudy,Main,Freight Train,37,47012,10000,57012,T204,38.294854999999998,-89.035199000000006
CSX,000194473,2020-12-14,7:17 PM,Derailment,0,HIALEAH,FL,88.0,4,Dark,Cloudy,Yard,Freight Train,3,290,97,20698,T101,25.860074999999998,-80.260001000000003
LIRC,1101201901,2019-11-01,1:19 AM,Derailment,0,LOUISVILLE,KY,36.0,4,Dark,Clear,Yard,Freight Train,9,9850,0,11382,T110,38.263534999999997,-85.801413999999994
ATK,135966,2015-01-16,9:12 AM,Derailment,0,"WASHINGTON, DC",DC,43.0,2,Day,Clear,Yard,Light loco(s),3,32646,2016,34662,T311,38.914611000000001,-76.991157999999999
TRRA,19028,2019-11-11,3:30 PM,Derailment,0,EAST ST LOUIS,IL,51.0,2,Day,Clear,Main,,0,0,17141,54977,T314,38.600104999999999,-90.152614
PAL,2019NOV1D,2019-11-08,3:05 AM,Derailment,0,LOUISVILLE,KY,28.0,4,Dark,Clear,Main,Freight Train,5,7978,9500,17478,T110,38.220300000000002,-85.782799999999995