reportingrailroadcode,accidentnumber,date,time,accidenttype,hazmatreleasedcars,station,stateabbr,temperature,visibility_code,visibility,weathercondition,tracktype,equipmenttype,trainspeed,equipmentdamagecost,trackdamagecost,totaldamagecost,primaryaccidentcausecode,latitude,longitude
UP,1015PR008,2015-10-11,4:20 AM,Derailment,0,NORTHLAKE,IL,47.0,4,Dark,Clear,Yard,Yard/switching,10,39251,2312,41563,T207,41.909326,-87.915428000000006
CSX,000169640,2017-06-16,1:40 AM,Derailment,0,ORLANDO,FL,80.0,4,Dark,Clear,Yard,Freight Train,8,46987,2065,49052,T110,28.432075999999999,-81.369546
CSX,000195261,2021-01-25,4:22 AM,Derailment,0,NORTH HAVEN,CT,17.0,4,Dark,Clear,Yard,,0,0,1013,17121,T207,41.365712000000002,-72.871157999999994
NS,131264,2018-10-09,8:55 PM,Derailment,0,CHICAGO,IL,72.0,4,Dark,Clear,Yard,Yard/switching,7,20692,3093,23785,T207,41.710706000000002,-87.594246999999996
NS,127997,2018-01-05,2:12 AM,Derailment,0,NEW HAVEN,IN,72.0,4,Dark,Cloudy,Main,Freight Train,22,115389,238346,353735,T110,41.072406000000001,-85.027450999999999
MNR,163332,2019-07-07,2:40 PM,Derailment,0,FORT KENT,ME,0.0,2,Day,Clear,Main,Freight Train,5,50450,10600,61050,T001,47.263576999999998,-68.593130000000002
CDOT,166069,2020-12-20,7:00 PM,Derailment,0,NEW HAVEN,CT,34.0,4,Dark,Clear,Yard,Yard/switching,4,18520,720,19240,T399,41.29712,-72.925979999999996
CSX,000198059,2021-06-07,5:15 AM,Derailment,0,LOUISVILLE,KY,72.0,1,Dawn,Clear,Yard,Yard/switching,7,115500,4846,120346,T207,38.160708999999997,-85.749173999999996
UP,1118LV017,2018-11-11,12:20 AM,Derailment,0,LOTTIE,LA,42.0,4,Dark,Cloudy,Yard,Freight Train,10,17873,7854,25727,T310,30.524591999999998,-91.557219000000003
UP,0719PR028,2019-07-22,7:55 AM,Derailment,0,SOUTH HOLLAND,IL,67.0,2,Day,Cloudy,Yard,Freight Train,3,18749,47934,66683,T202,41.615186000000001,-87.611114999999998
FEC,D31041722,2022-04-17,1:03 AM,Derailment,0,FT PIERCE,FL,68.0,4,Dark,Cloudy,Main,Freight Train,2,5654,406831,412485,T106,27.454540000000001,-80.326656
ORSR,001,2021-11-29,8:45 AM,Derailment,0,SANTA CLAUS,IN,34.0,2,Day,Clear,Main,Passenger Train - Pulling,7,69000,0,78759,T110,38.107134000000002,-86.975506999999993
BNSF,CH0218111,2018-02-16,8:24 PM,Derailment,0,HODGKINS,IL,15.0,3,Dusk,Cloudy,Yard,Yard/switching,5,1750,75000,76750,T111,41.757992000000002,-87.867239999999995
CSX,000208507,2022-11-25,2:29 AM,Derailment,0,PENSACOLA,FL,62.0,4,Dark,Rain,Yard,Yard/switching,4,11665,692,12357,T202,30.437013,-87.219915999999998
CSX,000212763,2023-08-06,4:02 PM,Derailment,0,JACKSONVILLE,FL,98.0,3,Dusk,Clear,Yard,Freight Train,2,26000,6537,32537,T102,30.355702999999998,-81.768637999999996
NOGC,OP12122018,2018-12-12,9:20 AM,Derailment,0,GRETNA,LA,62.0,2,Day,Cloudy,Yard,Freight Train,5,30000,12000,42000,T001,29.935355999999999,-90.052688000000003
UP,0918PR004,2018-09-03,3:01 AM,Derailment,0,NORTHLAKE,IL,72.0,4,Dark,Cloudy,Yard,Yard/switching,3,7900,10700,18600,T314,41.909328000000002,-87.915139999999994
MNCW,82945,2024-06-11,7:10 PM,Other (describe in narrative),0,NORWALK,CT,72.0,3,Dusk,Cloudy,Main,,0,0,27890,54976,T404,41.119256,-73.369259999999997
NS,152636,2023-03-25,5:59 AM,Derailment,0,BALTIMORE,MD,45.0,1,Dawn,Clear,Yard,Freight Train,6,9100,17202,26302,T110,39.287421000000002,-76.559359000000001
IR,IR202858,2020-12-03,10:40 AM,Derailment,0,OTTAWA,IL,45.0,2,Day,Clear,Yard,Yard/switching,5,25259,4200,29459,T210,41.345832999999999,-88.875
TRRA,18008,2018-05-11,2:50 PM,Derailment,0,VENICE,IL,85.0,2,Day,Clear,Yard,Yard/switching,7,13252,22463,35715,T399,38.663635999999997,-90.160408000000004
CSX,000196272,2021-03-13,3:15 AM,Derailment,0,JACKSONVILLE,FL,53.0,4,Dark,Clear,Yard,Freight Train,2,206563,3492,210055,T207,30.293849999999999,-81.977430999999996
PW,PWR098822R,2022-05-26,5:24 AM,Derailment,0,HAMDEN,CT,51.0,1,Dawn,Clear,Yard,Freight Train,13,25220,0,27000,T101,41.371692000000003,-72.849932999999993
FEC,D14021816,2016-02-18,7:05 PM,Derailment,0,MIAMI-DADE,FL,70.0,4,Dark,Clear,Yard,Yard/switching,6,2361,10589,12950,T314,25.817015999999999,-80.308836999999997
NS,142296,2021-07-22,1:26 AM,Derailment,0,CHICAGO,IL,72.0,4,Dark,Clear,Yard,Yard/switching,5,16942,5222,22164,T207,41.694381,-87.564353999999994
TRRA,18009,2018-05-19,2:30 PM,Derailment,0,VENICE,IL,71.0,2,Day,Clear,Siding,Yard/switching,10,7135,12000,19135,T199,38.66169,-90.159762000000001
ATK,159946,2019-07-08,12:45 PM,Derailment,0,BEAR,DE,80.0,2,Day,Clear,Yard,Light loco(s),0,17924,22000,39924,T113,39.629280000000001,-75.658259999999999
UP,0619PR022,2019-06-24,3:00 PM,Derailment,0,MELROSE PARK,IL,76.0,2,Day,Cloudy,Yard,Yard/switching,8,23940,175858,199798,T110,41.894883,-87.889015999999998
KCS,17060105,2017-06-01,7:00 PM,Derailment,0,BATON ROUGE,LA,72.0,3,Dusk,Cloudy,Industry,Yard/switching,5,9000,2000,11000,T402,30.510687000000001,-91.188323999999994
BPRR,BPR671518D,2018-05-23,6:45 AM,Derailment,0,NORTHPOINT,PA,62.0,1,Dawn,Fog,Main,Freight Train,30,554891,250000,804891,T111,40.902090000000001,-79.139049
ESPN,ESPN1701,2017-06-20,1:30 PM,Derailment,0,SELLERSVILLE,PA,84.0,2,Day,Clear,Main,Freight Train,10,250000,80000,330000,T110,40.365794999999999,-75.309427999999997
UP,0719MA007,2019-07-06,9:15 PM,Derailment,0,EAST ST LOUIS,IL,84.0,4,Dark,Clear,Yard,Freight Train,5,12986,7988,76427,T310,38.582467999999999,-90.136583000000002
PW,PWR100822D,2022-05-31,2:15 PM,Derailment,0,JEWETT CITY,CT,90.0,2,Day,Clear,Main,Freight Train,39,35000,5527,40527,T109,41.604139000000004,-71.985096999999996
NS,114836,2015-03-14,11:15 PM,Derailment,0,BOURBONNAIS,IL,45.0,4,Dark,Clear,Yard,Freight Train,2,8100,3249,11349,T210,41.122307999999997,-87.900617999999994
NOPB,D20200306E,2020-03-06,3:30 AM,Derailment,0,NEW ORLEANS,LA,65.0,4,Dark,Clear,Yard,Freight Train,2,61000,14487,75487,T199,29.987743999999999,-90.026635999999996
BAYL,BAY726121,2021-02-01,5:30 AM,Derailment,0,PANAMA CITY,FL,45.0,1,Dawn,Cloudy,Industry,Yard/switching,2,15000,100000,115000,T403,30.182821000000001,-85.728057000000007
BNSF,CH1119106,2019-11-12,5:39 PM,Derailment,0,HERRIN,IL,10.0,3,Dusk,Clear,Industry,Light loco(s),3,25000,0,25000,T202,37.802619,-89.001347999999993
CMQX,07202018,2018-07-20,2:00 PM,Derailment,0,JACKMAN,ME,85.0,2,Day,Clear,Main,Freight Train,25,95000,52000,147000,T109,45.536608000000001,-70.681071000000003
BNSF,CH0218107,2018-02-13,12:44 AM,Derailment,0,EOLA,IL,70.0,4,Dark,Clear,Yard,Freight Train,6,151400,115000,266400,T207,41.772326,-88.262501999999998
UP,1119MA009,2019-11-04,3:45 AM,Derailment,0,EAST ST LOUIS,IL,48.0,4,Dark,Clear,Yard,Freight Train,2,1059,0,27267,T108,38.600104999999999,-90.152614
NS,134737,2019-07-16,8:25 PM,Derailment,0,BOURBONNAIS,IL,90.0,4,Dark,Clear,Yard,Freight Train,5,22,10852,10874,T110,41.122275999999999,-87.904596999999995
BHS,BHS0523,2023-03-02,10:15 AM,Derailment,0,PORTAGE,IN,38.0,2,Day,Cloudy,Yard,,0,0,1800,1800,T112,41.622300000000003,-87.150405000000006
CSX,000197214,2021-04-25,1:10 AM,Derailment,0,DANVILLE,IL,47.0,4,Dark,Clear,Yard,Freight Train,8,66081,19658,85739,T207,40.136299000000001,-87.607440999999994
BAYL,BAY045722,2022-10-20,5:15 AM,Derailment,0,PANAMA CITY,FL,45.0,1,Dawn,Clear,Industry,Yard/switching,8,54800,43000,97800,T311,30.182821000000001,-85.728057000000007
UP,1015PR010,2015-10-17,12:40 PM,Derailment,0,NORTHLAKE,IL,55.0,2,Day,Clear,Yard,Yard/switching,2,16032,4570,20602,T316,41.909337000000001,-87.915128999999993
BNSF,CH0819104,2019-08-05,11:50 AM,Derailment,0,MALDEN,IL,80.0,2,Day,Clear,Yard,Freight Train,5,233,368400,368633,T111,41.442495000000001,-89.320404999999994
KYLE,KYL009319D,2019-04-02,10:05 PM,Derailment,0,MINNEAPOLIS,KS,61.0,4,Dark,Cloudy,Main,Freight Train,9,60000,45000,105000,T102,39.143307,-97.723343
NS,124746,2017-04-18,4:50 AM,Derailment,0,DECATUR,IL,58.0,1,Dawn,Clear,Industry,Yard/switching,4,13585,0,13585,T110,39.858894999999997,-88.896691000000004
CSX,000184637,2019-08-08,3:02 PM,Derailment,0,ROSEDALE,IN,87.0,2,Day,Clear,Main,Freight Train,44,672954,97381,770335,T109,39.647300999999999,-87.375664999999998
FEC,D53090315,2015-09-03,8:40 AM,Derailment,0,MIAMI SPRINGS,FL,87.0,2,Day,Clear,Yard,Freight Train,6,11041,11416,22457,T205,25.815649000000001,-80.308801000000003
UP,0121MA007,2021-01-11,3:00 PM,Derailment,0,EAST ST LOUIS,IL,35.0,2,Day,Clear,Yard,Freight Train,3,6592,0,40497,T403,38.582962000000002,-90.135788000000005
ATK,166268,2020-12-24,9:45 AM,Derailment,0,NEW HAVEN,CT,45.0,2,Day,Clear,Yard,Light loco(s),5,12620,1720,14340,T111,41.292639000000001,-72.928691999999998
NS,129361,2018-05-04,12:40 PM,Derailment,0,ELLIOTT,IL,72.0,2,Day,Clear,Main,Work train,8,225000,32248,257248,T313,40.464289999999998,-88.389447000000004
UP,0219GL001,2019-02-01,12:01 PM,Derailment,0,SOUTH HOLLAND,IL,16.0,2,Day,Clear,Yard,Freight Train,2,1846,18490,20336,T101,41.622762000000002,-87.612078999999994
LIRC,030120151,2015-03-01,11:10 PM,Derailment,0,SCOTTSBURG,IN,2.0,4,Dark,Clear,Siding,Freight Train,9,40000,100000,140000,T111,38.665874000000002,-85.771281000000002
ATK,164568,2020-06-08,6:50 PM,Derailment,0,WASHINGTON,DC,75.0,3,Dusk,Clear,Yard,Light loco(s),5,22000,3688,25688,T206,38.898654000000001,-77.006668000000005
UP,0518PR003,2018-05-06,3:16 AM,Derailment,0,CHICAGO,IL,52.0,4,Dark,Clear,Yard,Freight Train,6,12304,9930,22234,T202,41.886864000000003,-87.692092000000002
KCS,16061901,2016-06-19,1:45 AM,Derailment,0,BOSSIER CITY,LA,80.0,4,Dark,Clear,Yard,Freight Train,7,126780,29106,1485678,T111,32.512518999999998,-93.742440000000002
IC,959062,2018-05-12,7:45 PM,Derailment,0,CICERO,IL,51.0,3,Dusk,Clear,Yard,Freight Train,10,135937,16601,152538,T308,41.832625,-87.753493000000006
ALS,20170711,2017-07-11,12:48 PM,Derailment,0,EAST ST LOUIS,IL,93.0,2,Day,Clear,Yard,Yard/switching,3,29035,12621,41656,T199,38.590373999999997,-90.138593
LIRC,LIRC00025F,2022-04-11,4:41 PM,Derailment,0,JEFFERSONVILLE,IN,60.0,2,Day,Rain,Yard,Yard/switching,8,10000,3493,13493,T210,38.299104,-85.752536000000006
CSX,000207503,2022-09-25,10:50 PM,Derailment,0,WILMINGTON,DE,58.0,4,Dark,Rain,Yard,Freight Train,7,331747,84384,416131,T207,39.759473,-75.560402999999994
NS,122407,2016-10-13,12:20 PM,Derailment,0,HARRISBURG,PA,72.0,2,Day,Cloudy,Yard,Freight Train,9,150336,26201,186548,T110,40.267803999999998,-76.879734999999997
BNSF,HL0122109,2022-01-20,5:48 AM,Derailment,0,GRANBY,MO,7.0,1,Dawn,Clear,Main,Freight Train,12,306309,88000,394309,T207,36.942777,-94.264784000000006
BEAR,BER771124D,2024-03-20,4:40 PM,Derailment,0,BRISTOL,CT,41.0,2,Day,Cloudy,Main,Freight Train,5,0,83285,83285,T110,41.676046999999997,-72.945778000000004
TRRA,19027,2019-11-12,7:58 AM,Derailment,0,VENICE,IL,17.0,1,Dawn,Clear,Yard,Yard/switching,8,30000,17864,47864,T311,38.661335000000001,-90.159644999999998
SKOL,211012,2021-10-12,12:15 AM,Derailment,0,INDEPENDENCE,KS,56.0,4,Dark,Clear,Main,Freight Train,8,311311,20000,331311,T207,37.231465999999998,-95.723091999999994
BNSF,CH0323108,2023-03-12,5:30 PM,Derailment,0,EOLA,IL,37.0,3,Dusk,Cloudy,Yard,Freight Train,10,91702,207252,298954,T206,41.774737999999999,-88.247619
ALS,20190715,2019-07-15,8:00 PM,Derailment,0,EAST ST LOUIS,IL,80.0,4,Dark,Cloudy,Yard,Yard/switching,4,8250,7785,16035,T199,38.593480999999997,-90.147497000000001
NICD,N2200001,2022-01-03,6:27 AM,Other (describe in narrative),0,EAST CHICAGO,IN,20.0,4,Dark,Snow,Main,Commuter Train - Pulling,50,12363,5640,18003,T404,41.610858,-87.477112000000005
NS,130200,2018-07-14,3:40 PM,Derailment,0,DECATUR,IL,75.0,2,Day,Cloudy,Yard,Yard/switching,8,217165,19657,236822,T110,39.858401000000001,-88.898396000000005
ATK,135902,2015-01-13,8:30 AM,Derailment,0,"WASHINGTON, DC",DC,35.0,2,Day,Clear,Yard,Light loco(s),5,15980,2574,18554,T110,38.916732000000003,-76.984719999999996
ATK,180655,2024-06-11,6:55 PM,Other (describe in narrative),0,NORWALK,CT,0.0,2,Day,Clear,Main,Passenger Train - Pulling,70,27086,0,54976,T404,41.118358999999998,-73.374195
FEC,D50100419,2019-10-04,12:55 AM,Derailment,0,WEST PALM BEACH,FL,80.0,4,Dark,Clear,Yard,Freight Train,7,2296,25923,28219,T314,26.733685999999999,-80.058004999999994
ATK,173419,2023-01-16,11:30 AM,Derailment,0,WASHINGTON,DC,49.0,2,Day,Clear,Yard,Yard/switching,6,19400,3650,23050,T112,38.916269,-76.984514000000004
CSX,000155639,2015-12-31,3:55 PM,Derailment,0,NEW HAVEN,CT,48.0,2,Day,Clear,Yard,Freight Train,7,20654,2000,22654,T111,41.365713,-72.871157999999994
MNCW,2017111614,2017-11-16,8:22 AM,Other (describe in narrative),0,NORWALK,CT,48.0,2,Day,Rain,Main,EMU,70,15000,500,15500,T404,41.105119999999999,-73.401295000000005
IHB,2814,2023-03-03,5:55 PM,Side collision,0,EAST CHICAGO,IN,34.0,2,Day,Sleet,Yard,Freight Train,7,5533,869,45925,T315,41.645133999999999,-87.429494000000005
FNOR,FN1721,2021-08-14,9:20 AM,Derailment,0,OCALA,FL,88.0,2,Day,Cloudy,Yard,Freight Train,0,8168,17329,25497,T109,29.081533,-82.044240000000002
UP,0421MA009,2021-04-06,12:39 PM,Derailment,0,EAST ST LOUIS,IL,77.0,2,Day,Clear,Main,Freight Train,10,72891,0,98876,T308,38.372377,-90.10615
BNSF,KS0623101,2023-06-01,7:00 AM,Derailment,0,KANSAS CITY,KS,72.0,1,Dawn,Clear,Yard,Yard/switching,3,14135,5000,19135,T315,39.080928,-94.672877
ATK,154931,2018-08-22,1:00 PM,Derailment,0,BEAR,DE,85.0,2,Day,Clear,Yard,Light loco(s),6,40479,10000,50479,T113,39.624380000000002,-75.660340000000005
FEC,D54A090915,2015-09-09,7:10 PM,Derailment,0,JACKSONVILLE,FL,82.0,3,Dusk,Clear,Yard,Yard/switching,5,4582,10845,15427,T111,30.240092000000001,-81.602470999999994
NS,115862,2015-05-30,11:50 AM,Derailment,0,JACKSONVILLE,FL,83.0,2,Day,Cloudy,Yard,Freight Train,10,4500,11131,15631,T207,30.360835999999999,-81.723364000000004
SGLR,SG202316,2023-02-28,10:48 AM,Derailment,0,SARASOTA,FL,78.0,2,Day,Clear,Yard,Freight Train,5,0,57550,57550,T109,27.411709999999999,-82.542569999999998
NS,121889,2016-08-30,1:05 PM,Derailment,0,NEW ORLEANS,LA,90.0,2,Day,Clear,Yard,Yard/switching,2,206,12162,12368,T314,29.967949000000001,-90.047146999999995
NS,119247,2016-02-04,11:00 PM,Derailment,0,MECHANICSVILLE,GA,35.0,4,Dark,Cloudy,Industry,Freight Train,8,5696,8500,14196,T110,33.927357999999998,-84.24427
DCR,190507DCR,2019-05-07,11:10 AM,Derailment,0,SEAFORD,DE,75.0,2,Day,Clear,Yard,Yard/switching,6,28000,26000,54000,T205,38.636662000000001,-75.616681
UP,0219HL020,2019-02-17,4:12 PM,Derailment,0,KANSAS CITY,KS,28.0,2,Day,Cloudy,Yard,Yard/switching,10,5532,10900,16432,T303,39.093781,-94.649857999999995
CSX,000155031,2015-12-07,5:15 AM,Derailment,0,TAMPA,FL,59.0,4,Dark,Clear,Yard,Freight Train,5,11956,1500,13456,T311,27.955863999999998,-82.395815999999996
SH,031704,2017-03-27,11:30 AM,Derailment,0,STEELTON,PA,50.0,2,Day,Cloudy,Yard,Yard/switching,2,3290,50582,53872,T110,40.230485000000002,-76.832448999999997
EMRY,144574,2019-02-15,6:35 AM,Derailment,0,SEBOEIS,ME,5.0,1,Dawn,Cloudy,Main,Freight Train,10,862813,187829,1050642,T202,45.330016999999998,-68.816277999999997
ATK,135866,2015-01-08,3:20 AM,Derailment,0,BEECH GROVE,IN,-8.0,4,Dark,Clear,Yard,Yard/switching,5,13361,0,13361,T311,39.724699000000001,-86.081935999999999
NIRC,9419000240,2021-05-20,6:05 PM,Fire/violent rupture,0,CHICAGO,IL,82.0,2,Day,Clear,Main,EMU,15,56150,2149,58299,T404,41.88297,-87.623009999999994
NS,136031,2019-11-01,1:19 AM,Derailment,0,LOUISVILLE,KY,36.0,4,Dark,Clear,Yard,,0,0,1532,11382,T110,38.263534999999997,-85.801413999999994
NS,122407,2016-10-13,12:20 PM,Derailment,0,HARRISBURG,PA,72.0,2,Day,Cloudy,Yard,Light loco(s),0,10011,0,186548,T110,40.267803999999998,-76.879734999999997
ATK,154172,2018-07-06,11:25 PM,Derailment,0,HIALEAH,FL,80.0,4,Dark,Cloudy,Yard,Yard/switching,5,13952,3298,17250,T314,25.857596000000001,-80.278105999999994
TRRA,21020,2021-04-06,12:39 PM,Derailment,0,EAST ST LOUIS,IL,66.0,2,Day,Clear,Main,,0,0,25985,98876,T399,38.372377,-90.10615
MNCW,80330,2023-07-29,1:25 PM,Derailment,0,NEW HAVEN,CT,83.0,2,Day,Clear,Yard,,0,0,64821,97888,T311,41.302210000000002,-72.924390000000002
BRC,14141,2016-02-12,10:40 AM,Derailment,0,CICERO,IL,20.0,2,Day,Clear,Main,,0,0,88936,92136,T001,41.770569999999999,-87.789096000000001
ATK,157754,2019-02-22,1:45 PM,Derailment,0,BEAR,DE,40.0,2,Day,Clear,Yard,Yard/switching,5,40985,0,40985,T199,39.629153000000002,-75.658208000000002
GRW,05,2022-02-16,2:50 AM,Derailment,0,GARY,IN,40.0,4,Dark,Clear,Yard,Yard/switching,8,69700,11390,81090,T201,41.623883999999997,-87.352076999999994
FEC,D25040222,2022-04-02,10:25 PM,Derailment,0,MIAMI-DADE,FL,83.0,4,Dark,Cloudy,Yard,Yard/switching,10,5903,22061,27964,T319,25.831617999999999,-80.309443000000002
FEC,D14041119,2019-04-11,5:00 PM,Derailment,0,JACKSONVILLE,FL,85.0,2,Day,Clear,Yard,Freight Train,9,103660,14564,118224,T314,30.234943000000001,-81.598622000000006
FEC,D147111214,2014-11-12,3:00 AM,Derailment,0,JACKSONVILLE,FL,60.0,4,Dark,Clear,Yard,Yard/switching,7,7598,26012,33610,T309,30.237479,-81.600826999999995
FEC,D51082123,2023-08-21,11:45 AM,Derailment,0,MIAMI-DADE,FL,90.0,2,Day,Clear,Yard,Freight Train,8,6349,20239,26588,T110,25.837485999999998,-80.308069000000003
FEC,D58092123,2023-09-21,2:30 AM,Derailment,0,MEDLEY,FL,76.0,4,Dark,Clear,Industry,Yard/switching,5,5075,57935,63010,T110,25.873529999999999,-80.361959999999996
CRSH,122614,2016-10-31,4:00 PM,Derailment,0,MORRISVILLE,PA,55.0,3,Dusk,Clear,Industry,Freight Train,5,17090,1600,18690,T113,40.166201000000001,-74.763791999999995
BLF,201702001,2017-02-11,5:05 PM,Derailment,0,WEST PALM BEACH,FL,77.0,3,Dusk,Clear,Yard,Work train,4,408000,206,408206,T108,26.727765000000002,-80.057260999999997
ATK,169659,2022-02-02,7:00 PM,Derailment,0,WASHINGTON,DC,45.0,4,Dark,Clear,Yard,Yard/switching,0,114518,1854,116372,T319,38.913491999999998,-76.993172999999999
KCS,18010401,2018-01-04,7:20 AM,Derailment,0,NEW ROADS,LA,31.0,2,Day,Clear,Main,Freight Train,38,1569515,329187,1898702,T307,30.714230000000001,-91.544039999999995
CSX,000179570,2018-10-28,7:50 PM,Derailment,0,NEW ORLEANS,LA,68.0,3,Dusk,Clear,Main,,0,0,21397,69897,T111,30.004227,-90.027525999999995
CSX,000183915,2019-06-29,11:10 AM,Derailment,0,HIALEAH,FL,87.0,2,Day,Clear,Yard,Freight Train,8,5618,0,19361,T202,25.860074999999998,-80.260001000000003
CSO,CSO673321R,2021-01-25,4:22 AM,Derailment,0,NORTH HAVEN,CT,17.0,4,Dark,Clear,Yard,Freight Train,10,16108,0,17121,T207,41.365712000000002,-72.871157999999994
FEC,D12040319,2019-04-03,5:30 PM,Derailment,0,JACKSONVILLE,FL,65.0,2,Day,Clear,Yard,Yard/switching,5,20947,12860,33807,T111,30.226469999999999,-81.592533000000003
ESPN,ESPN10221,2022-10-13,3:00 PM,Derailment,0,WILMINGTON,DE,70.0,2,Day,Cloudy,Main,Freight Train,10,78000,15000,93000,T110,39.789721999999998,-75.588054999999997
CSX,000209397,2023-01-21,1:15 PM,Derailment,0,LAFAYETTE,IN,37.0,2,Day,Cloudy,Yard,Freight Train,2,146993,8837,155830,T108,40.445107,-86.878542999999993
ATK,168098,2021-08-19,10:23 AM,Derailment,0,WASHINGTON,DC,90.0,2,Day,Clear,Yard,Yard/switching,10,44944,1500,46444,T319,38.913595999999998,-76.995587
NS,144856,2022-04-01,6:37 AM,Derailment,0,OSCEOLA,IN,32.0,1,Dawn,Snow,Yard,Yard/switching,15,333209,129817,463026,T207,41.664667999999999,-86.052581000000004
ATK,146444,2017-02-21,6:14 PM,Derailment,0,BOSTON,MA,38.0,3,Dusk,Clear,Yard,Yard/switching,5,42648,5000,47648,T113,42.331991000000002,-71.059712000000005
BRC,14198,2018-11-10,1:20 AM,Derailment,0,BEDFORD PARK,IL,19.0,4,Dark,Clear,Industry,Freight Train,4,47739,0,47739,T110,41.775627999999998,-87.818914000000007
KCS,19121801,2019-12-18,8:15 AM,Derailment,0,EAST ST LOUIS,IL,20.0,2,Day,Cloudy,Industry,Yard/switching,5,12249,24490,36739,T207,38.619540000000001,-90.171284999999997
NS,134511,2019-06-28,2:05 AM,Derailment,0,GRANITE CITY,IL,74.0,4,Dark,Clear,Yard,Light loco(s),4,24460,400,24860,T311,38.722763,-90.142583999999999
BNSF,CH0918107,2018-09-07,7:50 PM,Derailment,0,AURORA,IL,70.0,3,Dusk,Clear,Yard,Freight Train,6,19500,3000,22500,T403,41.771126000000002,-88.270730999999998
CFRC,16270,2016-09-26,5:10 AM,Derailment,0,ORLANDO,FL,86.0,4,Dark,Cloudy,Industry,,0,0,2964,102470,T110,28.450074000000001,-81.366967000000002
FEC,D35083020,2020-08-30,12:10 AM,Derailment,0,JACKSONVILLE,FL,75.0,4,Dark,Cloudy,Yard,Yard/switching,9,4830,11749,16579,T314,30.226324999999999,-81.592445999999995
NS,132386,2019-01-11,3:22 PM,Derailment,0,CHICAGO,IL,32.0,2,Day,Clear,Main,Yard/switching,4,25958,11334,37292,T207,41.814016000000002,-87.635880999999998
URR,7401,2017-01-07,8:10 PM,Derailment,0,CLAIRTON,PA,10.0,4,Dark,Cloudy,Industry,Yard/switching,7,8800,10399,19199,T319,40.302300000000002,-79.876659000000004
NS,117468,2015-09-21,10:00 PM,Derailment,0,FORT WAYNE,IN,54.0,4,Dark,Clear,Main,,0,0,21000,29900,T319,41.071365,-85.129442999999995
DCR,210713DCRM,2021-07-13,10:20 PM,Derailment,0,MILFORD,DE,75.0,4,Dark,Clear,Industry,Freight Train,6,63000,10000,73000,T110,38.916894999999997,-75.447819999999993
UP,0615PC010,2015-06-29,11:50 PM,Derailment,0,POCATELLO,ID,75.0,4,Dark,Rain,Yard,Yard/switching,4,60554,22729,83283,T111,42.860830999999997,-112.445076
ATK,151642,2018-01-23,4:15 PM,Derailment,0,BEAR,DE,45.0,2,Day,Clear,Yard,Light loco(s),5,32600,16999,49599,T110,39.606622000000002,-75.698858999999999
NS,143820,2021-12-21,10:26 PM,Derailment,0,HUNTINGBURG,IN,34.0,4,Dark,Clear,Yard,Freight Train,8,9000,2866,11866,T311,38.297490000000003,-86.938472000000004
TRRA,19010,2019-05-09,8:25 PM,Derailment,0,EAST ST LOUIS,IL,60.0,4,Dark,Clear,Yard,Freight Train,4,19887,6512,26399,T199,38.597043999999997,-90.155714000000003
SFRV,06292019,2019-06-29,11:10 AM,Derailment,0,MIAMI-DADE,FL,87.0,2,Day,Clear,Yard,Freight Train,8,5618,8125,19361,T202,25.860074999999998,-80.260001000000003
ATK,137901,2015-06-21,6:31 PM,Other (describe in narrative),0,MYSTIC GROTON,CT,70.0,3,Dusk,Clear,Main,Passenger Train - Pulling,60,44000,15000,59000,T401,41.346724000000002,-71.975126000000003
FEC,D68101122,2022-10-11,3:05 AM,Derailment,0,JACKSONVILLE,FL,75.0,4,Dark,Clear,Yard,Yard/switching,4,1679,11460,13139,T199,30.242374000000002,-81.603196999999994
FVRR,RRC201901,2019-10-11,6:16 PM,Derailment,0,PRINCETON,KY,54.0,3,Dusk,Cloudy,Yard,Freight Train,5,0,0,38923,T319,37.107599999999998,-87.903000000000006
FEC,D55091015,2015-09-10,5:40 AM,Derailment,0,JACKSONVILLE,FL,74.0,4,Dark,Clear,Yard,Freight Train,10,58394,18300,76694,T207,30.229147999999999,-81.594734000000003
NS,120675,2016-05-28,7:00 AM,Derailment,0,EVERGREEN PARK,IL,73.0,1,Dawn,Clear,Yard,Freight Train,5,4000,8062,12062,T110,41.752600000000001,-87.588965000000002
MNCW,2017012913,2017-01-29,7:43 AM,Other (describe in narrative),0,STRATFORD,CT,39.0,4,Dark,Cloudy,Main,EMU,45,24442,1500,25942,T404,41.193204999999999,-73.132881999999995
MNCW,2015122104,2014-12-21,1:05 AM,Other (describe in narrative),0,MILFORD,CT,27.0,4,Dark,Clear,Main,Passenger Train - Pulling,40,20000,1500,21500,T404,41.205095,-73.110624999999999
NS,135911,2019-10-22,12:25 PM,Derailment,0,DECATUR,IL,50.0,2,Day,Cloudy,Industry,Yard/switching,2,33,0,33,T110,39.863387000000003,-88.908501999999999