reportingrailroadcode,accidentnumber,date,time,accidenttype,hazmatreleasedcars,station,stateabbr,temperature,visibility_code,visibility,weathercondition,tracktype,equipmenttype,trainspeed,equipmentdamagecost,trackdamagecost,totaldamagecost,primaryaccidentcausecode,latitude,longitude
NS,121817,2016-08-25,11:50 AM,Derailment,0,DECATUR,IL,85.0,2,Day,Clear,Yard,Yard/switching,4,20963,2922,23885,T102,39.851596999999998,-88.924660000000003
UP,0419MA080,2019-04-29,7:30 PM,Derailment,0,EAST ST LOUIS,IL,71.0,3,Dusk,Clear,Yard,Freight Train,5,56714,0,75463,T001,38.586950000000002,-90.130127999999999
NS,153841,2023-08-07,4:50 AM,Derailment,0,JACKSONVILLE,FL,79.0,1,Dawn,Clear,Yard,Freight Train,9,282221,0,282221,T110,30.368373999999999,-81.730822000000003
MACZ,173972,2023-03-03,6:10 PM,Derailment,0,MIDDLE RIVER,MD,39.0,4,Dark,Rain,Yard,Commuter Train - Pushing,5,6665,12000,18665,T399,39.337629,-76.417579000000003
UP,0616LK012,2016-06-19,1:45 AM,Derailment,0,SHREVEPORT,LA,85.0,4,Dark,Cloudy,Yard,,0,0,1329792,1485678,T111,32.512518999999998,-93.742440000000002
CSX,000189466,2020-04-02,3:49 AM,Derailment,0,HIALEAH,FL,85.0,4,Dark,Clear,Yard,Freight Train,2,30733,0,47879,T303,25.860074999999998,-80.260001000000003
MNCW,2017080105,2017-08-01,1:14 AM,Derailment,0,BRIDGEPORT,CT,60.0,4,Dark,Clear,Yard,EMU,2,25000,5000,30000,T311,41.185160000000003,-73.164545000000004
CSX,000150141,2015-08-02,6:10 PM,Derailment,0,BALTIMORE,MD,89.0,3,Dusk,Clear,Yard,Yard/switching,7,11246,377,11623,T108,39.268407000000003,-76.587166999999994
NS,117955,2015-10-28,2:03 AM,Derailment,0,ALTOONA,PA,72.0,4,Dark,Rain,Yard,Freight Train,9,166000,9900,175900,T207,40.524932,-78.389589000000001
BNSF,CH1017106,2017-10-16,7:30 PM,Derailment,0,GALESBURG,IL,65.0,3,Dusk,Clear,Yard,Yard/switching,7,22200,35000,57200,T205,40.935715000000002,-90.388036999999997
NS,129365,2018-05-04,4:00 PM,Derailment,0,FORT MILL,SC,72.0,3,Dusk,Cloudy,Main,Freight Train,24,885001,255079,1140080,T102,35.026491999999998,-80.928363000000004
NS,113488,2014-12-16,5:15 PM,Derailment,0,STOBO,PA,34.0,3,Dusk,Clear,Yard,Yard/switching,6,42925,82099,125024,T110,40.672361000000002,-80.251825999999994
NS,146144,2022-08-11,8:00 AM,Derailment,0,GREENVILLE,SC,86.0,2,Day,Clear,Yard,Freight Train,5,261273,2500,263773,T207,34.858969000000002,-82.413872999999995
NS,129775,2018-06-10,1:13 PM,Derailment,0,CHICAGO,IL,64.0,2,Day,Rain,Yard,Yard/switching,5,22111,21837,43948,T110,41.756587000000003,-87.686069000000003
WC,1096486,2022-03-06,4:30 AM,Other impacts,0,GARY,IN,45.0,4,Dark,Cloudy,Yard,Yard/switching,3,31204,0,64215,T306,41.629587000000001,-87.406394000000006
CSX,000188501,2020-02-18,10:06 AM,Derailment,0,AUGUSTA-RICHMOND COU,GA,56.0,2,Day,Rain,Yard,Freight Train,4,13271,472,13743,T101,33.456035999999997,-81.954320999999993
UP,0421RM034,2021-04-30,9:26 PM,Derailment,0,POCATELLO,ID,78.0,4,Dark,Cloudy,Yard,Yard/switching,9,5556,67865,73421,T206,42.862887999999998,-112.447056
NS,113709,2015-01-07,5:00 PM,Derailment,0,CONWAY,PA,10.0,3,Dusk,Cloudy,Yard,Light loco(s),8,12515,2933,15448,T316,40.672361000000002,-80.251825999999994
NS,128911,2018-03-20,9:15 PM,Derailment,0,DORAVILLE,GA,47.0,4,Dark,Clear,Industry,Light loco(s),5,14834,200,15034,T110,33.919750999999998,-84.257165000000001
GC,GCR216218,2018-05-25,10:00 AM,Derailment,0,VIDALIA,GA,77.0,2,Day,Clear,Siding,Freight Train,3,1500,47000,48500,T199,32.229391999999997,-82.416686999999996
SKOL,IN190508,2019-05-08,10:00 AM,Other (describe in narrative),0,WINFIELD,KS,70.0,2,Day,Rain,Yard,Cut of cars,0,250000,2500000,5250000,T002,37.244909999999997,-97.010243000000003
NS,118506,2015-12-04,2:30 AM,Derailment,0,KALAMAZOO,MI,39.0,4,Dark,Cloudy,Main,Freight Train,4,24000,0,65500,T110,42.294296000000003,-85.564625000000007
NS,128440,2018-02-07,5:15 PM,Derailment,0,FOREST PARK,GA,72.0,3,Dusk,Cloudy,Industry,Yard/switching,9,6500,50171,56671,T314,33.626356999999999,-84.384212000000005
ALS,20170715,2017-07-15,2:18 AM,Derailment,0,EAST ST LOUIS,IL,85.0,4,Dark,Clear,Yard,Yard/switching,3,39830,68476,108306,T199,38.326720999999999,-90.132214000000005
NS,115910,2015-06-03,1:13 AM,Derailment,0,DAUPHIN,PA,59.0,4,Dark,Clear,Yard,Yard/switching,8,15600,1460,17060,T311,40.357368999999998,-76.939441000000002
DL,141102,2014-11-28,11:00 AM,Derailment,0,SCRANTON,PA,30.0,2,Day,Clear,Siding,Freight Train,5,25000,62777,87777,T110,41.415390000000002,-75.663659999999993
NS,143121,2021-10-11,10:40 PM,Derailment,0,NORTH CHARLESTON,SC,66.0,4,Dark,Cloudy,Industry,Freight Train,8,1541,62110,63651,T111,32.867705000000001,-79.999531000000005
CSX,000154916,2015-12-04,1:20 PM,Derailment,0,AVON,IN,35.0,2,Day,Cloudy,Yard,Light loco(s),6,18040,450,18490,T311,39.759791999999997,-86.327527000000003
NIRC,2017070452,2017-11-28,10:45 PM,Derailment,0,CHICAGO,IL,37.0,4,Dark,Cloudy,Main,Commuter Train - Pushing,10,95924,0,336481,T399,41.878599999999999,-87.639399999999995
NIRC,2018071138,2018-12-08,10:47 PM,Other (describe in narrative),0,OLYMPIA FIELDS,IL,30.0,4,Dark,Clear,Main,EMU,50,33939,3442,37381,T404,41.523032000000001,-87.689277000000004
PW,PWR780924R,2024-04-25,12:30 AM,Derailment,0,NORTH KINGSTOWN,RI,39.0,4,Dark,Cloudy,Yard,Freight Train,8,18000,18178,36178,T399,41.604216999999998,-71.448218999999995
NS,134779,2019-07-19,4:00 AM,Derailment,0,RIDGEVILLE,SC,79.0,1,Dawn,Cloudy,Main,Freight Train,48,1418987,1187257,2606244,T208,33.075926000000003,-80.278514000000001
UP,0618PR024,2018-06-22,9:10 AM,Derailment,0,MELROSE PARK,IL,72.0,2,Day,Rain,Yard,Freight Train,5,19993,1660,21653,T210,41.895586000000002,-87.888936000000001
UP,0615PC003,2015-06-12,10:45 AM,Derailment,0,IDAHO FALLS,ID,71.0,2,Day,Clear,Yard,,0,0,32689,79128,T314,43.509743999999998,-112.027033
NS,113466,2014-12-16,5:00 PM,Derailment,0,SHELOCTA,PA,43.0,3,Dusk,Rain,Industry,Freight Train,0,18500,0,77000,T309,40.657474999999998,-79.303408000000005
CSX,000197555,2021-05-11,9:57 PM,Derailment,0,AUGUSTA,GA,62.0,4,Dark,Clear,Industry,Freight Train,6,45435,423,45858,T210,33.473500000000001,-82.010499999999993
KCS,17070901,2017-07-09,1:05 AM,Derailment,0,SHREVEPORT,LA,75.0,4,Dark,Clear,Yard,Yard/switching,8,4877,6419,11296,T101,32.526986999999998,-93.826520000000002
UP,0715KC005,2015-07-09,12:45 AM,Derailment,0,KANSAS CITY,MO,68.0,4,Dark,Clear,Yard,Yard/switching,4,8267,2630,10897,T001,39.101778000000003,-94.603069000000005
DL,170201,2017-02-16,10:20 PM,Derailment,0,SCRANTON,PA,38.0,4,Dark,Clear,Siding,Yard/switching,5,3537,21556,25093,T110,41.405270000000002,-75.662969000000004
NIRC,9419001715,2023-08-28,8:29 AM,Derailment,0,CHICAGO,IL,59.0,2,Day,Clear,Main,Commuter Train - Pushing,20,409737,257020,666757,T314,41.86112,-87.630669999999995
SCRF,SCR256618,2018-08-16,1:00 AM,Derailment,0,FLORENCE,SC,63.0,4,Dark,Cloudy,Yard,Freight Train,7,14116,0,14216,T210,34.198275000000002,-79.762501999999998
SLRG,SL210501A,2021-05-01,2:25 AM,Derailment,0,LA VETA,CO,52.0,4,Dark,Clear,Main,Freight Train,4,19136,16366,35502,T101,37.525145000000002,-105.101268
CSX,000173108,2017-11-28,8:50 AM,Derailment,0,WAYCROSS,GA,58.0,2,Day,Clear,Yard,Freight Train,7,134177,29568,163745,T207,31.213194999999999,-82.353954000000002
NS,124189,2017-03-04,2:40 AM,Derailment,0,ANDERSONVILLE,GA,35.0,4,Dark,Clear,Industry,Freight Train,8,586,24297,24883,T110,32.184361000000003,-84.140728999999993
CSX,000183410,2019-06-06,10:00 AM,Derailment,0,WAYCROSS,GA,85.0,2,Day,Clear,Yard,Freight Train,9,85876,13054,98930,T207,31.213524,-82.353588000000002
CSX,000183279,2019-05-30,8:50 PM,Derailment,0,ABBEVILLE,SC,74.0,4,Dark,Clear,Main,Freight Train,19,733124,77285,810409,T105,34.153089000000001,-82.439475000000002
RTDC,161792,2020-12-10,3:35 AM,Other impacts,0,DENVER,CO,37.0,4,Dark,Cloudy,Main,EMU,10,37709,7459,45168,T404,39.752651,-105.00168600000001
WC,1096486,2022-03-06,4:30 AM,Other impacts,0,GARY,IN,45.0,4,Dark,Cloudy,Yard,Cut of cars,0,32397,614,64215,T306,41.629587000000001,-87.406394000000006
UP,0724GL033,2024-07-29,4:50 PM,Derailment,0,GLIDDEN,IA,89.0,2,Day,Cloudy,Main,Freight Train,59,1369243,387619,1756862,T001,42.055078999999999,-94.723061000000001
CSX,000182034,2019-03-28,9:20 AM,Derailment,0,HOLLY HILL,SC,55.0,2,Day,Clear,Industry,Freight Train,8,150330,3581,153911,T207,33.280763,-80.431950000000001
CSX,000186650,2019-11-18,2:05 AM,Derailment,0,CAYCE,SC,45.0,4,Dark,Rain,Yard,Light loco(s),6,10532,514,11046,T207,33.975738999999997,-81.047443000000001
ALS,20210122,2021-01-11,2:45 AM,Derailment,0,EAST ST LOUIS,IL,32.0,4,Dark,Clear,Yard,,0,0,33905,40497,T403,38.582962000000002,-90.135788000000005
UP,0819MA018,2019-08-08,1:25 PM,Derailment,0,EAST ST LOUIS,IL,85.0,2,Day,Cloudy,Yard,Freight Train,3,22205,0,39441,T199,38.591849000000003,-90.139229
UP,0323MA019,2023-03-15,5:02 AM,Derailment,0,NORTH LITTLE ROCK,AR,35.0,1,Dawn,Clear,Yard,Yard/switching,8,50577,0,102264,T210,34.774464999999999,-92.225578999999996
CRL,CRL212916,2021-03-17,3:15 PM,Derailment,0,CHICAGO,IL,36.0,2,Day,Cloudy,Yard,Freight Train,3,65000,3000,68000,T110,41.679318000000002,-87.558526999999998
UP,0818SL012,2018-08-18,4:20 PM,Derailment,0,BENTON,IL,85.0,2,Day,Cloudy,Main,Freight Train,30,36971,4370,41341,T202,37.992826999999998,-88.914753000000005
EIRR,D508015,2015-06-12,10:45 AM,Derailment,0,IDAHO FALLS,ID,70.0,2,Day,Clear,Yard,Freight Train,7,13750,32689,79128,T314,43.509743999999998,-112.027033
NIRC,2018071177,2018-12-10,4:55 PM,Other (describe in narrative),0,CHICAGO,IL,34.0,4,Dark,Clear,Main,EMU,10,18799,1612,20411,T404,41.884270000000001,-87.633010999999996
BNSF,TC1121112,2021-11-29,1:25 AM,Derailment,0,WILLMAR,MN,36.0,4,Dark,Clear,Yard,Freight Train,7,18075,38000,56075,T001,45.123506999999996,-95.048781000000005
CSX,000147353,2015-06-06,8:05 PM,Derailment,0,MCKEESPORT,PA,58.0,4,Dark,Clear,Yard,Freight Train,3,10457,550,11007,T311,40.367061,-79.834687000000002
CSX,000182298,2019-04-10,4:30 PM,Derailment,0,JUNCTION CITY,GA,82.0,2,Day,Clear,Industry,Freight Train,7,149318,725,150043,T205,32.624246999999997,-84.473985999999996
NS,130705,2018-08-24,4:15 AM,Derailment,0,ALBANY,GA,74.0,1,Dawn,Clear,Yard,,0,0,18859,18859,T110,31.584475000000001,-84.149669000000003
NS,118326,2015-11-23,2:20 AM,Derailment,0,FOUNTAIN HILL,PA,33.0,4,Dark,Clear,Yard,Yard/switching,10,50500,500,51000,T207,40.611936999999998,-75.426702000000006
WNYP,201445,2014-12-03,5:55 PM,Derailment,0,FRANKLIN,PA,20.0,4,Dark,Clear,Siding,Freight Train,3,0,15644,15644,T110,41.402569999999997,-79.828900000000004
NS,123806,2017-02-02,1:15 PM,Derailment,0,PORTLAND,PA,29.0,2,Day,Clear,Main,Freight Train,2,44700,70324,115024,T207,40.916679999999999,-75.095606000000004
FEC,D31050123,2023-05-01,10:15 AM,Derailment,0,COCOA,FL,80.0,2,Day,Clear,Industry,Yard/switching,9,5242,14951,20193,T205,28.275689,-80.694389000000001
NIRC,201707188,2017-06-06,2:14 PM,Derailment,0,CHICAGO,IL,65.0,2,Day,Clear,Yard,,0,0,33386,132013,T314,41.884034999999997,-87.623002999999997
UP,0719HL006,2019-07-14,4:50 PM,Derailment,0,HAYS,KS,91.0,2,Day,Clear,Main,Freight Train,8,183335,89011,272346,T311,38.868557000000003,-99.324335000000005
CSX,000176386,2018-05-13,4:44 PM,Derailment,0,CLINTON,SC,94.0,2,Day,Clear,Main,Freight Train,30,132368,97342,229710,T109,34.472962000000003,-81.772480000000002
NS,134305,2019-06-12,8:55 AM,Derailment,0,GARDEN CITY,GA,80.0,2,Day,Cloudy,Yard,Yard/switching,5,250840,78234,329074,T207,32.089125000000003,-81.151795000000007
HAL,HAL260318,2018-08-24,2:45 AM,Derailment,0,ALBANY,GA,74.0,4,Dark,Clear,Yard,Yard/switching,5,0,0,18859,T110,31.584475000000001,-84.149669000000003
CSX,000213115,2023-08-25,2:06 PM,Derailment,0,GEORGETOWN,SC,89.0,2,Day,Clear,Industry,Freight Train,10,119537,542,120079,T101,33.378003999999997,-79.302462000000006
FEC,D42070623,2023-07-06,12:30 AM,Derailment,0,MIAMI-DADE,FL,82.0,4,Dark,Clear,Industry,Yard/switching,4,11020,46454,57474,T314,25.856943999999999,-80.334444000000005
DL,160602,2016-06-28,4:15 PM,Derailment,0,DELAWARE WATER GAP,PA,71.0,2,Day,Clear,Yard,Freight Train,5,10000,27545,37545,T312,40.951166000000001,-75.117097999999999
UP,0816KC024,2016-08-30,2:00 AM,Derailment,0,KANSAS CITY,MO,75.0,4,Dark,Rain,Yard,Yard/switching,1,2842,9050,11892,T299,39.100346000000002,-94.607213999999999
NS,135847,2019-10-15,8:45 PM,Other (describe in narrative),0,PORT WENTWORTH,GA,70.0,4,Dark,Rain,Main,Freight Train,13,9813,171530,181343,T207,32.13946,-81.190034999999995
TRRA,16020,2016-12-15,12:33 PM,Derailment,0,VENICE,IL,22.0,2,Day,Clear,Yard,Yard/switching,10,4410,13130,17540,T399,38.663924999999999,-90.159716000000003
NS,129241,2018-04-24,4:30 AM,Derailment,0,AUGUSTA,GA,72.0,1,Dawn,Clear,Yard,Yard/switching,10,2322,86999,89321,T207,33.443950000000001,-81.984046000000006
ATK,158162,2019-03-21,1:38 PM,Derailment,0,BEECH GROVE,IN,39.0,2,Day,Cloudy,Yard,Light loco(s),5,15038,2500,17538,T110,39.719721999999997,-86.077777999999995
NS,116061,2015-06-13,4:45 AM,Derailment,0,MOUNT HOLLY SPRINGS,PA,71.0,1,Dawn,Clear,Industry,Freight Train,4,13082,350,13432,T314,40.124468,-77.175897000000006
NS,123271,2016-12-22,1:00 PM,Derailment,0,AMERICUS,GA,65.0,2,Day,Cloudy,Yard,Freight Train,6,75,16874,16949,T110,32.082518999999998,-84.230086
SWP,01222015,2015-01-22,7:30 AM,Derailment,0,UNIONTOWN,PA,43.0,1,Dawn,Clear,Main,Freight Train,10,75000,125000,200000,T110,39.902427000000003,-79.722001000000006
IC,1060722,2021-01-27,2:08 AM,Derailment,0,EAST ST LOUIS,IL,30.0,4,Dark,Cloudy,Main,Freight Train,10,15000,0,77516,T111,38.558008000000001,-90.110738999999995
NS,139509,2020-10-22,10:55 PM,Derailment,0,MIDVILLE,GA,72.0,4,Dark,Clear,Main,Freight Train,46,898383,1115629,2014012,T207,32.816025000000003,-82.195699000000005
BNSO,CH0216102,2016-02-08,5:10 AM,Derailment,0,NAPERVILLE,IL,23.0,1,Dawn,Clear,Main,Commuter Train - Pushing,69,13000,0,72000,T399,41.780002000000003,-88.137896999999995
CSX,000179905,2018-11-17,7:05 AM,Derailment,0,BYROMVILLE,GA,40.0,1,Dawn,Clear,Main,Freight Train,40,1593152,135899,1729051,T202,32.201895999999998,-83.905494000000004
NS,126623,2017-09-14,2:50 PM,Derailment,0,EAST POINT,GA,78.0,2,Day,Clear,Industry,Freight Train,3,900,54063,54963,T110,33.682217999999999,-84.440133000000003
CSX,000178222,2018-08-16,1:00 AM,Derailment,0,FLORENCE,SC,83.0,4,Dark,Clear,Yard,,0,0,100,14216,T210,34.198275000000002,-79.762501999999998
NS,132320,2019-01-06,8:13 PM,Derailment,4,BARTOW,GA,50.0,4,Dark,Clear,Main,Freight Train,47,2279395,1466591,3745986,T204,32.900986000000003,-82.493887000000001
CSX,000196017,2021-03-01,7:31 AM,Derailment,0,AUGUSTA,GA,65.0,2,Day,Clear,Yard,Freight Train,10,99948,1636,101584,T101,33.455461,-81.952488000000002
NS,124183,2017-03-03,1:20 PM,Derailment,0,ALBANY,GA,69.0,2,Day,Clear,Industry,Freight Train,8,800,19619,20419,T206,31.574553999999999,-84.193357000000006
UP,1220MA033,2020-12-31,4:36 AM,Derailment,0,EAST ST LOUIS,IL,26.0,1,Dawn,Fog,Yard,Freight Train,1,22864,0,23164,T403,38.583109,-90.135622999999995
BNSF,KS0120111,2020-01-30,12:50 AM,Derailment,0,LAMAR,CO,27.0,4,Dark,Clear,Main,Freight Train,18,24922,370959,395881,T202,38.086430999999997,-102.68924199999999
FCR,FCR129450,2019-04-15,11:12 AM,Derailment,0,ATLANTA,GA,67.0,2,Day,Clear,Main,Freight Train,8,7117,0,14614,T102,33.725617,-84.514330999999999
NS,131801,2018-11-26,12:01 AM,Derailment,0,GRACEWOOD,GA,72.0,4,Dark,Clear,Yard,Work train,3,165943,39831,205774,T210,33.337867000000003,-81.956085999999999
ATK,136178,2015-02-02,7:45 PM,Other (describe in narrative),0,PHILADELPHIA,PA,24.0,4,Dark,Clear,Main,Spec. MoW Equip.,0,0,36569,36569,T499,39.900486000000001,-75.236992999999998
GSWR,GSW327918,2018-12-21,10:20 PM,Derailment,0,COLUMBUS,GA,44.0,4,Dark,Clear,Yard,Light loco(s),8,0,25467,25467,T110,32.461933000000002,-84.977424999999997
BNSF,CH0817110,2017-08-12,10:36 PM,Derailment,0,EOLA,IL,68.0,4,Dark,Clear,Yard,Freight Train,8,230379,65000,295379,T201,41.771932999999997,-88.271788000000001
NS,155172,2023-12-28,9:21 AM,Derailment,0,COLUMBIA,SC,50.0,2,Day,Clear,Yard,Freight Train,7,35000,36083,71083,T207,33.985295999999998,-81.039107000000001
CRSH,122355,2016-10-07,5:20 PM,Derailment,0,CLAYMONT,DE,77.0,3,Dusk,Clear,Industry,Yard/switching,5,17336,1800,19136,T314,39.806412000000002,-75.428708
MNNR,0316003,2016-03-17,9:20 AM,Derailment,0,MINNEAPOLIS,MN,38.0,2,Day,Cloudy,Industry,Yard/switching,2,0,12298,12298,T110,44.950181999999998,-93.238844
CSX,000203620,2022-03-11,11:30 PM,Derailment,0,TAYLORS,SC,52.0,4,Dark,Fog,Industry,Freight Train,7,37436,472,37908,T111,34.923172999999998,-82.297927999999999
NIRC,2018070726,2018-04-30,8:24 AM,Derailment,0,CHICAGO,IL,0.0,2,Day,Clear,Yard,EMU,9,32854,5457,38311,T319,41.858024,-87.618063000000006
BNSF,CH1017102,2017-10-02,3:40 AM,Derailment,0,ELWOOD,IL,53.0,4,Dark,Clear,Yard,Freight Train,14,137055,428958,566013,T307,41.407980999999999,-88.166657000000001
MNNR,0316005,2016-03-21,10:45 PM,Derailment,0,ST PAUL,MN,45.0,4,Dark,Cloudy,Industry,Yard/switching,3,8840,15000,23840,T110,44.985021000000003,-93.206918999999999
NS,124250,2017-03-09,11:45 AM,Derailment,0,EAST POINT,GA,72.0,2,Day,Clear,Yard,Light loco(s),5,120,10925,11045,T110,33.677827999999998,-84.439269999999993
BNSF,CH1115111,2015-11-25,1:28 PM,Derailment,0,PEORIA,IL,52.0,2,Day,Cloudy,Siding,Freight Train,4,104549,8000,112549,T111,40.659621999999999,-89.636076000000003
CSX,000154782,2015-11-30,1:32 PM,Derailment,0,RIVERDALE,IL,43.0,2,Day,Cloudy,Yard,Freight Train,3,27306,700,28006,T207,41.650193000000002,-87.656130000000005
NS,123350,2016-12-29,8:50 AM,Derailment,1,ROXANA,IL,40.0,2,Day,Clear,Yard,Yard/switching,10,426570,2500,429070,T210,38.841166000000001,-90.070815999999994
NS,130426,2018-08-01,7:20 AM,Derailment,0,CATAWBA,SC,75.0,1,Dawn,Clear,Main,Freight Train,8,45363,11916,57279,T207,34.854773000000002,-80.915209000000004
GRS,20230320B1,2023-03-20,2:05 PM,Derailment,0,WALES,ME,40.0,2,Day,Clear,Siding,Freight Train,4,141665,18000,159665,T314,44.206029999999998,-70.079785000000001
NS,139175,2020-09-17,2:37 AM,Derailment,0,ANDERSONVILLE,GA,72.0,4,Dark,Rain,Main,Freight Train,37,947882,194842,1142724,T002,32.221586000000002,-84.107091999999994
BNSF,CH1018121,2018-10-31,12:00 PM,Derailment,0,CHICAGO,IL,65.0,2,Day,Clear,Yard,Yard/switching,0,1260,2000,43894,T210,41.858283999999998,-87.681916999999999
BNSF,GC0616101,2016-06-05,11:30 AM,Derailment,0,NEW ORLEANS,LA,84.0,2,Day,Clear,Yard,Freight Train,7,32000,0,38000,T110,29.966543999999999,-90.047578999999999
NICD,N1700013,2017-06-06,2:14 PM,Derailment,0,CHICAGO,IL,65.0,2,Day,Clear,Yard,Commuter Train - Pulling,10,98627,0,132013,T314,41.884034999999997,-87.623002999999997
NS,124309,2017-03-14,11:35 AM,Derailment,0,ALBANY,GA,50.0,2,Day,Cloudy,Industry,Freight Train,7,522,16380,16902,T110,31.574553999999999,-84.193357000000006
NIRC,2018071136,2018-12-03,4:58 PM,Other (describe in narrative),0,CHICAGO,IL,1.0,4,Dark,Clear,Main,EMU,25,43390,10885,54275,T404,41.685699,-87.611879000000002
BNSF,CH0823106,2023-08-15,2:20 PM,Derailment,0,CHICAGO,IL,78.0,2,Day,Clear,Industry,Light loco(s),3,17000,1500,18500,T311,41.842937999999997,-87.678303
CSX,000179887,2018-11-16,5:45 AM,Derailment,0,FITZGERALD,GA,32.0,1,Dawn,Clear,Yard,Freight Train,9,21252,760,22012,T210,31.723520000000001,-83.271090000000001
NS,113185,2014-11-25,7:00 PM,Derailment,0,WESLEYVILLE,PA,34.0,3,Dusk,Clear,Industry,Freight Train,6,12000,13025,25025,T206,42.143394999999998,-80.017805999999993
BNSF,PR0120115,2020-01-24,6:00 PM,Derailment,0,COMMERCE CITY,CO,30.0,3,Dusk,Clear,Yard,Yard/switching,4,31069,10000,41069,T111,39.805630999999998,-104.93772
NS,120486,2016-05-13,3:30 PM,Derailment,0,HAYLOW,GA,90.0,2,Day,Clear,Siding,Freight Train,10,17266,21920,39186,T110,30.825445999999999,-82.927505999999994
NS,153700,2023-07-23,11:55 AM,Derailment,0,DECATUR,IL,81.0,2,Day,Clear,Yard,Yard/switching,8,200470,53177,253647,T101,39.858407,-88.898385000000005
NS,113466,2014-12-16,5:00 PM,Derailment,0,SHELOCTA,PA,43.0,3,Dusk,Rain,Industry,Freight Train,6,58500,0,77000,T309,40.657474999999998,-79.303408000000005
UP,0622MA016,2022-06-11,3:45 PM,Derailment,0,TEXARKANA,AR,89.0,2,Day,Clear,Yard,Freight Train,3,6463,9380,15843,T110,33.428733000000001,-94.029554000000005
NS,143251,2021-10-24,2:20 PM,Derailment,0,DAYTON,IN,50.0,2,Day,Rain,Yard,Yard/switching,2,12900,200,13100,T207,40.374001,-86.814936000000003
CFE,CFE807915D,2015-09-21,10:00 PM,Derailment,0,FORT WAYNE,IN,60.0,4,Dark,Clear,Main,Freight Train,9,8900,0,29900,T319,41.071365,-85.129442999999995
ATK,167898,2021-07-29,1:00 AM,Raking collision,0,RICHMOND,RI,70.0,4,Dark,Cloudy,Main,Spec. MoW Equip.,4,46133,0,46133,T099,41.455987999999998,-71.606774000000001
NS,123090,2016-12-10,12:14 PM,Derailment,0,ALBANY,GA,67.0,2,Day,Clear,Yard,Freight Train,3,1200,18292,19492,T110,31.584475000000001,-84.149669000000003
GFRR,GFRR161624,2016-12-19,9:30 AM,Derailment,0,ALBANY,GA,45.0,2,Day,Cloudy,Main,Freight Train,9,246000,50000,296000,T202,31.571207999999999,-84.121744000000007
BNSF,HL0517117,2017-05-17,9:15 PM,Derailment,0,ST JOSEPH,MO,72.0,4,Dark,Clear,Yard,,0,0,203640,251176,T101,39.732523,-94.856522999999996
NS,123026,2016-12-06,2:10 AM,Derailment,0,BOURBONNAIS,IL,20.0,4,Dark,Clear,Yard,Work train,5,42877,7095,49972,T311,41.122307999999997,-87.900664000000006
CSX,000180087,2018-11-27,3:29 AM,Derailment,0,OGLETHORPE,GA,29.0,4,Dark,Clear,Main,Freight Train,23,385538,97823,483361,T102,32.310160000000003,-84.065382
KRR,KRR087323,2023-01-15,10:30 PM,Derailment,0,ASHDOWN,AR,60.0,4,Dark,Cloudy,Main,Freight Train,10,290000,235000,525000,T101,33.645482999999999,-93.942362000000003
NS,128967,2018-03-25,2:50 PM,Derailment,0,GRIFFIN,GA,55.0,2,Day,Clear,Yard,Freight Train,4,3240,68835,72075,T110,33.250323999999999,-84.257051000000004
CSX,000179292,2018-10-13,6:55 AM,Derailment,0,AUGUSTA,GA,58.0,1,Dawn,Clear,Yard,Freight Train,6,14993,632,15625,T207,33.455461,-81.952488000000002
UP,0520GC023,2020-05-27,2:30 PM,Derailment,0,MONROE,LA,84.0,2,Day,Cloudy,Industry,Freight Train,6,17410,1259,18669,T110,32.441079000000002,-92.104270999999997
UP,0419HL036,2019-04-26,1:45 PM,Derailment,0,KANSAS CITY,KS,65.0,2,Day,Clear,Siding,Freight Train,24,10857,48186,59043,T319,39.093932000000002,-94.653394000000006
BNSF,CH1115113,2015-11-30,1:25 AM,Derailment,0,GALESBURG,IL,35.0,4,Dark,Rain,Yard,Yard/switching,7,113250,4000,117250,T202,40.911323000000003,-90.380463000000006
UP,0119GL014,2019-01-12,12:32 PM,Derailment,0,MELROSE PARK,IL,32.0,2,Day,Snow,Yard,Freight Train,5,26083,7460,33543,T202,41.896709000000001,-87.907199000000006
NS,131231,2018-10-07,9:45 PM,Derailment,0,GRANITE CITY,IL,70.0,4,Dark,Cloudy,Siding,Freight Train,6,11732,650,12382,T110,38.690888000000001,-90.147383000000005
WE,190020,2019-02-14,5:30 PM,Derailment,0,PITTSBURGH,PA,40.0,2,Day,Clear,Main,Freight Train,10,140,14811,14951,T001,40.295698000000002,-79.970749999999995