reportingrailroadcode,accidentnumber,date,time,accidenttype,hazmatreleasedcars,station,stateabbr,temperature,visibility_code,visibility,weathercondition,tracktype,equipmenttype,trainspeed,equipmentdamagecost,trackdamagecost,totaldamagecost,primaryaccidentcausecode,latitude,longitude
NS,130474,2018-08-06,9:45 AM,Derailment,0,FORT WAYNE,IN,82.0,2,Day,Clear,Yard,Freight Train,7,96088,257,96345,T314,41.071438999999998,-85.108193
NS,139183,2020-09-17,11:30 AM,Derailment,0,DAVISBORO,GA,72.0,2,Day,Rain,Main,Freight Train,40,864203,726707,1590910,T002,32.971536999999998,-82.662391
CSX,000193009,2020-10-02,4:10 AM,Derailment,0,MANCHESTER,GA,58.0,4,Dark,Clear,Main,Freight Train,5,23044,413,23457,T303,32.861217000000003,-84.630992000000006
UP,0216PR008,2016-02-18,5:00 AM,Derailment,0,NORTHLAKE,IL,26.0,1,Dawn,Cloudy,Yard,Yard/switching,4,37788,36856,74644,T207,41.894722000000002,-87.896426000000005
IAIS,2019019,2019-04-15,5:25 AM,Derailment,0,CREVE COEUR,IL,42.0,1,Dawn,Clear,Yard,Freight Train,8,65000,0,105710,T111,40.661102,-89.595534999999998
NS,120453,2016-05-11,1:45 AM,Derailment,0,ROCK HILL,SC,67.0,4,Dark,Clear,Yard,Freight Train,9,2759,9355,12114,T207,34.920653999999999,-81.037293000000005
UP,0323MA019,2023-03-15,5:02 AM,Derailment,0,NORTH LITTLE ROCK,AR,35.0,1,Dawn,Clear,Yard,Cut of cars,6,49102,2585,102264,T210,34.774464999999999,-92.225578999999996
FCR,FCR212900,2021-02-24,2:10 AM,Derailment,0,ATLANTA,GA,45.0,4,Dark,Cloudy,Siding,Freight Train,9,20880,770,21650,T110,33.723478,-84.600218999999996
SLRG,SL200422A,2020-04-22,4:10 PM,Derailment,0,FORT GARLAND,CO,61.0,2,Day,Cloudy,Main,Freight Train,15,30636,27037,57673,T210,37.478735999999998,-105.336343
AGR,AGR117123,2023-03-09,9:50 AM,Derailment,0,CANTONMENT,FL,75.0,2,Day,Rain,Yard,Freight Train,8,7441,6889,14330,T311,30.59862,-87.319230000000005
NS,131895,2018-12-02,6:15 PM,Derailment,0,BRUNSWICK,GA,70.0,3,Dusk,Rain,Yard,Freight Train,9,76624,10965,87589,T210,31.192758999999999,-81.503162000000003
KCS,18051701,2018-05-17,3:01 PM,Derailment,0,WICKES,AR,85.0,2,Day,Clear,Main,Freight Train,26,394930,961758,1356688,T108,34.299045,-94.339095999999998
CSX,000175846,2018-04-16,8:05 PM,Derailment,0,INDIANAPOLIS,IN,35.0,3,Dusk,Snow,Yard,Freight Train,9,27926,65467,93393,T110,39.759791,-86.327526000000006
FCR,FCR192381,2019-01-28,12:20 AM,Derailment,0,ATLANTA,GA,34.0,4,Dark,Cloudy,Yard,Freight Train,7,700000,350000,1050000,T102,33.752690000000001,-84.562866
ATK,139647,2015-10-16,8:40 PM,Other (describe in narrative),0,PHILADELPHIA,PA,65.0,4,Dark,Clear,Main,Passenger Train - Pulling,65,12270,1889,14159,T404,39.962781999999997,-75.184263000000001
UP,0822GL001,2022-08-01,1:20 AM,Derailment,0,ST PAUL,MN,75.0,4,Dark,Cloudy,Yard,Freight Train,6,18349,123323,141672,T111,44.913384000000001,-93.052667999999997
NS,130429,2018-08-02,4:50 AM,Derailment,0,ATLANTA,GA,70.0,1,Dawn,Rain,Yard,Freight Train,7,13761,1750,15511,T311,33.787202000000001,-84.433345000000003
DL,161101,2016-11-25,11:40 AM,Derailment,0,SCRANTON,PA,40.0,2,Day,Cloudy,Main,Freight Train,9,12000,38600,50600,T110,41.431291999999999,-75.654241999999996
NS,129932,2018-06-23,6:50 AM,Derailment,0,COLUMBIA,SC,85.0,1,Dawn,Clear,Yard,Freight Train,7,62,10858,10920,T311,33.985332999999997,-81.039083000000005
NS,122768,2016-11-15,11:15 PM,Derailment,0,ALBANY,GA,53.0,4,Dark,Clear,Yard,Freight Train,5,596,36221,36817,T210,31.584475000000001,-84.149669000000003
CERA,CER087522D,2022-05-15,11:45 AM,Derailment,0,SWAYZEE,IN,85.0,2,Day,Clear,Main,,0,0,57242,177242,T109,40.516083000000002,-85.772458
NS,126073,2017-08-03,12:50 PM,Derailment,0,DECATUR,IL,82.0,2,Day,Cloudy,Industry,Yard/switching,3,13282,500,13782,T110,39.858401000000001,-88.898396000000005
UP,0723MA018,2023-07-08,9:10 PM,Derailment,0,JACKSONVILLE,AR,81.0,4,Dark,Clear,Industry,Freight Train,1,26651,0,26651,T111,34.856875000000002,-92.118086000000005
NS,130122,2018-07-07,3:37 AM,Derailment,0,COLUMBIA,SC,72.0,4,Dark,Clear,Yard,Freight Train,5,9258,52600,61858,T207,33.985332999999997,-81.039083000000005
NS,120743,2016-06-05,11:30 AM,Derailment,0,NEW ORLEANS,LA,84.0,2,Day,Clear,Yard,,0,0,6000,38000,T110,29.966543999999999,-90.047578999999999
SCIH,2,2015-07-19,12:30 PM,Derailment,0,CHICAGO,IL,85.0,2,Day,Clear,Main,,0,0,49000,66682,T202,41.723163,-87.584884000000002
CVR,CVR514172D,2017-05-14,3:35 PM,Derailment,0,SATANTA,KS,95.0,2,Day,Clear,Main,Freight Train,10,207903,8644,216547,T111,37.404837999999998,-101.02671100000001
CPDR,CPD104417,2017-09-14,11:44 PM,Derailment,0,LAURENS,SC,70.0,4,Dark,Clear,Yard,,0,0,39628,120847,T210,34.498176999999998,-82.010535000000004
CSX,000213008,2023-08-18,8:15 AM,Derailment,0,INDIANAPOLIS,IN,75.0,2,Day,Clear,Yard,Yard/switching,2,49196,7117,56313,T207,39.759798000000004,-86.327516000000003
KRR,KRR475623D,2023-07-18,3:50 PM,Derailment,0,MCNAB,AR,98.0,2,Day,Clear,Main,Freight Train,4,1000,34965,35965,T109,33.66639,-93.72927
BNSF,PR0715115,2015-07-29,5:57 PM,Derailment,0,DEWEY,SD,73.0,3,Dusk,Clear,Main,Freight Train,18,594630,298949,893579,T109,43.518915,-104.035073
KRR,KRR745824O,2024-03-25,3:45 AM,Derailment,0,HOPE,AR,60.0,4,Dark,Clear,Yard,,0,0,67340,95767,T111,33.668801000000002,-93.593599999999995
UP,0423GL019,2023-04-11,3:24 PM,Derailment,0,SIOUX CITY,IA,85.0,2,Day,Clear,Industry,Freight Train,9,3090,12146,15236,T311,42.418180999999997,-96.374138000000002
UP,0423GL035,2023-04-21,10:03 PM,Derailment,0,CLINTON,IA,42.0,4,Dark,Cloudy,Yard,Cut of cars,0,105405,0,370935,T202,41.815367999999999,-90.224405000000004
NS,120833,2016-06-11,12:05 PM,Derailment,0,OAKDALE,GA,90.0,2,Day,Clear,Yard,Yard/switching,8,15,11703,11718,T207,33.793908000000002,-84.445462000000006
BNSF,MT0517105,2017-05-28,7:36 AM,Derailment,0,BELT,MT,60.0,2,Day,Clear,Main,Freight Train,9,10317,1640493,1650810,T001,47.476908000000002,-111.094638
CSX,000140889,2015-02-02,8:40 AM,Derailment,0,BOSTIC,NC,39.0,2,Day,Cloudy,Yard,Freight Train,6,16462,500,16962,T207,35.372714999999999,-81.856187000000006
NJTR,201808408,2018-08-15,6:35 AM,Derailment,0,RARITAN,NJ,74.0,1,Dawn,Cloudy,Yard,Yard/switching,5,7000,13423,20423,T110,40.570109000000002,-74.647132999999997
CSX,000170882,2017-08-11,11:01 AM,Derailment,0,ATLANTA,GA,89.0,2,Day,Clear,Yard,Yard/switching,5,104683,62834,167517,T207,33.790407000000002,-84.432942999999995
NS,116243,2015-06-25,3:30 AM,Derailment,0,OAKDALE,GA,88.0,4,Dark,Clear,Yard,Yard/switching,6,28,10966,10994,T110,33.806705999999998,-84.462845999999999
MNNR,0423002,2023-04-10,2:25 AM,Derailment,0,MINNEAPOLIS,MN,50.0,4,Dark,Cloudy,Industry,Yard/switching,5,0,22559,22559,T110,44.934646999999998,-93.228065000000001
SAPT,SAP932816,2016-09-04,3:33 PM,Derailment,0,GARDEN CITY,GA,87.0,2,Day,Clear,Industry,Yard/switching,6,37457,2835,40292,T205,32.115276999999999,-81.137777
ATK,137065,2015-04-14,2:36 PM,Derailment,0,PORTLAND,ME,58.0,2,Day,Clear,Main,Passenger Train - Pushing,30,72634,0,110634,T111,43.640923999999998,-70.289674000000005
CSX,000213004,2023-08-18,3:10 PM,Derailment,0,WHITING,IN,82.0,2,Day,Clear,Main,,0,0,27352,27360,T202,41.670136999999997,-87.467663000000002
MSE,2001DERAIL,2020-09-28,11:40 AM,Derailment,0,MOSS POINT,MS,89.0,2,Day,Clear,Industry,Freight Train,8,0,9101,9101,T319,30.518194000000001,-88.516056000000006
UP,0916KC016,2016-09-23,11:20 PM,Derailment,0,KANSAS CITY,MO,80.0,4,Dark,Clear,Yard,Yard/switching,7,11197,5844,17041,T314,39.108930000000001,-94.590937999999994
NS,114963,2015-03-24,2:30 AM,Derailment,0,JESUP,GA,59.0,4,Dark,Clear,Industry,Freight Train,5,112090,5000,117090,T210,31.617457000000002,-81.889793999999995
ATK,135995,2015-01-20,5:17 AM,Other (describe in narrative),0,WILMINGTON,DE,32.0,4,Dark,Clear,Main,Passenger Train - Pulling,110,9630,3798,13428,T404,39.740178,-75.536047999999994
UP,0423GL035,2023-04-21,10:03 PM,Derailment,0,CLINTON,IA,42.0,4,Dark,Cloudy,Yard,Freight Train,7,258430,7100,370935,T202,41.815367999999999,-90.224405000000004
UP,1016KC016,2016-10-27,1:05 AM,Derailment,0,KANSAS CITY,MO,50.0,4,Dark,Clear,Yard,Freight Train,6,41594,42362,83956,T210,39.123392000000003,-94.535053000000005
BNSF,PR0819106,2019-08-14,10:06 AM,Derailment,0,COLORADO SPGS,CO,80.0,2,Day,Clear,Main,Freight Train,22,9296,2036000,2045296,T102,38.951900999999999,-104.831909
CSX,000167068,2017-02-24,5:46 AM,Derailment,0,CARTERSVILLE,GA,50.0,4,Dark,Clear,Main,Freight Train,0,100000,53400,330854,T106,34.114775999999999,-84.733440999999999
UP,0421GP021,2021-04-10,4:03 PM,Derailment,0,PUEBLO,CO,69.0,2,Day,Clear,Yard,Light loco(s),3,250,28050,28300,T314,38.259788,-104.614107
NS,121783,2016-08-22,8:00 AM,Derailment,0,EAST POINT,GA,72.0,2,Day,Clear,Yard,Light loco(s),6,12455,400,12855,T110,33.677863000000002,-84.439277000000004
BNSF,TC0823110,2023-08-12,1:40 AM,Derailment,0,ONEILL,NE,66.0,4,Dark,Clear,Industry,Freight Train,9,22436,0,22436,T110,42.453843999999997,-98.652756999999994
NS,119791,2016-03-18,1:30 PM,Derailment,0,OAKDALE,GA,74.0,2,Day,Clear,Yard,Freight Train,7,200,20550,20750,T311,33.793908000000002,-84.445462000000006
NS,113665,2015-01-05,3:30 AM,Derailment,0,MOUNTAIN VIEW,GA,40.0,4,Dark,Clear,Main,Freight Train,3,2800,10654,13454,T110,33.64978,-84.392311000000007
CSX,000157544,2016-02-26,9:05 AM,Derailment,0,CORDELE,GA,65.0,2,Day,Clear,Main,Freight Train,47,15495,187840,203335,T202,31.937497,-83.687226999999993
NJTR,201804205,2018-04-16,11:10 PM,Other (describe in narrative),0,FAR HILLS,NJ,43.0,4,Dark,Cloudy,Main,EMU,41,8727,2992,11719,T404,40.695452000000003,-74.647064
KRR,KRR747124D,2024-03-22,2:30 PM,Derailment,0,ASHDOWN,AR,60.0,2,Day,Clear,Yard,Freight Train,4,31000,25000,56000,T110,33.674965999999998,-94.143854000000005
NS,120481,2016-05-13,11:25 AM,Derailment,0,GARDEN CITY,GA,88.0,2,Day,Clear,Industry,Freight Train,3,13500,8000,21500,T314,32.129224999999998,-81.158782000000002
NS,119546,2016-02-29,6:05 PM,Derailment,0,CRYSTAL VALLEY,GA,57.0,3,Dusk,Clear,Industry,Yard/switching,4,12928,500,13428,T312,32.405403999999997,-84.855749000000003
CSX,000167068,2017-02-24,5:46 AM,Derailment,0,CARTERSVILLE,GA,50.0,4,Dark,Clear,Main,Freight Train,22,177454,0,330854,T106,34.114775999999999,-84.733440999999999
RWRR,240503002,2024-05-03,10:00 PM,Derailment,0,WHITE LAKE,SD,42.0,4,Dark,Rain,Main,Freight Train,10,179313,65523,244836,T102,43.715781,-98.537600999999995
KCS,21012401,2021-01-24,7:15 AM,Derailment,0,MERIDIAN,MS,55.0,1,Dawn,Cloudy,Yard,Yard/switching,7,21020,6572,27592,T110,32.361172000000003,-88.699607999999998
BNSF,MT0817104,2017-08-17,7:04 AM,Derailment,0,WAKPALA,SD,53.0,1,Dawn,Fog,Main,Freight Train,10,85000,168000,253000,T001,45.651696000000001,-100.540783
NS,128559,2018-02-17,4:20 AM,Derailment,0,LOUISVILLE,KY,34.0,1,Dawn,Clear,Industry,Yard/switching,1,24200,463,24663,T110,38.263534999999997,-85.801413999999994
RCPE,RCP371617D,2017-07-22,5:30 PM,Derailment,0,HERMOSA,SD,95.0,2,Day,Clear,Main,Freight Train,23,587538,110000,697538,T109,43.938800000000001,-103.155
BNSF,TC0617115,2017-06-26,11:44 AM,Derailment,0,GAYVILLE,SD,68.0,2,Day,Clear,Main,Freight Train,23,30028,250,30278,T207,42.898788000000003,-97.238490999999996
KCS,16032901,2016-03-29,12:01 AM,Derailment,0,DE RIDDER,LA,58.0,4,Dark,Clear,Industry,Yard/switching,5,7066,16445,23511,T102,30.864553999999998,-93.365915999999999
BNSF,TC0524106,2024-05-21,9:40 AM,Derailment,0,CORSON,SD,50.0,2,Day,Clear,Industry,Light loco(s),5,1818,50000,51818,T111,43.620601000000001,-96.573639999999997
DSRR,001,2016-01-04,11:45 AM,Derailment,0,TALLULAH,LA,39.0,2,Day,Clear,Main,Yard/switching,7,15000,0,15000,T101,0.0,0.0
KCS,17111002,2017-11-10,5:30 AM,Derailment,0,GODFREY,IL,26.0,4,Dark,Clear,Yard,Freight Train,8,74767,10000,84767,T207,38.584884000000002,-90.144132999999997
RCPE,RCP309617D,2017-05-24,8:32 AM,Derailment,0,PHILIP,SD,60.0,2,Day,Clear,Siding,Freight Train,6,4615,8100,12715,T314,44.021099999999997,-101.40009999999999
NS,123081,2016-12-09,10:55 AM,Derailment,0,DAYTON,IN,26.0,2,Day,Clear,Yard,Yard/switching,8,8094,17948,26042,T207,40.374460999999997,-86.833886000000007
CVR,CVR061717D,2017-06-17,4:05 PM,Derailment,0,COPELAND,KS,102.0,2,Day,Clear,Main,Freight Train,10,60000,50000,110000,T109,37.550272,-100.60512199999999
BNSF,TC0616107,2016-06-09,1:30 PM,Derailment,0,ABERDEEN,SD,93.0,2,Day,Clear,Yard,Freight Train,6,221330,34000,255330,T314,45.465330999999999,-98.499906999999993
RCPE,RCP966216D,2016-05-06,2:30 AM,Derailment,0,PHILIP,SD,50.0,4,Dark,Cloudy,Main,Freight Train,10,15000,1000,16000,T101,44.039602000000002,-101.56619999999999
BNSF,TC0616108,2016-06-09,5:30 PM,Derailment,1,TULARE,SD,93.0,3,Dusk,Clear,Main,Freight Train,21,434488,65000,499488,T109,44.799672999999999,-98.494918999999996
NS,123381,2016-12-30,11:50 PM,Derailment,0,ELKHART,IN,32.0,4,Dark,Clear,Yard,Yard/switching,8,16722,7484,24206,T110,41.67736,-85.978494999999995
NS,122005,2016-09-09,11:15 AM,Derailment,0,YANKEETOWN,IN,82.0,2,Day,Clear,Industry,Freight Train,7,11887,0,11887,T110,37.913260000000001,-87.318454000000003
UP,0721GL018,2021-07-14,8:30 PM,Derailment,0,MASON CITY,IA,71.0,4,Dark,Clear,Yard,Freight Train,3,82940,225770,308710,T111,43.170687999999998,-93.215818999999996
CSX,000213178,2023-08-30,3:44 AM,Derailment,0,AUGUSTA,GA,75.0,4,Dark,Cloudy,Yard,Freight Train,7,41324,20333,61657,T207,33.455455000000001,-81.952475000000007
GFRR,GFRR171926,2017-11-13,8:55 AM,Derailment,0,ALBANY,GA,51.0,2,Day,Clear,Yard,Freight Train,5,7636,3679,11315,T110,31.574846999999998,-84.124703999999994
KCS,14111902,2014-11-19,6:00 PM,Derailment,0,VICKSBURG,MS,40.0,4,Dark,Clear,Yard,Spec. MoW Equip.,5,35053,13898,48951,T110,32.345688000000003,-90.872804000000002
NS,143383,2021-11-06,11:00 AM,Derailment,0,HAPEVILLE,GA,58.0,2,Day,Clear,Siding,Freight Train,9,1400,9922,11322,T311,33.661684999999999,-84.414018999999996
SVHO,220916009,2022-09-16,11:00 PM,Derailment,0,SAVANNAH,GA,70.0,4,Dark,Clear,Yard,Yard/switching,9,36500,1200,37700,T319,32.075248999999999,-81.064538999999996
NS,141597,2021-05-19,4:40 PM,Derailment,0,CHAMBLEE,GA,75.0,3,Dusk,Cloudy,Yard,Freight Train,7,39013,27199,66212,T310,33.896092000000003,-84.291955000000002
CSX,000201197,2021-11-08,4:15 PM,Derailment,0,PENSACOLA,FL,69.0,3,Dusk,Clear,Yard,Cut of cars,0,211450,1500,231577,T207,30.437011999999999,-87.219926999999998
NS,143581,2021-11-27,10:35 PM,Derailment,0,HIRAM,GA,40.0,4,Dark,Clear,Main,Freight Train,25,898487,318160,1216647,T311,33.874422000000003,-84.761331999999996
NS,153352,2023-06-14,7:00 PM,Derailment,0,COLUMBUS,GA,50.0,3,Dusk,Rain,Yard,Freight Train,3,1600,10400,12000,T207,32.470337999999998,-84.984086000000005
GSWR,GSW049917,2017-05-24,5:00 PM,Derailment,0,GEORGETOWN,GA,75.0,2,Day,Cloudy,Main,Freight Train,10,48353,6000,54353,T110,31.867260999999999,-85.101011999999997
MRL,2023036,2023-04-02,9:19 AM,Derailment,0,PARADISE,MT,35.0,2,Day,Clear,Main,Freight Train,40,2000000,1900000,3900000,T207,47.334023999999999,-114.78918400000001
RTDC,73679,2018-08-22,9:30 PM,Other impacts,0,ARVADA,CO,73.0,3,Dusk,Cloudy,Main,EMU,60,5901,24310,30211,T404,39.791409000000002,-105.11732600000001
NS,152254,2023-02-07,8:41 PM,Derailment,0,STAPLETON,GA,40.0,4,Dark,Clear,Industry,Light loco(s),4,38,27808,27846,T102,33.257480000000001,-82.437849
UP,0116PC011,2016-01-30,11:00 PM,Derailment,0,POCATELLO,ID,21.0,4,Dark,Clear,Yard,Yard/switching,5,10816,4222,15038,T210,42.871676999999998,-112.45838000000001
BNSF,SW0120102,2020-01-18,7:36 AM,Derailment,0,CLOVIS,NM,45.0,1,Dawn,Clear,Yard,Yard/switching,10,21044,40000,61044,T001,34.394410999999998,-103.210435
NS,138853,2020-08-14,11:00 PM,Derailment,0,ATLANTA,GA,72.0,4,Dark,Clear,Yard,Light loco(s),5,33,88663,88696,T110,33.793886999999998,-84.445407000000003
ALS,0623AS003,2023-06-06,12:00 PM,Derailment,0,EAST ST LOUIS,IL,86.0,2,Day,Clear,Yard,Yard/switching,2,9400,13956,23356,T403,38.587074999999999,-90.133627000000004
NS,132518,2019-01-20,5:54 PM,Derailment,0,LOUISVILLE,KY,21.0,3,Dusk,Cloudy,Yard,Yard/switching,4,9136,23793,32929,T110,38.263534999999997,-85.801413999999994
BNSF,PR0617117,2017-06-20,4:16 PM,Derailment,0,BOULDER,CO,95.0,2,Day,Clear,Main,Freight Train,24,198640,91491,290131,T109,40.016765999999997,-105.20873
BNSF,MT0323109,2023-03-31,5:11 PM,Derailment,0,HAVRE,MT,35.0,3,Dusk,Clear,Yard,Freight Train,10,142274,48000,190274,T110,48.554006999999999,-109.669696
WW,VA141023,2014-10-22,4:50 PM,Derailment,0,HAGERSTOWN,MD,63.0,2,Day,Clear,Main,Freight Train,10,11400,0,72295,T110,39.635008999999997,-77.738326000000001
NS,143268,2021-10-25,11:10 PM,Derailment,0,GARDEN CITY,GA,73.0,4,Dark,Clear,Yard,Yard/switching,9,712,12872,13584,T110,32.110264000000001,-81.174895000000006
NS,153579,2023-07-10,6:00 AM,Derailment,0,ATLANTA,GA,75.0,1,Dawn,Rain,Yard,Yard/switching,5,40952,141260,182212,T207,33.793520000000001,-84.444440999999998
CSX,000194163,2020-11-30,1:45 AM,Derailment,0,SMYRNA,TN,37.0,4,Dark,Rain,Industry,Freight Train,10,19464,4630,24094,T399,35.948410000000003,-86.489772000000002
NS,136133,2019-11-08,2:10 PM,Derailment,0,BRISTOL,TN,40.0,2,Day,Clear,Main,Freight Train,2,23000,13423,36423,T310,36.555900000000001,-82.171645999999996
NS,139674,2020-11-08,6:55 AM,Derailment,0,PANAMA,IL,60.0,1,Dawn,Clear,Main,Freight Train,27,876832,118849,995681,T207,39.023541000000002,-89.521635000000003
NJTR,202206235,2022-05-21,11:10 AM,Other (describe in narrative),0,NEWARK,NJ,57.0,2,Day,Cloudy,Main,EMU,30,21255,0,32868,T404,40.716464999999999,-74.182936999999995
CP,1001027739,2019-07-10,11:02 AM,Derailment,0,ROCK ISLAND,IL,88.0,2,Day,Clear,Main,Freight Train,8,6551,0,52092,T401,41.517186000000002,-90.565579
NJTR,202111466,2021-10-14,9:20 PM,Other (describe in narrative),0,NORTH BERGEN,NJ,52.0,4,Dark,Clear,Main,Commuter Train - Pushing,45,13720,0,24220,T404,40.771867999999998,-74.042872000000003
BNSF,RD0818134,2018-08-30,3:36 PM,Derailment,0,ABERNATHY,TX,94.0,2,Day,Clear,Industry,Freight Train,8,11078,6000,17078,T202,33.831674,-101.838499
BNSF,CH0724105,2024-07-10,9:10 AM,Derailment,0,GALESBURG,IL,79.0,2,Day,Clear,Yard,Yard/switching,1,157478,316222,473700,T403,40.903644,-90.385868000000002
CRSH,119790,2016-03-17,10:45 PM,Derailment,0,RIDGEFIELD,NJ,55.0,4,Dark,Clear,Yard,Yard/switching,7,25132,5000,30132,T110,40.828297999999997,-74.023741000000001
NJTR,202206236,2022-05-22,5:05 PM,Other (describe in narrative),0,DENVILLE,NJ,93.0,2,Day,Clear,Main,Commuter Train - Pulling,50,13279,0,13279,T404,40.883783000000001,-74.483664000000005
CSX,000181751,2019-03-10,5:45 AM,Derailment,0,MEMPHIS,TN,50.0,1,Dawn,Clear,Yard,Freight Train,8,18490,0,22690,T205,35.168173000000003,-89.962592999999998
TPW,TPW382220R,2020-04-05,11:58 AM,Derailment,0,BARTONVILLE,IL,56.0,2,Day,Clear,Main,Freight Train,7,0,0,10847,T101,40.594855000000003,-89.671921999999995
NS,127185,2017-10-26,11:40 AM,Derailment,0,GARY,IN,55.0,2,Day,Cloudy,Industry,Freight Train,4,7200,21120,28320,T110,41.594935,-87.325661999999994
NS,138061,2020-05-27,1:26 PM,Derailment,0,AMERICUS,GA,85.0,2,Day,Cloudy,Yard,,0,0,794,794,T110,32.082518999999998,-84.230086
BNSF,SW1119109,2019-11-30,3:50 AM,Derailment,0,FORT SUMNER,NM,20.0,4,Dark,Clear,Main,Freight Train,68,919806,200000,1119806,T204,34.390653999999998,-104.313731
BNSF,NE0616103,2016-06-14,4:53 AM,Derailment,0,LINCOLN,NE,73.0,1,Dawn,Clear,Main,Freight Train,21,817752,1193209,2010961,T102,40.811884999999997,-96.714470000000006
NS,123029,2016-12-06,10:00 AM,Derailment,0,FORT WAYNE,IN,35.0,2,Day,Rain,Yard,Freight Train,4,9410,1500,10910,T311,41.071438999999998,-85.108193
CSX,000208215,2022-11-06,1:30 AM,Derailment,0,AUGUSTA,GA,68.0,4,Dark,Rain,Yard,Freight Train,8,17041,6280,23321,T201,33.455455000000001,-81.952475000000007
UP,1216DV016,2016-12-23,12:45 AM,Derailment,0,DENVER,CO,29.0,4,Dark,Clear,Yard,Light loco(s),4,17378,2190,19568,T113,39.784045999999996,-104.997879
EIRR,160714003,2016-07-14,9:00 AM,Derailment,0,MINIDOKA,ID,75.0,2,Day,Clear,Main,Freight Train,10,435082,28800,463882,T314,42.755766999999999,-113.491451
NS,122923,2016-11-29,5:30 AM,Derailment,0,BARNESVILLE,GA,65.0,1,Dawn,Rain,Industry,Freight Train,3,18261,1500,19761,T110,33.059113000000004,-84.148877999999996
BNSF,MT0522108,2022-05-26,6:57 PM,Derailment,0,CONRAD,MT,70.0,3,Dusk,Clear,Main,Freight Train,22,9386,107000,116386,T109,48.115824000000003,-111.938424
CSX,000201197,2021-11-08,4:15 PM,Derailment,0,PENSACOLA,FL,69.0,3,Dusk,Clear,Yard,Freight Train,5,18627,0,231577,T207,30.437011999999999,-87.219926999999998
UP,0319GP047,2019-03-25,3:35 PM,Derailment,0,HASTINGS,NE,47.0,2,Day,Cloudy,Industry,Freight Train,4,23392,7384,30776,T099,40.571948999999996,-98.309494999999998
CMR,07252016,2016-07-25,2:15 PM,Derailment,0,CHESTERFIELD,MO,89.0,2,Day,Clear,Industry,Freight Train,10,13429,65838,79267,T110,38.691827000000004,-90.500737000000001
NS,153871,2023-08-09,11:10 PM,Derailment,0,MACON,GA,77.0,4,Dark,Cloudy,Yard,Yard/switching,10,21000,19900,40900,T311,32.828532000000003,-83.625275999999999
BNSF,RD0818129,2018-08-25,5:30 PM,Derailment,0,SAGINAW,TX,90.0,3,Dusk,Clear,Yard,Yard/switching,7,18255,1500,19755,T303,32.835326000000002,-97.359128999999996
NS,134661,2019-07-10,8:15 PM,Derailment,0,LOUISVILLE,KY,89.0,4,Dark,Clear,Industry,Yard/switching,1,12448,0,12448,T314,38.263534999999997,-85.801413999999994
NS,145750,2022-07-04,3:05 AM,Derailment,0,MACON,GA,74.0,4,Dark,Clear,Yard,Yard/switching,8,350448,170214,520662,T402,32.813729000000002,-83.622793000000001
CSX,000207950,2022-10-21,3:30 PM,Derailment,0,GAINESVILLE,GA,75.0,2,Day,Clear,Industry,Freight Train,1,21859,30000,51859,T210,34.269896000000003,-83.818068999999994
BNSF,SF0616101,2016-06-03,2:00 PM,Derailment,0,MEMPHIS,TN,80.0,2,Day,Cloudy,Yard,Freight Train,5,18913,0,18913,T108,35.025970999999998,-89.891903999999997
ALS,0324AS020,2024-03-30,12:00 PM,Derailment,0,EAST ST LOUIS,IL,70.0,2,Day,Clear,Main,Freight Train,10,30393,0,48035,T403,38.650753999999999,-90.162255000000002
CSX,000181477,2019-02-20,2:25 PM,Derailment,0,KNOXVILLE,TN,48.0,2,Day,Rain,Main,,0,0,21348,202072,T319,35.961509,-83.949349999999995
NJTR,202101019,2021-01-01,5:25 PM,Other (describe in narrative),0,MORRIS PLAINS,NJ,33.0,4,Dark,Rain,Main,Commuter Train - Pulling,35,11729,4460,16189,T404,40.798299,-74.474862999999999
NS,154119,2023-09-03,11:45 PM,Derailment,0,MASCOT,TN,75.0,4,Dark,Clear,Yard,Yard/switching,3,17039,3000,20039,T207,36.033045000000001,-83.817204000000004
NS,144845,2022-03-31,6:14 AM,Derailment,0,ROME,GA,61.0,1,Dawn,Cloudy,Industry,Freight Train,7,28573,1500,30073,T110,34.216379000000003,-85.182221999999996
BNSF,CH0524101,2024-05-03,3:30 AM,Derailment,0,GALESBURG,IL,55.0,4,Dark,Clear,Yard,Light loco(s),8,62787,1000,63787,T111,40.935201999999997,-90.411563999999998
BNSF,CH0623114,2023-06-26,10:12 AM,Derailment,0,GALESBURG,IL,73.0,2,Day,Cloudy,Yard,Light loco(s),8,145002,154000,299002,T113,40.913384999999998,-90.382379999999998