reportingrailroadcode,accidentnumber,date,time,accidenttype,hazmatreleasedcars,station,stateabbr,temperature,visibility_code,visibility,weathercondition,tracktype,equipmenttype,trainspeed,equipmentdamagecost,trackdamagecost,totaldamagecost,primaryaccidentcausecode,latitude,longitude
NS,131802,2018-11-25,11:35 PM,Derailment,0,CINCINNATI,OH,48.0,4,Dark,Rain,Yard,Freight Train,7,14543,5035,19578,T110,39.103864000000002,-84.539599999999993
NS,115957,2015-06-07,11:58 AM,Derailment,0,MEMPHIS,TN,83.0,2,Day,Clear,Yard,Yard/switching,4,0,13592,13592,T108,35.115575,-89.974209000000002
BNSF,KS0619102,2019-06-03,2:20 AM,Derailment,0,KANSAS CITY,KS,70.0,4,Dark,Clear,Yard,Yard/switching,2,78843,250,79093,T305,39.085382000000003,-94.688194999999993
NIRC,9419001468,2023-04-19,12:00 AM,Raking collision,0,CHICAGO,IL,64.0,4,Dark,Clear,Main,,0,0,2535,17523,T499,41.771819999999998,-87.592429999999993
TRRA,24004OR,2024-02-21,3:40 PM,Derailment,0,EAST ST LOUIS,IL,72.0,2,Day,Clear,Main,,0,0,128468,156053,T403,38.596595999999998,-90.155986999999996
CSX,000190161,2020-05-11,10:13 PM,Derailment,0,LOUISVILLE,KY,52.0,4,Dark,Cloudy,Yard,Yard/switching,7,10886,966,11852,T303,38.160708999999997,-85.749173999999996
EVWR,E2018MAR1D,2018-03-05,10:14 AM,Derailment,0,MCLEANSBORO,IL,44.0,2,Day,Rain,Industry,Freight Train,10,11954,8657,20611,T110,38.071288000000003,-88.475499999999997
BNSF,CH0324104,2024-03-19,5:09 PM,Derailment,0,ELWOOD,IL,51.0,3,Dusk,Clear,Yard,Light loco(s),4,21000,0,21000,T314,41.381216000000002,-88.152672999999993
UP,0624MA051,2024-06-26,4:21 PM,Derailment,0,MEMPHIS,TN,85.0,2,Day,Rain,Main,Freight Train,5,33065,0,111564,T403,35.126874000000001,-90.059577000000004
CSX,000176352,2018-05-13,4:30 AM,Derailment,0,NASHVILLE,TN,65.0,1,Dawn,Clear,Yard,Yard/switching,7,16127,300,16427,T207,36.112141999999999,-86.770736999999997
KAW,220201006,2022-02-01,5:20 PM,Derailment,0,KANSAS CITY,KS,10.0,3,Dusk,Clear,Yard,Yard/switching,5,0,40000,40000,T319,39.07837,-94.638499999999993
UP,0918FW039,2018-09-26,10:15 AM,Derailment,0,TYLER,TX,85.0,2,Day,Cloudy,Industry,Freight Train,4,9325,1474,10799,T001,32.340949999999999,-95.327727999999993
TRRA,18005,2018-03-08,3:30 AM,Derailment,0,VENICE,IL,25.0,4,Dark,Clear,Yard,Yard/switching,5,4845,10614,15459,T199,38.664160000000003,-90.162147000000004
CSX,000160795,2016-06-24,6:00 AM,Derailment,0,NASHVILLE,TN,75.0,1,Dawn,Cloudy,Yard,Freight Train,5,25600,6488,32088,T207,36.112141999999999,-86.770736999999997
NS,145235,2022-05-10,2:35 PM,Derailment,0,MORRISTOWN,TN,76.0,2,Day,Clear,Siding,Freight Train,4,483,40139,40622,T099,36.168537000000001,-83.387468999999996
NIRC,9419001438,2023-04-11,3:44 PM,Other impacts,0,CHICAGO,IL,78.0,2,Day,Clear,Main,EMU,7,83026,7201,90227,T404,41.863509999999998,-87.619579999999999
CSX,000175756,2018-04-10,6:00 PM,Derailment,0,NASHVILLE,TN,46.0,3,Dusk,Clear,Yard,Yard/switching,7,22294,910,23204,T207,36.112141999999999,-86.770736999999997
IC,1137595,2023-08-12,8:00 PM,Side collision,0,MEMPHIS,TN,83.0,3,Dusk,Clear,Yard,Yard/switching,0,1299,0,60808,T306,35.06794,-90.106773000000004
CSX,000185769,2019-10-05,12:20 PM,Derailment,0,PHILADELPHIA,PA,61.0,2,Day,Clear,Yard,Yard/switching,3,10727,250,10977,T316,39.898302000000001,-75.167339999999996
BNSF,HL0916106,2016-09-20,7:20 AM,Derailment,0,ST LOUIS,MO,81.0,1,Dawn,Clear,Yard,Freight Train,5,5474,172013,177487,T207,38.608721000000003,-90.307496999999998
NS,146190,2022-08-15,2:35 PM,Derailment,0,DECATUR,IL,83.0,2,Day,Clear,Yard,Yard/switching,2,17728,198,17926,T110,39.848098,-88.939068000000006
NS,126918,2017-10-06,1:30 PM,Derailment,0,CHATTANOOGA,TN,82.0,2,Day,Clear,Yard,Yard/switching,7,3723,27596,31319,T311,35.076193000000004,-85.216145999999995
IAIS,202359,2023-10-15,9:55 AM,Derailment,0,BLUE ISLAND,IL,53.0,2,Day,Cloudy,Yard,Freight Train,8,400000,0,417817,T210,41.659013999999999,-87.675393999999997
PGR,06022021,2021-06-02,12:40 PM,Derailment,0,BLOOMINGTON,MN,74.0,2,Day,Clear,Main,Freight Train,9,19440,5000,24440,T110,44.833159000000002,-93.308807999999999
NS,122474,2016-10-19,8:06 PM,Derailment,0,DAYTON,IN,60.0,4,Dark,Rain,Yard,Yard/switching,8,400,10236,10636,T110,40.374415999999997,-86.832023000000007
CSX,000176213,2018-05-04,10:10 AM,Derailment,0,GALLATIN,TN,77.0,2,Day,Cloudy,Main,Cut of cars,0,60,153085,261265,T106,36.478099999999998,-86.466167999999996
ATK,135051,2014-11-01,5:25 AM,Derailment,0,BARTLEY,NE,28.0,1,Dawn,Clear,Main,Passenger Train - Pulling,78,178000,0,363900,T204,40.264099999999999,-100.246809
IC,870654,2015-11-07,7:40 PM,Derailment,0,MEMPHIS,TN,42.0,4,Dark,Clear,Yard,Freight Train,3,24575,0,142268,T202,35.072608000000002,-90.068207999999998
NS,151279,2022-10-26,9:15 AM,Derailment,0,CHATTANOOGA,TN,65.0,2,Day,Clear,Yard,Freight Train,5,105992,60000,316013,T319,35.007198000000002,-85.375513999999995
NS,154383,2023-10-02,12:15 PM,Derailment,0,MACON,GA,79.0,2,Day,Clear,Yard,Yard/switching,4,4200,29445,33645,T402,32.81373,-83.622793999999999
NS,139758,2020-11-17,2:10 AM,Derailment,0,CHATTANOOGA,TN,39.0,4,Dark,Clear,Yard,Yard/switching,5,54958,10695,65653,T311,35.082965999999999,-85.244281999999998
UP,0118LK024,2018-01-15,9:09 AM,Derailment,0,MEMPHIS,TN,30.0,2,Day,Clear,Yard,Freight Train,5,260946,0,580261,T201,35.127029,-90.064792999999995
CSX,000192591,2020-09-12,11:18 PM,Derailment,0,NASHVILLE,TN,80.0,4,Dark,Cloudy,Yard,Freight Train,6,110928,5677,116605,T403,36.112141999999999,-86.770736999999997
CSX,000180116,2018-11-28,11:16 AM,Derailment,0,NASHVILLE,TN,41.0,2,Day,Clear,Yard,Freight Train,8,118732,0,214948,T207,36.112141999999999,-86.770736999999997
NS,129666,2018-05-31,5:37 PM,Derailment,0,CHATTANOOGA,TN,79.0,3,Dusk,Cloudy,Yard,Yard/switching,3,12419,1079,13498,T311,35.082965999999999,-85.244281999999998
NS,132347,2019-01-09,1:15 AM,Derailment,0,CHATTANOOGA,TN,40.0,4,Dark,Clear,Yard,Freight Train,7,2293,22742,25035,T314,36.135151,-84.649386000000007
NS,146387,2022-09-05,4:20 PM,Derailment,0,MEMPHIS,TN,89.0,3,Dusk,Clear,Yard,Freight Train,5,12100,5000,17100,T317,35.115575999999997,-89.974209000000002
WTNN,215,2015-03-11,5:30 PM,Derailment,0,JACKSON,TN,70.0,3,Dusk,Clear,Main,Freight Train,5,25000,12000,37000,T314,35.604568999999998,-88.805401000000003
KCS,18092101,2018-09-21,11:15 PM,Derailment,0,COPEVILLE,TX,80.0,4,Dark,Rain,Main,Freight Train,23,572449,206367,778816,T002,33.126576,-96.392778000000007
ALS,0224AS011,2024-02-21,3:40 PM,Derailment,0,EAST ST LOUIS,IL,72.0,2,Day,Clear,Main,Freight Train,10,27527,0,156053,T403,38.597132000000002,-90.155073000000002
NS,143266,2021-10-25,8:45 PM,Derailment,0,SURGOINSVILLE,TN,60.0,4,Dark,Rain,Industry,Freight Train,8,10600,8871,19471,T110,36.501083999999999,-82.789664000000002
BNSF,HL0119130,2019-01-24,5:40 AM,Derailment,0,MEMPHIS,TN,32.0,1,Dawn,Clear,Yard,Yard/switching,7,14676,1500,16176,T202,35.026060999999999,-89.890054000000006
NS,137148,2020-02-12,10:40 AM,Derailment,0,SHIREMANSTOWN,PA,40.0,2,Day,Cloudy,Industry,Freight Train,4,13407,0,13407,T314,40.232582999999998,-76.918869000000001
IHB,2203,2016-04-07,6:32 AM,Derailment,0,EAST CHICAGO,IN,0.0,1,Dawn,Sleet,Siding,Freight Train,5,4092,8325,12417,T314,41.633364999999998,-87.459299000000001
BNSF,KS0823111,2023-08-25,6:20 PM,Derailment,0,HUTCHINSON,KS,100.0,3,Dusk,Clear,Yard,Yard/switching,5,3000,23298,26298,T111,38.048887000000001,-97.871909000000002
NS,152125,2023-01-29,7:40 PM,Other (describe in narrative),0,CHATTANOOGA,TN,50.0,3,Dusk,Rain,Yard,Freight Train,2,16925,32914,51139,T311,35.007198000000002,-85.375513999999995
CSX,000200888,2021-10-24,4:30 AM,Derailment,0,MIAMI-DADE,FL,88.0,1,Dawn,Clear,Yard,Yard/switching,5,2713,0,27213,T110,25.803201000000001,-80.253274000000005
BNSF,SF0415105,2015-04-08,3:00 AM,Derailment,0,MEMPHIS,TN,65.0,4,Dark,Clear,Yard,Yard/switching,8,15737,12500,28237,T403,35.024239000000001,-89.887985
CSX,000202831,2022-02-02,1:40 AM,Derailment,0,PEMBROKE,KY,40.0,4,Dark,Rain,Industry,Freight Train,5,84593,662,85255,T110,36.772466000000001,-87.349914999999996
UP,0322HL007,2022-03-10,12:30 AM,Derailment,0,COFFEYVILLE,KS,38.0,4,Dark,Cloudy,Yard,Freight Train,4,87712,200,87912,T202,37.027543999999999,-95.624328000000006
NS,122719,2016-11-10,12:20 AM,Derailment,0,CHATTANOOGA,TN,35.0,4,Dark,Clear,Yard,Yard/switching,6,603,10735,11338,T311,35.060735000000001,-85.266800000000003
UP,0717UT016,2017-07-19,4:20 AM,Derailment,0,SODA SPRINGS,ID,50.0,4,Dark,Clear,Industry,Freight Train,4,5422,18489,23911,T317,42.737941999999997,-111.544836
BNSF,SF0116103,2016-01-08,12:15 AM,Derailment,0,MEMPHIS,TN,46.0,4,Dark,Rain,Yard,Yard/switching,10,20106,15000,35106,T110,35.026386000000002,-89.892893999999998
NS,128105,2018-01-12,5:15 PM,Derailment,0,CHATTANOOGA,TN,28.0,3,Dusk,Clear,Industry,Yard/switching,5,250,500,750,T110,35.008378999999998,-85.315787
NS,152125,2023-01-29,7:40 PM,Other (describe in narrative),0,CHATTANOOGA,TN,50.0,3,Dusk,Rain,Yard,Cut of cars,0,1300,0,51139,T311,35.007198000000002,-85.375513999999995
NS,119933,2016-03-30,6:15 PM,Derailment,0,LAFAYETTE,IN,53.0,3,Dusk,Rain,Yard,Yard/switching,8,213500,1015,214515,T207,40.374727,-86.845043000000004
CSX,000193555,2020-10-30,1:45 AM,Derailment,0,NASHVILLE,TN,50.0,4,Dark,Cloudy,Yard,Yard/switching,5,203427,3768,207195,T207,36.112141999999999,-86.770736999999997
NICD,N2000003,2020-02-22,7:03 AM,Derailment,0,CHICAGO,IL,50.0,2,Day,Clear,Main,Commuter Train - Pulling,9,13613,0,24056,T314,41.525042999999997,-87.372283999999993
CSX,000167911,2017-03-31,3:35 PM,Derailment,0,INDIANAPOLIS,IN,43.0,2,Day,Cloudy,Yard,Cut of cars,9,19750,990,20740,T313,39.759791,-86.327526000000006
NS,125924,2017-07-21,4:45 PM,Derailment,0,GLENMARY,TN,97.0,3,Dusk,Clear,Main,Freight Train,35,0,15781,15781,T109,36.308546999999997,-84.622720999999999
BNSF,HL0419116,2019-04-24,4:30 PM,Derailment,0,MEMPHIS,TN,78.0,2,Day,Clear,Yard,Yard/switching,5,95096,0,95096,T210,35.023209000000001,-89.889722000000006
PAL,2015FEB2D,2015-02-06,6:50 PM,Derailment,0,MADISONVILLE,KY,30.0,3,Dusk,Clear,Yard,Freight Train,8,53000,0,84490,T207,37.332546000000001,-87.483923000000004
NS,128286,2018-01-25,4:30 PM,Derailment,0,ALTON,IL,51.0,3,Dusk,Clear,Yard,Yard/switching,7,14653,0,14653,T314,38.886747,-90.167968999999999
UP,1016WH003,2016-10-25,2:45 PM,Derailment,0,COFFEYVILLE,KS,75.0,2,Day,Clear,Yard,Freight Train,10,11749,0,42019,T108,37.030211000000001,-95.606538
CSX,000177060,2018-06-17,8:12 PM,Derailment,2,PRINCETON,IN,89.0,3,Dusk,Clear,Main,Freight Train,38,1388329,0,1803908,T109,38.320793000000002,-87.575316000000001
CSX,000174336,2018-01-28,7:30 PM,Derailment,0,NASHVILLE,TN,50.0,3,Dusk,Cloudy,Yard,Freight Train,6,14196,1879,16075,T319,36.112141999999999,-86.770736999999997
ALS,0324AS013,2024-03-23,5:00 PM,Derailment,0,EAST ST LOUIS,IL,51.0,2,Day,Clear,Yard,Yard/switching,4,10193,4248,14441,T403,38.586539000000002,-90.139612
IC,982959,2018-12-31,3:40 AM,Derailment,0,MEMPHIS,TN,51.0,4,Dark,Rain,Yard,Freight Train,0,531908,0,996719,T208,35.075355000000002,-90.054396999999994
NS,122817,2016-11-19,1:40 PM,Derailment,0,NEW HAVEN,IN,35.0,2,Day,Snow,Yard,Freight Train,4,1547,16495,18042,T207,41.074437000000003,-85.057631999999998
UP,0418FW026,2018-04-18,1:23 AM,Derailment,0,MONAHANS,TX,68.0,4,Dark,Clear,Yard,Freight Train,8,341,219120,219461,T201,31.594888999999998,-102.893844
BNSF,HL0718125,2018-07-26,7:15 AM,Derailment,0,MEMPHIS,TN,90.0,1,Dawn,Clear,Yard,Yard/switching,4,33216,79000,112216,T102,35.026614000000002,-89.893545000000003
UP,0118PD032,2018-01-27,4:30 AM,Other impacts,0,PORTLAND,OR,42.0,4,Dark,Clear,Yard,Yard/switching,6,6500,2452,11826,T102,45.545287000000002,-122.680817
NS,121653,2016-08-13,2:15 AM,Derailment,0,ROCKWOOD,TN,80.0,4,Dark,Clear,Industry,Freight Train,7,6796,4500,11296,T110,35.868310999999999,-84.684939
CSX,000144410,2015-04-07,12:35 PM,Derailment,0,NASHVILLE,TN,70.0,2,Day,Cloudy,Yard,Freight Train,8,19048,500,19548,T310,36.112147999999998,-86.770741000000001
CSX,000154684,2015-11-24,4:45 AM,Derailment,0,PHELPS,KY,28.0,4,Dark,Clear,Industry,Freight Train,5,34773,5000,39773,T312,37.528877000000001,-82.385388000000006
UP,1221PR009,2021-12-15,12:24 PM,Derailment,0,MELROSE PARK,IL,64.0,2,Day,Cloudy,Yard,Yard/switching,4,5428,7100,12528,T314,41.895634000000001,-87.888923000000005
CSX,000138056,2014-11-25,1:30 PM,Derailment,0,NASHVILLE,TN,36.0,2,Day,Clear,Yard,Freight Train,5,29455,250,29705,T310,36.119261000000002,-86.772364999999994
NS,115701,2015-05-18,2:30 PM,Derailment,0,LOOKOUT MOUNTAIN,TN,79.0,2,Day,Cloudy,Main,Freight Train,5,51486,200,51686,T314,35.008623999999998,-85.315731
FEC,D70101521,2021-10-15,1:15 AM,Derailment,0,MIAMI-DADE,FL,78.0,4,Dark,Cloudy,Yard,Freight Train,8,2947,33161,36108,T210,25.831077000000001,-80.307265000000001
CSX,000176618,2018-05-25,8:00 PM,Derailment,0,NASHVILLE,TN,75.0,3,Dusk,Cloudy,Yard,Yard/switching,5,8642,2506,11148,T110,36.112141999999999,-86.770736999999997
UP,0723GL020,2023-07-15,7:08 AM,Derailment,0,DES MOINES,IA,68.0,2,Day,Clear,Yard,Light loco(s),4,12843,880,13723,T111,41.589100999999999,-93.572291000000007
CSX,000162662,2016-09-06,7:20 AM,Derailment,0,NASHVILLE,TN,75.0,1,Dawn,Clear,Yard,Yard/switching,5,20408,200,20608,T207,36.112141999999999,-86.770736999999997
NS,115493,2015-05-02,2:30 AM,Derailment,0,CARYVILLE,TN,41.0,4,Dark,Fog,Main,Freight Train,21,83000,67545,150545,T002,36.294446999999998,-84.219076000000001
CSX,000215218,2023-12-22,1:50 AM,Derailment,0,WAYCROSS,GA,45.0,4,Dark,Clear,Yard,Yard/switching,5,22061,401,22462,T101,31.206516000000001,-82.362353999999996
UP,0722MA028,2022-07-13,8:46 AM,Derailment,0,EAST ST LOUIS,IL,76.0,2,Day,Clear,Yard,Freight Train,2,17390,0,17390,T403,38.596040000000002,-90.153540000000007
ALS,0524AS006,2024-05-25,9:28 PM,Derailment,0,EAST ST LOUIS,IL,70.0,4,Dark,Cloudy,Yard,Yard/switching,2,10714,1830,12544,T403,38.584195000000001,-90.134912
CSX,000163551,2016-10-12,3:30 AM,Derailment,0,CHATTANOOGA,TN,47.0,4,Dark,Clear,Main,Freight Train,13,531484,80100,611584,T207,35.027478000000002,-85.301124000000002
CSX,000181846,2019-03-15,8:50 PM,Derailment,0,NASHVILLE,TN,44.0,4,Dark,Clear,Yard,Freight Train,7,21148,1956,23104,T202,36.112141999999999,-86.770736999999997
UP,0717UT003,2017-07-06,1:40 AM,Derailment,0,POCATELLO,ID,65.0,4,Dark,Clear,Yard,Yard/switching,6,5046,36354,41400,T399,42.860365000000002,-112.444951
NS,127421,2017-11-14,1:40 PM,Derailment,0,LOUDON,TN,62.0,2,Day,Clear,Main,Freight Train,8,96810,81282,178092,T207,35.738951,-84.343452999999997
CSX,000136827,2014-10-28,6:55 AM,Derailment,0,MADISONVILLE,KY,58.0,4,Dark,Clear,Yard,Freight Train,8,80177,1000,81177,T311,37.348835000000001,-87.49427
BNSF,RD0721131,2021-07-30,2:55 PM,Derailment,0,AVONDALE,LA,90.0,2,Day,Clear,Main,Freight Train,9,131641,0,192873,T403,29.916694,-90.177629999999994
MRL,2022011,2022-02-08,9:50 PM,Derailment,0,SUPERIOR,MT,28.0,4,Dark,Clear,Main,Freight Train,14,10000,340000,350000,T111,47.032279000000003,-114.75564199999999
BNSF,KS0515114,2015-05-24,10:55 AM,Derailment,0,KANSAS CITY,KS,55.0,2,Day,Rain,Yard,Yard/switching,4,14599,1600,16199,T111,39.086235000000002,-94.677488999999994
NS,120886,2016-06-15,9:30 PM,Derailment,0,FORT WAYNE,IN,77.0,4,Dark,Fog,Main,Freight Train,6,8841,0,20551,T207,41.071438999999998,-85.108188999999996
NS,153124,2023-05-18,5:15 AM,Derailment,0,MOUNTAIN VIEW,GA,67.0,1,Dawn,Clear,Yard,Freight Train,5,11650,32528,44178,T311,33.642468000000001,-84.390227999999993
CSX,000180116,2018-11-28,11:16 AM,Derailment,0,NASHVILLE,TN,41.0,2,Day,Clear,Yard,Cut of cars,8,40000,56216,214948,T207,36.112141999999999,-86.770736999999997
ISRR,ISR636620R,2020-12-12,2:45 PM,Derailment,0,LYNNVILLE,IN,42.0,2,Day,Cloudy,Industry,Freight Train,3,430766,46433,477199,T210,38.184517999999997,-87.331709000000004
NS,127350,2017-11-08,4:45 PM,Derailment,0,CHATTANOOGA,TN,55.0,3,Dusk,Clear,Industry,Freight Train,4,616,10487,11103,T110,34.996794000000001,-85.316912000000002
BNSF,KS1214107,2014-12-14,6:55 PM,Derailment,0,HUTCHINSON,KS,38.0,3,Dusk,Clear,Yard,Yard/switching,7,60000,5400,65400,T210,38.046686999999999,-97.856871999999996
NS,152560,2023-03-16,7:10 PM,Derailment,0,DECATUR,IL,32.0,4,Dark,Rain,Yard,Yard/switching,5,56937,7689,64626,T314,39.852181999999999,-88.918342999999993
IHB,2265,2016-11-18,8:00 PM,Derailment,0,EAST CHICAGO,IN,50.0,4,Dark,Cloudy,Industry,Freight Train,3,522,13690,14212,T199,41.632230999999997,-87.456688999999997
BNSF,RD0918142,2018-09-28,3:35 AM,Derailment,0,SHERMAN,TX,60.0,4,Dark,Clear,Yard,Freight Train,6,150000,100000,250000,T111,33.649697000000003,-96.602682000000001
IC,870654,2015-11-07,7:40 PM,Derailment,0,MEMPHIS,TN,42.0,4,Dark,Clear,Yard,Yard/switching,1,107209,10484,142268,T202,35.072608000000002,-90.068207999999998
UP,0815KC018,2015-08-31,4:00 PM,Derailment,0,TOPEKA,KS,88.0,2,Day,Clear,Industry,Yard/switching,7,46046,17305,63351,T314,39.085835000000003,-95.733645999999993
NS,153038,2023-05-09,12:51 AM,Derailment,0,BURNS HARBOR,IN,46.0,4,Dark,Clear,Yard,,0,0,15472,28972,T102,41.621018999999997,-87.126158000000004
NS,115003,2015-03-27,4:30 AM,Derailment,0,SHEPHERD,TN,42.0,1,Dawn,Clear,Yard,Freight Train,9,2900,16208,24108,T207,35.076193000000004,-85.216145999999995
NS,154759,2023-11-11,9:00 AM,Derailment,0,MASCOT,TN,48.0,2,Day,Clear,Yard,Yard/switching,8,19100,8400,27500,T207,36.033045000000001,-83.817204000000004
CSX,000156092,2016-01-16,5:05 AM,Derailment,0,NASHVILLE,TN,37.0,4,Dark,Cloudy,Yard,Freight Train,9,99400,100,99500,T314,36.112141999999999,-86.770736999999997
NS,154446,2023-10-09,9:00 AM,Derailment,0,MACON,GA,58.0,2,Day,Clear,Yard,Freight Train,5,9374,3743,13117,T202,32.81373,-83.622793999999999
BNSF,SF1114111,2014-11-18,6:45 AM,Derailment,0,MEMPHIS,TN,21.0,1,Dawn,Clear,Main,Freight Train,8,214050,0,339436,T310,35.115945000000004,-89.990493000000001
IC,982959,2018-12-31,3:40 AM,Derailment,0,MEMPHIS,TN,51.0,4,Dark,Rain,Yard,Yard/switching,4,339831,124980,996719,T208,35.075355000000002,-90.054396999999994
BNSF,KS1021104,2021-10-12,1:25 PM,Derailment,0,WICHITA,KS,70.0,2,Day,Clear,Yard,Yard/switching,6,26846,3000,29846,T102,37.745044,-97.334677999999997
NJTR,201801038,2018-01-11,1:50 AM,Derailment,0,LONG ISLAND CITY,NY,35.0,4,Dark,Clear,Yard,Commuter Train - Pulling,5,24666,0,24741,T319,40.750508000000004,-73.928365999999997
NICD,N1800027,2018-12-21,11:40 PM,Other impacts,0,EAST CHICAGO,IN,32.0,4,Dark,Clear,Main,Passenger Train - Pulling,70,31902,12191,44093,T499,41.649594,-87.436542000000003
CSX,000174258,2018-01-25,1:18 AM,Derailment,0,NASHVILLE,TN,32.0,4,Dark,Clear,Yard,Yard/switching,6,21331,1765,23096,T103,36.112141999999999,-86.770736999999997
UP,0819GC030,2019-08-25,9:15 AM,Derailment,0,LIVONIA,LA,77.0,2,Day,Cloudy,Yard,Yard/switching,7,181642,61484,243126,T205,30.519901000000001,-91.547831000000002
AB,DR190006,2019-10-13,3:30 PM,Derailment,0,AKRON,OH,65.0,2,Day,Clear,Siding,Freight Train,9,13209,0,26414,T110,41.065111999999999,-81.452162000000001
UP,1118HO011,2018-11-12,10:50 AM,Derailment,0,CROCKETT,TX,48.0,2,Day,Cloudy,Industry,Yard/switching,6,9936,4030,13966,T311,31.362784999999999,-95.476918999999995
UP,0918FW018,2018-09-16,9:45 AM,Derailment,0,DALLAS,TX,84.0,2,Day,Clear,Siding,Yard/switching,5,51201,141916,193117,T110,32.702193000000001,-96.742941999999999
BNSF,SF0816112,2016-08-22,4:55 PM,Derailment,0,MEMPHIS,TN,83.0,2,Day,Clear,Yard,Yard/switching,4,19157,5100,24257,T111,35.028664999999997,-89.893236000000002
BNSF,KS0615110,2015-06-25,12:48 PM,Derailment,0,KANSAS CITY,KS,75.0,2,Day,Cloudy,Main,Freight Train,6,18495,53000,71495,T109,39.088417999999997,-94.698853
UP,1118PR021,2018-11-25,5:40 PM,Derailment,0,CHICAGO,IL,35.0,2,Day,Cloudy,Yard,Freight Train,6,52261,61656,113917,T205,41.862685999999997,-87.682440999999997
RJCP,RJCP2101,2021-06-24,1:00 PM,Derailment,0,WESTOVER,PA,75.0,2,Day,Clear,Main,Freight Train,13,20000,30000,50000,T110,41.001925999999997,-78.273409000000001
CSX,000161184,2016-07-10,10:00 PM,Derailment,0,CHATTANOOGA,TN,75.0,4,Dark,Cloudy,Yard,Yard/switching,5,59938,1000,60938,T207,35.006723000000001,-85.376506000000006
CSX,000184604,2019-08-06,11:55 AM,Derailment,0,NASHVILLE,TN,86.0,2,Day,Cloudy,Yard,Freight Train,5,33312,2152,35464,T102,36.112141999999999,-86.770736999999997
UP,1220PN024,2020-12-23,8:07 PM,Derailment,0,PORTLAND,OR,35.0,4,Dark,Cloudy,Yard,Yard/switching,6,9193,4147,13340,T319,45.605668000000001,-122.74963700000001
PGR,07082021,2021-07-08,10:30 AM,Derailment,0,LAKEVILLE,MN,87.0,2,Day,Clear,Industry,Freight Train,5,11330,5200,16530,T110,44.634065999999997,-93.236034000000004
BNSF,HL0122101,2022-01-02,12:46 AM,Derailment,0,MEMPHIS,TN,45.0,4,Dark,Rain,Yard,Yard/switching,4,4000,80000,84000,T207,35.027552,-89.89564
NICD,N1900005,2019-01-30,3:50 AM,Other impacts,0,HAMMOND,IN,-20.0,4,Dark,Clear,Main,Passenger Train - Pulling,50,63301,4716,68017,T404,41.658197999999999,-87.565368000000007
NS,146240,2022-08-19,10:40 PM,Derailment,0,CHATTANOOGA,TN,85.0,4,Dark,Cloudy,Yard,Freight Train,8,379002,173000,552002,T207,35.072248999999999,-85.255533999999997
NS,128703,2018-03-04,9:30 AM,Derailment,0,ELLIOTT,IL,48.0,2,Day,Clear,Main,Freight Train,2,11733,68487,80220,T110,40.464306999999998,-88.381529999999998
RJCP,RJCP2102,2021-06-24,6:30 PM,Derailment,0,HYDE,PA,75.0,2,Day,Clear,Main,Freight Train,10,20000,30000,50000,T202,41.001899999999999,-78.273399999999995
UP,0217PR018,2017-02-14,6:20 PM,Derailment,0,NORTHLAKE,IL,35.0,4,Dark,Clear,Yard,Freight Train,4,11242,1056,12298,T403,41.909328000000002,-87.915139999999994
CSX,000146255,2015-05-15,5:40 AM,Other impacts,0,LOUISVILLE,KY,60.0,4,Dark,Clear,Yard,Yard/switching,0,0,0,35515,T110,38.160784999999997,-85.749194000000003
NS,115003,2015-03-27,4:30 AM,Derailment,0,SHEPHERD,TN,42.0,1,Dawn,Clear,Yard,Cut of cars,0,5000,0,24108,T207,35.076193000000004,-85.216145999999995
NS,115114,2015-04-03,10:15 AM,Derailment,0,CHATTANOOGA,TN,70.0,2,Day,Clear,Yard,Yard/switching,0,5400,27203,32603,T313,35.060735000000001,-85.266800000000003
TRRA,24009OR,2024-03-30,12:00 PM,Derailment,0,EAST ST LOUIS,IL,45.0,2,Day,Clear,Main,,0,0,17642,48035,T403,38.596944000000001,-90.155276999999998
NS,122390,2016-10-12,4:00 AM,Derailment,0,LOOKOUT MOUNTAIN,TN,49.0,1,Dawn,Clear,Main,Freight Train,13,0,31082,31082,T207,35.008623999999998,-85.315731
NS,152099,2023-01-26,5:45 AM,Derailment,0,DECATUR,IL,25.0,1,Dawn,Snow,Yard,Freight Train,10,2137,20671,22808,T110,39.851596999999998,-88.924660000000003
BNSF,CH0624103,2024-06-07,1:45 AM,Derailment,0,GALESBURG,IL,55.0,4,Dark,Clear,Yard,Yard/switching,6,31631,6490,38121,T207,40.916348999999997,-90.380335000000002
BNSF,KS0623113,2023-06-25,6:08 AM,Derailment,0,KANSAS CITY,KS,71.0,1,Dawn,Clear,Yard,Light loco(s),4,800,15500,16300,T311,39.082633999999999,-94.684892000000005
NS,132671,2019-01-30,10:15 PM,Derailment,0,LAFAYETTE,IN,-8.0,4,Dark,Cloudy,Yard,Yard/switching,5,18115,51292,69407,T110,40.374726000000003,-86.845004000000003