reportingrailroadcode,accidentnumber,date,time,accidenttype,hazmatreleasedcars,station,stateabbr,temperature,visibility_code,visibility,weathercondition,tracktype,equipmenttype,trainspeed,equipmentdamagecost,trackdamagecost,totaldamagecost,primaryaccidentcausecode,latitude,longitude
CSX,000157216,2016-02-19,7:20 AM,Derailment,0,CLINTON,TN,38.0,2,Day,Clear,Industry,Freight Train,4,326435,50000,376435,T110,36.019739999999999,-84.162291999999994
IC,1148829,2024-04-26,11:45 AM,Derailment,0,CLIFTON,IL,58.0,2,Day,Rain,Industry,Freight Train,10,25100,9500,34600,T205,40.935837999999997,-87.934402000000006
CSX,000187966,2020-01-21,8:15 PM,Derailment,0,MADISONVILLE,KY,20.0,4,Dark,Clear,Yard,Freight Train,9,30729,735,31464,T207,37.349479000000002,-87.494426000000004
NS,132823,2019-02-12,5:55 PM,Obstruction,0,WARTBURG,TN,45.0,3,Dusk,Clear,Main,Freight Train,40,17064,0,17064,T002,36.065711999999998,-84.650407999999999
KCS,22092602,2022-09-26,8:45 PM,Derailment,0,FAIRMONT,IL,68.0,4,Dark,Clear,Yard,Freight Train,7,65906,0,72186,T303,38.642282000000002,-90.098859000000004
NS,155121,2023-12-20,6:30 AM,Derailment,0,SAVANNAH,GA,30.0,1,Dawn,Clear,Yard,Yard/switching,2,450,18483,18933,T207,32.084561000000001,-81.131567000000004
BNSF,NE0316107,2016-03-24,2:00 PM,Derailment,0,LINCOLN,NE,45.0,2,Day,Clear,Yard,Light loco(s),5,31684,9600,41284,T110,40.807707000000001,-96.755931000000004
CSX,000183301,2019-05-31,3:15 PM,Derailment,0,TERRE HAUTE,IN,70.0,2,Day,Clear,Yard,,0,0,51420,238330,T202,39.476401000000003,-87.402991999999998
CSX,000185609,2019-09-24,10:00 PM,Derailment,0,NASHVILLE,TN,62.0,4,Dark,Cloudy,Yard,Yard/switching,8,19756,1300,21056,T102,36.112141999999999,-86.770736999999997
UP,0524MA037,2024-05-25,3:15 PM,Derailment,0,EMMET,AR,87.0,2,Day,Clear,Main,Freight Train,53,6031155,3259113,9290268,T204,33.721789999999999,-93.481926999999999
CSX,000156176,2016-01-18,4:45 AM,Derailment,0,BRUCETON,TN,14.0,4,Dark,Clear,Yard,Freight Train,4,21421,314,21735,T110,36.039783,-88.252180999999993
NS,128634,2018-02-25,4:45 AM,Derailment,0,CHICAGO,IL,36.0,1,Dawn,Clear,Yard,Yard/switching,5,1263,11820,13083,T110,41.754823000000002,-87.690337999999997
NS,113066,2014-11-18,6:45 AM,Derailment,0,MEMPHIS,TN,21.0,1,Dawn,Clear,Main,,0,0,125386,339436,T310,35.115945000000004,-89.990493000000001
NS,113620,2014-12-30,12:10 PM,Derailment,0,LOUISVILLE,KY,36.0,2,Day,Clear,Industry,Freight Train,4,18600,1500,20100,T110,38.249299000000001,-85.802425999999997
BNSF,HL0118112,2018-01-15,9:09 AM,Derailment,0,MEMPHIS,TN,8.0,2,Day,Clear,Yard,,0,0,319315,580261,T201,35.127029,-90.064792999999995
UP,1118HO002,2018-11-02,5:40 PM,Derailment,0,HOUSTON,TX,70.0,2,Day,Cloudy,Yard,Yard/switching,2,63447,30743,94190,T110,29.795404999999999,-95.294297
NS,151828,2022-12-23,2:25 PM,Derailment,0,MACON,GA,50.0,2,Day,Clear,Yard,Freight Train,6,497522,274952,772474,T299,32.81373,-83.622793999999999
CSX,000176213,2018-05-04,10:10 AM,Derailment,0,GALLATIN,TN,77.0,2,Day,Cloudy,Main,Freight Train,22,108120,0,261265,T106,36.478099999999998,-86.466167999999996
IC,1137595,2023-08-12,8:00 PM,Side collision,0,MEMPHIS,TN,83.0,3,Dusk,Clear,Yard,Yard/switching,4,50000,9509,60808,T306,35.06794,-90.106773000000004
UP,0918LV005,2018-09-07,1:30 AM,Derailment,0,WESTWEGO,LA,85.0,4,Dark,Clear,Yard,Light loco(s),10,37741,3366,41107,T001,29.918302000000001,-90.194434999999999
CVR,CVR000004,2021-06-22,10:30 PM,Derailment,0,MOSCOW,KS,75.0,4,Dark,Clear,Main,Freight Train,9,22900,27822,50722,T201,37.275008999999997,-101.26142
CSX,000151712,2015-09-02,5:09 PM,Derailment,0,MEMPHIS,TN,84.0,3,Dusk,Clear,Main,Freight Train,5,33000,0,33000,T112,35.023150999999999,-89.893862999999996
UP,1122MA023,2022-11-17,12:48 AM,Derailment,0,MEMPHIS,TN,34.0,4,Dark,Clear,Main,Freight Train,10,124337,0,130246,T102,35.126910000000002,-90.056552999999994
CSX,000183841,2019-06-27,3:20 PM,Derailment,0,TULLAHOMA,TN,93.0,2,Day,Clear,Main,Freight Train,33,448838,49491,498329,T109,35.327793999999997,-86.178210000000007
NS,151279,2022-10-26,9:15 AM,Derailment,0,CHATTANOOGA,TN,65.0,2,Day,Clear,Yard,Freight Train,5,105992,44029,316013,T319,35.007198000000002,-85.375513999999995
CSX,000218313,2024-05-25,10:30 AM,Derailment,0,LA FOLLETTE,TN,75.0,2,Day,Clear,Main,Freight Train,29,106472,341762,448234,T401,36.380737000000003,-84.127628999999999
NS,136028,2019-11-01,12:40 AM,Derailment,0,LOUISVILLE,KY,36.0,4,Dark,Clear,Siding,Yard/switching,6,464428,131076,595504,T207,38.263534999999997,-85.801413999999994
GRS,20170219W1,2017-02-19,5:30 PM,Derailment,0,HOOSICK FALLS,NY,50.0,3,Dusk,Clear,Siding,Freight Train,5,2984,30202,33186,T110,42.856413000000003,-73.330201000000002
CXRG,CX240613A,2024-06-13,3:11 PM,Derailment,0,SIERRA,CO,92.0,2,Day,Clear,Main,Freight Train,10,0,64274,64274,T109,37.523949999999999,-105.25614400000001
KCS,18042601,2018-04-26,1:36 AM,Derailment,0,WOODSBORO,TX,65.0,4,Dark,Cloudy,Siding,Freight Train,28,90502,0,334875,T207,28.241736,-97.329762000000002
LSRC,D200917,2020-09-17,1:15 AM,Derailment,0,NATIONAL CITY,MI,60.0,4,Dark,Clear,Main,Freight Train,9,34000,2979,36979,T202,44.190570000000001,-83.752464000000003
UP,0124HL034,2024-01-26,10:44 AM,Derailment,0,KANSAS CITY,MO,36.0,2,Day,Cloudy,Yard,Freight Train,7,10428,7444,17872,T111,39.124135000000003,-94.521382000000003
BNSF,HL0323103,2023-03-03,5:15 PM,Derailment,0,NORTH KANSAS CITY,MO,56.0,3,Dusk,Clear,Yard,,0,0,30358,31312,T001,39.124045000000002,-94.585921999999997
BNSF,MT0417104,2017-04-17,5:52 PM,Derailment,0,SHELBY,MT,40.0,3,Dusk,Clear,Yard,Yard/switching,9,9000,43274,52274,T110,48.518089000000003,-111.880769
NJTR,201607323,2016-06-24,6:56 PM,Derailment,0,NEW BRUNSWICK,NJ,80.0,2,Day,Clear,Yard,EMU,5,21000,7870,28870,T314,40.478487000000001,-74.465971999999994
UP,0718HO020,2018-07-15,7:00 PM,Derailment,0,ANGLETON,TX,94.0,2,Day,Clear,Yard,Freight Train,4,172841,6658,184338,T206,29.146083000000001,-95.451060999999996
UP,0216KC003,2016-02-04,7:52 PM,Derailment,0,KANSAS CITY,MO,34.0,4,Dark,Clear,Yard,Freight Train,10,52170,69684,121854,T001,39.120010000000001,-94.534937999999997
BNSF,SF0616105,2016-06-08,3:15 PM,Derailment,0,HAMILTON,MS,90.0,2,Day,Clear,Industry,Freight Train,4,8663,9500,18163,T110,33.732818999999999,-88.449073999999996
NS,123686,2017-01-24,11:00 AM,Derailment,0,EAST CANTON,OH,39.0,2,Day,Clear,Yard,Yard/switching,4,3550,30857,34407,T207,40.818952000000003,-81.313794000000001
UP,0319TO026,2019-03-21,4:32 PM,Derailment,0,BIG SPRING,TX,66.0,2,Day,Cloudy,Yard,Freight Train,5,82048,7814,89862,T108,32.257527000000003,-101.47199500000001
UP,1118LK038,2018-11-27,2:30 AM,Derailment,0,MARSHALL,TX,32.0,4,Dark,Clear,Industry,Freight Train,6,7192,29910,37102,T102,32.510815000000001,-94.502375000000001
UP,0418ST014,2018-04-28,12:07 AM,Derailment,0,SIERRA BLANCA,TX,75.0,4,Dark,Clear,Industry,Freight Train,10,10467,2215,12682,T205,31.077238999999999,-105.00168499999999
SFRV,04022020,2020-04-02,3:49 AM,Derailment,0,HIALEAH,FL,85.0,4,Dark,Clear,Yard,,0,0,17146,47879,T303,25.860074999999998,-80.260001000000003
BNSF,HL0719120,2019-07-30,9:10 AM,Derailment,0,LINCOLN,NE,85.0,2,Day,Clear,Yard,Yard/switching,6,16808,45000,61808,T314,40.864896999999999,-96.627523999999994
CRSH,146681,2022-11-19,4:50 PM,Derailment,0,CAMDEN,NJ,40.0,3,Dusk,Clear,Yard,Light loco(s),4,500,12009,12509,T314,39.945836999999997,-75.102110999999994
UP,0517FW012,2017-05-13,1:00 PM,Derailment,0,BIG SPRING,TX,82.0,2,Day,Clear,Yard,Freight Train,5,9561,3770,13331,T210,32.250329000000001,-101.489735
PW,PWR683418R,2018-06-07,6:40 PM,Derailment,0,HAMDEN,CT,67.0,3,Dusk,Clear,Yard,Light loco(s),5,0,0,12000,T399,41.33079,-72.894661999999997
UP,0919SX024,2019-09-21,4:00 PM,Derailment,0,DIME BOX,TX,93.0,2,Day,Rain,Main,,0,0,433674,495098,T108,30.31907,-96.849738000000002
NJTR,201604225,2016-04-11,7:20 AM,Other (describe in narrative),0,EAST ORANGE,NJ,54.0,2,Day,Clear,Main,EMU,40,16932,4408,21340,T404,40.757595999999999,-74.200207000000006
BNSF,SF0616102,2016-06-06,1:35 AM,Derailment,0,AMORY,MS,65.0,4,Dark,Clear,Main,Freight Train,18,246678,202227,448905,T314,33.967868000000003,-88.476995000000002
BNSF,HL0617115,2017-06-29,4:40 PM,Derailment,0,NORTH KANSAS CITY,MO,87.0,2,Day,Cloudy,Yard,Freight Train,6,21000,1000,22000,T319,39.155929,-94.58766
NS,153989,2023-08-21,3:30 PM,Derailment,0,GREENSBORO,NC,91.0,2,Day,Clear,Yard,Yard/switching,3,200,20264,20464,T314,36.060802000000002,-79.835085000000007
UP,0524GP024,2024-05-24,1:15 PM,Derailment,0,AURORA,CO,61.0,2,Day,Clear,Industry,Yard/switching,5,100,25224,25324,T101,39.742187999999999,-104.781285
GNBC,G06012024,2024-06-01,8:58 AM,Derailment,0,CLINTON,OK,88.0,2,Day,Clear,Yard,Freight Train,10,47500,31700,79200,T314,35.525709999999997,-98.963740000000001
AWRR,180710002,2018-07-10,4:29 AM,Derailment,0,MANOR,TX,75.0,4,Dark,Clear,Main,Freight Train,10,40000,20000,60000,T210,30.3414,-97.551900000000003
UP,1118FW034,2018-11-27,5:05 AM,Derailment,0,ODESSA,TX,38.0,1,Dawn,Clear,Yard,Yard/switching,5,214692,41541,256233,T210,31.870027,-102.317121
UP,0618ST009,2018-06-12,10:15 AM,Derailment,0,EL PASO,TX,90.0,2,Day,Clear,Yard,Yard/switching,7,266,39903,40169,T206,31.753343999999998,-106.38868600000001
UP,0819GC042,2019-08-29,9:00 AM,Derailment,0,HARLINGEN,TX,83.0,2,Day,Clear,Yard,Yard/switching,4,4902,0,16239,T314,26.202421999999999,-97.705344999999994
BNSF,RD1018137,2018-10-25,6:50 PM,Derailment,0,HOUSTON,TX,70.0,3,Dusk,Clear,Yard,Yard/switching,7,22755,9000,31755,T110,29.914002,-95.502354999999994
BNSF,RD0818116,2018-08-15,6:30 AM,Derailment,0,SAGINAW,TX,85.0,1,Dawn,Clear,Industry,Yard/switching,3,35686,2000,37686,T110,32.869511000000003,-97.364734999999996
CXRG,CX240328A,2024-03-28,9:30 AM,Derailment,0,LA VETA,CO,34.0,2,Day,Clear,Main,Freight Train,5,0,185197,185197,T110,37.525441000000001,-105.139014
NS,138097,2020-05-30,10:00 AM,Derailment,0,MINGO JUNCTION,OH,60.0,2,Day,Cloudy,Yard,,0,0,2000,2000,T314,40.310679,-80.610466000000002
BNSF,HL0423104,2023-04-07,6:20 PM,Derailment,0,CATOOSA,OK,50.0,3,Dusk,Clear,Industry,Yard/switching,7,6000,7500,13500,T314,36.226407000000002,-95.757829999999998
SW,111614,2014-11-16,7:30 AM,Derailment,0,CARLSBAD,NM,31.0,2,Day,Cloudy,Yard,Freight Train,9,11110,89500,100610,T314,32.411900000000003,-104.2364
UP,0418LK036,2018-04-22,11:00 AM,Derailment,0,TEXARKANA,TX,55.0,2,Day,Clear,Siding,Freight Train,5,1411195,105530,1516725,T207,33.416581999999998,-94.045282
TXR,TXR181016,2018-10-16,5:00 AM,Derailment,0,BROWNWOOD,TX,43.0,1,Dawn,Rain,Yard,Freight Train,5,40000,0,65000,T001,31.711665,-98.964369000000005
CRSH,119172,2016-01-30,4:45 AM,Derailment,0,NEWARK,NJ,28.0,1,Dawn,Clear,Yard,Freight Train,4,24999,4000,28999,T110,40.713667999999998,-74.142477
KCS,18100501,2018-10-05,5:30 AM,Derailment,0,NEDERLAND,TX,74.0,4,Dark,Clear,Industry,Yard/switching,4,21102,2500,23602,T110,29.982956999999999,-93.997748000000001
NJTR,201606272,2016-05-25,7:30 AM,Other (describe in narrative),0,NEWARK,NJ,75.0,2,Day,Clear,Main,EMU,25,10500,1800,12300,T404,40.747343000000001,-74.196178000000003
UP,0918HO023,2018-09-14,1:03 PM,Derailment,0,CROCKETT,TX,87.0,2,Day,Cloudy,Yard,Freight Train,6,19808,2493,22301,T001,31.361260999999999,-95.475925000000004
BNSF,HL0124110,2024-01-12,8:37 PM,Derailment,0,JOPLIN,MO,28.0,3,Dusk,Snow,Industry,Freight Train,4,12000,4500,16500,T111,37.093519000000001,-94.610421000000002
NS,145548,2022-06-14,3:45 PM,Derailment,0,JENNINGS,MO,96.0,2,Day,Clear,Yard,Light loco(s),8,432,61965,62397,T110,38.696145000000001,-90.220946999999995
NS,138496,2020-07-11,2:22 PM,Derailment,0,TOLEDO,OH,92.0,2,Day,Clear,Yard,Freight Train,4,23689,36796,60485,T314,41.633384,-83.610911000000002
CDOT,154059,2018-06-28,3:12 PM,Derailment,0,NEW HAVEN,CT,80.0,2,Day,Cloudy,Yard,Yard/switching,0,23746,0,47492,T499,41.310726000000003,-72.929916000000006
FWWR,19082201,2019-08-22,10:30 PM,Derailment,0,FORT WORTH,TX,87.0,4,Dark,Clear,Industry,Freight Train,6,33919,10000,43919,T111,32.786498999999999,-97.340720000000005
TRRA,17012,2017-05-23,1:15 AM,Derailment,0,ST LOUIS,MO,65.0,4,Dark,Clear,Industry,Yard/switching,10,33600,0,33600,T402,38.400415000000002,-90.113618000000002
UP,0316KC012,2016-03-21,12:30 PM,Derailment,0,KANSAS CITY,MO,65.0,2,Day,Cloudy,Main,Freight Train,10,8923,0,32582,T314,39.110705000000003,-94.498199999999997
CXRG,CX240523A,2024-05-23,8:39 AM,Derailment,0,LA VETA,CO,53.0,2,Day,Clear,Main,Freight Train,5,0,13013,13013,T319,37.512748999999999,-105.112796
UP,0718HO020,2018-07-15,7:00 PM,Derailment,0,ANGLETON,TX,94.0,2,Day,Clear,Yard,Single Car,0,4839,0,184338,T206,29.146083000000001,-95.451060999999996
KCS,18101702,2018-10-17,8:40 PM,Derailment,0,LAREDO,TX,60.0,4,Dark,Clear,Yard,Freight Train,7,26605,70876,97481,T001,27.501041000000001,-99.487279000000001
ATK,148296,2017-07-06,8:55 PM,Derailment,0,NEW YORK NEW YORK,NY,75.0,4,Dark,Clear,Main,,0,0,13000,37371,T111,40.753968999999998,-74.002217999999999
LI,71400,2020-01-31,8:00 AM,Derailment,0,HOLLIS,NY,35.0,2,Day,Cloudy,Yard,EMU,5,20000,15000,35000,T110,40.706741999999998,-73.777220999999997
UP,0518SA009,2018-05-05,3:00 AM,Derailment,0,KNIPPA,TX,80.0,4,Dark,Rain,Industry,Freight Train,4,6638,21790,28428,T205,29.291149999999998,-99.651669999999996
BNSF,KS0822109,2022-08-12,6:43 PM,Derailment,0,BOISE CITY,OK,88.0,3,Dusk,Clear,Main,Freight Train,17,1063240,120000,1183240,T109,36.715671,-102.52491999999999
PTRA,2019000017,2019-06-26,8:50 AM,Derailment,1,PASADENA,TX,83.0,2,Day,Cloudy,Industry,Freight Train,6,15000,0,15000,T311,29.729106000000002,-95.175562999999997
SW,SWW082119D,2019-08-21,9:25 AM,Derailment,0,DEMING,NM,85.0,2,Day,Clear,Yard,Freight Train,10,3211,7860,11071,T110,32.271946999999997,-107.75754999999999
KCS,18081301,2018-08-13,11:43 AM,Derailment,0,SUGAR LAND,TX,100.0,2,Day,Clear,Main,Freight Train,47,7546,0,433683,T102,29.622205000000001,-95.625660999999994
RVSC,RV18019,2018-06-11,6:11 PM,Derailment,0,DONNA,TX,95.0,2,Day,Clear,Main,Freight Train,8,30000,21200,51200,T316,26.176901999999998,-98.084738000000002
XTGS,F0112018,2018-06-22,2:27 PM,Derailment,0,ANAHUAC,TX,93.0,2,Day,Clear,Industry,Yard/switching,5,14300,74120,88420,T110,29.699088,-94.897498999999996
BNSF,RD1018117,2018-10-16,5:00 AM,Derailment,0,BROWNWOOD,TX,43.0,1,Dawn,Rain,Yard,,0,0,25000,65000,T001,31.711665,-98.964369000000005
UP,1118SA035,2018-11-29,12:35 AM,Derailment,0,SAN ANTONIO,TX,56.0,4,Dark,Cloudy,Yard,Yard/switching,5,9380,7156,16536,T314,29.435687999999999,-98.469887
BNSF,SW1118111,2018-11-16,2:55 PM,Derailment,0,EL PASO,TX,65.0,2,Day,Clear,Industry,Freight Train,5,4500,18600,23100,T207,31.832654999999999,-106.571558
NJTR,202303095,2023-03-02,9:55 PM,Derailment,0,BAY HEAD,NJ,40.0,4,Dark,Clear,Yard,Light loco(s),3,25810,3079,28889,T113,40.075029999999998,-74.051911000000004
NJTR,202209361,2022-09-09,6:58 PM,Derailment,0,SUFFERN,NY,65.0,3,Dusk,Clear,Yard,Commuter Train - Pulling,5,30328,5110,35438,T314,41.122320000000002,-74.160914000000005
BNSF,RD0117106,2017-01-11,3:00 PM,Derailment,0,HENRYETTA,OK,60.0,2,Day,Clear,Industry,Freight Train,4,27285,350,27635,T206,35.444536999999997,-95.974940000000004
UP,0623GL010,2023-06-12,6:35 AM,Derailment,0,SIOUX CITY,IA,46.0,1,Dawn,Clear,Main,Freight Train,8,302819,49175,351994,T314,42.484085999999998,-96.388628999999995
NJTR,201708272,2017-07-06,8:55 PM,Derailment,0,NEW YORK NEW YORK,NY,75.0,4,Dark,Clear,Main,Commuter Train - Pulling,8,24371,0,37371,T111,40.753968999999998,-74.002217999999999
UP,0819MA023,2019-08-10,4:04 PM,Derailment,0,WOODLAWN,TX,97.0,2,Day,Clear,Main,Freight Train,29,439432,43087,482519,T102,32.650345000000002,-94.350676000000007
UP,0818TC005,2018-08-07,6:30 AM,Derailment,0,HERON LAKE,MN,68.0,1,Dawn,Cloudy,Industry,Freight Train,6,106009,7816,113825,T206,43.769553000000002,-95.361435999999998
UP,0819GC033,2019-08-26,3:30 AM,Derailment,0,AVONDALE,LA,80.0,4,Dark,Rain,Main,Freight Train,11,144208,361371,505579,T001,29.937453000000001,-90.254294000000002
TRRA,23056,2023-12-11,2:11 AM,Derailment,0,VENICE,IL,28.0,4,Dark,Clear,Yard,Yard/switching,5,4668,60960,65628,T314,38.661850999999999,-90.159657999999993
UP,1117TC001,2017-11-01,3:27 AM,Derailment,0,ST PAUL,MN,28.0,4,Dark,Cloudy,Yard,Yard/switching,5,250,57755,58005,T110,44.930695,-93.069154999999995
UP,1218MA018,2018-12-08,2:35 AM,Derailment,0,SHREVEPORT,LA,43.0,4,Dark,Rain,Yard,Yard/switching,4,55220,4000,59220,T202,32.452831000000003,-93.796184999999994
BNSF,CH1023110,2023-10-23,4:50 AM,Derailment,0,GALESBURG,IL,50.0,1,Dawn,Clear,Yard,Yard/switching,9,21948,153494,175442,T205,40.915519000000003,-90.380611999999999
RBMN,L08152204,2022-08-15,4:58 PM,Derailment,0,WHITE HAVEN,PA,75.0,2,Day,Clear,Main,Freight Train,30,2400,10468,12868,T109,41.008266999999996,-75.731644000000003
BNSF,RD0219125,2019-02-25,6:33 AM,Derailment,0,JOSHUA,TX,45.0,1,Dawn,Cloudy,Main,Freight Train,36,6000,60000,66000,T106,32.461956000000001,-97.389679999999998
NS,157461,2024-07-22,8:00 PM,Derailment,0,CALIFORNIA,PA,73.0,4,Dark,Clear,Yard,Freight Train,4,10000,3200,13200,T314,40.048558999999997,-79.893462
CORP,COR673021R,2021-01-24,10:50 PM,Derailment,0,EUGENE,OR,34.0,4,Dark,Clear,Yard,Light loco(s),8,19790,0,31922,T110,44.064528000000003,-123.122986
BNSF,KS0820110,2020-08-25,8:50 PM,Derailment,0,CANADIAN,TX,85.0,3,Dusk,Clear,Yard,Freight Train,8,44683,9136,53819,T403,35.900198000000003,-100.404944
RCPE,RCP198122D,2022-09-22,4:00 AM,Derailment,0,CAPA,SD,43.0,4,Dark,Cloudy,Main,Freight Train,7,40000,5000,45000,T207,44.104560999999997,-100.996753
ATK,165860,2020-11-19,12:01 AM,Other (describe in narrative),0,PHILADELPHIA,PA,31.0,4,Dark,Clear,Main,Passenger Train - Pulling,80,33,11958,11991,T404,40.034616999999997,-75.020797000000002
NS,151907,2022-12-31,6:00 PM,Derailment,0,WEST FAIRVIEW,PA,45.0,3,Dusk,Fog,Yard,Freight Train,5,0,24433,24433,T207,40.279833000000004,-76.922471999999999
NS,127358,2017-11-09,6:30 AM,Derailment,0,WASHINGTONVILLE,PA,25.0,1,Dawn,Fog,Main,Freight Train,10,46069,2679,48748,T102,41.073681999999998,-76.657461999999995
NS,152355,2023-02-20,3:30 AM,Derailment,0,WEST FAIRVIEW,PA,35.0,4,Dark,Clear,Yard,Freight Train,5,21444,211,21655,T207,40.279833000000004,-76.922471999999999
DGNO,883718D,2018-12-12,11:15 PM,Derailment,0,DALLAS,TX,61.0,4,Dark,Rain,Yard,Freight Train,3,2500,2000,160557,T110,32.760554999999997,-96.786947999999995
RVSC,RV19033,2019-08-29,9:00 AM,Derailment,0,HARLINGEN,TX,83.0,2,Day,Clear,Yard,,0,0,11337,16239,T314,26.202421999999999,-97.705344999999994
PTRA,2019000004,2019-03-13,9:05 PM,Derailment,0,CHANNELVIEW,TX,75.0,4,Dark,Cloudy,Yard,Freight Train,10,20000,0,145000,T110,29.747655000000002,-95.118582000000004
CPDR,CPD744121,2021-03-08,2:35 PM,Derailment,0,MAULDIN,SC,65.0,2,Day,Clear,Industry,Freight Train,7,1500,20000,21500,T110,34.795723000000002,-82.306693999999993
UP,0920HO027,2020-09-18,4:30 PM,Derailment,0,BRYAN,TX,86.0,2,Day,Cloudy,Industry,Freight Train,5,15857,1967,17824,T112,30.656752999999998,-96.433852999999999
NS,136014,2019-10-30,9:00 PM,Derailment,0,WEST FAIRVIEW,PA,50.0,4,Dark,Rain,Yard,Light loco(s),7,14603,5886,20489,T110,40.279806999999998,-76.922450999999995
BNSF,TC0815109,2015-08-17,7:30 AM,Derailment,0,BIG STONE CITY,SD,70.0,1,Dawn,Clear,Industry,Freight Train,10,307028,56000,363028,T111,45.303649999999998,-96.519193999999999
OHRY,17040601,2017-04-06,12:30 PM,Derailment,0,WYALUSING,PA,45.0,2,Day,Rain,Siding,,0,0,0,101000,T210,41.658793000000003,-76.250752000000006
NS,130567,2018-08-13,7:20 PM,Derailment,0,SCALP LEVEL,PA,72.0,3,Dusk,Cloudy,Industry,Freight Train,9,16248,0,16248,T207,40.249442000000002,-78.838110999999998
CSX,000182684,2019-04-30,2:18 AM,Derailment,0,PHILADELPHIA,PA,53.0,4,Dark,Clear,Yard,Yard/switching,7,187385,550,187935,T309,39.898302000000001,-75.167339999999996
BNSF,RD0918120,2018-09-12,6:43 PM,Derailment,0,HOUSTON,TX,85.0,3,Dusk,Cloudy,Yard,Light loco(s),10,20160,2500,22660,T001,29.913854000000001,-95.507401000000002
NS,136864,2020-01-17,5:00 AM,Derailment,0,CRESSON,PA,14.0,1,Dawn,Clear,Main,Freight Train,7,230353,44952,275305,T311,40.447833000000003,-78.605282000000003
UP,0218FW017,2018-02-21,6:25 AM,Derailment,0,WEATHERFORD,TX,38.0,1,Dawn,Cloudy,Siding,Freight Train,22,91508,220875,312383,T207,32.771864999999998,-97.809244000000007
CSX,000208204,2022-11-04,6:30 AM,Derailment,0,NORTH VERSAILLES,PA,55.0,1,Dawn,Clear,Yard,Freight Train,7,15977,798,16775,T311,40.386139,-79.846695999999994
CSX,000173714,2018-01-01,3:25 AM,Derailment,0,CONNELLSVILLE,PA,-8.0,4,Dark,Clear,Main,Freight Train,0,22875,15770,58477,T399,40.015495999999999,-79.591662999999997
PNWR,PNW851618D,2018-11-13,11:36 PM,Derailment,0,ALBANY,OR,33.0,4,Dark,Clear,Main,Freight Train,25,300000,387655,687655,T207,44.640234999999997,-123.169055
BNSF,RD0120114,2020-01-19,7:50 AM,Derailment,0,TEMPLE,TX,38.0,1,Dawn,Clear,Yard,Freight Train,10,42900,15415,58315,T207,31.108830999999999,-97.349168000000006
KCS,19011203,2019-01-12,7:20 PM,Derailment,0,NEDERLAND,TX,50.0,4,Dark,Clear,Yard,Freight Train,4,9265,110044,119309,T399,29.986941999999999,-94.002697999999995
UP,0819PN015,2019-08-13,4:20 PM,Derailment,0,PORTLAND,OR,84.0,2,Day,Clear,Industry,Yard/switching,4,51898,6210,58108,T314,45.604472999999999,-122.76876
NS,134486,2019-06-25,7:45 PM,Derailment,0,CONWAY,PA,72.0,3,Dusk,Clear,Yard,Yard/switching,10,6700,89110,95810,T207,40.672356000000001,-80.251823000000002
NS,117178,2015-08-31,9:05 AM,Derailment,0,CONSTITUTION,GA,76.0,2,Day,Cloudy,Main,Freight Train,35,540057,340565,880622,T204,33.671295000000001,-84.329898
SEPA,SEPA3121,2021-03-01,10:50 PM,Obstruction,0,WAYNE,PA,38.0,4,Dark,Clear,Main,EMU,60,15500,0,15500,T404,40.048828999999998,-75.415362999999999
UP,0919PN002,2019-09-01,7:32 AM,Derailment,0,PORTLAND,OR,67.0,2,Day,Cloudy,Siding,Freight Train,4,37241,9320,46561,T314,45.604326999999998,-122.76840300000001
UP,0315PD005,2015-03-02,3:22 AM,Derailment,0,OAKRIDGE,OR,28.0,4,Dark,Clear,Main,Freight Train,20,344163,115506,459669,T001,43.646369,-122.24290000000001
GRD,20002,2020-03-06,5:04 AM,Derailment,0,COTULLA,TX,50.0,1,Dawn,Clear,Yard,Freight Train,3,0,54476,102507,T108,28.517741999999998,-99.217776000000001
SEPA,SEPA082521,2021-08-25,9:40 AM,Other (describe in narrative),0,MEDIA,PA,90.0,2,Day,Clear,Main,EMU,20,0,25591,25591,T404,39.913417000000003,-75.405253000000002
CSX,000170886,2017-08-12,7:42 AM,Derailment,0,MONCKS CORNER,SC,83.0,2,Day,Cloudy,Industry,Freight Train,8,35318,5024,40342,T110,33.065671999999999,-79.974297000000007
RWRR,220925001,2022-09-25,11:00 AM,Derailment,0,OACOMA,SD,69.0,2,Day,Clear,Main,Freight Train,10,5000,639000,644000,T001,43.816822999999999,-99.423912000000001
NS,139444,2020-10-16,6:30 PM,Derailment,0,CONWAY,PA,52.0,3,Dusk,Clear,Yard,Yard/switching,10,283361,239166,522527,T207,40.672356000000001,-80.251823000000002
ATK,146092,2017-01-29,1:45 PM,Other (describe in narrative),0,BRISTOL,PA,43.0,2,Day,Clear,Main,Passenger Train - Pulling,60,13539,9000,22539,T404,40.239244999999997,-74.726335000000006