reportingrailroadcode,accidentnumber,date,time,accidenttype,hazmatreleasedcars,station,stateabbr,temperature,visibility_code,visibility,weathercondition,tracktype,equipmenttype,trainspeed,equipmentdamagecost,trackdamagecost,totaldamagecost,primaryaccidentcausecode,latitude,longitude
ATK,143723,2016-08-09,5:45 PM,Other (describe in narrative),0,DOWNINGTOWN,PA,85.0,2,Day,Clear,Main,Passenger Train - Pulling,90,17914,13287,31201,T404,40.000673999999997,-75.715607000000006
CSX,000154855,2015-12-03,3:45 AM,Derailment,0,CHARLESTON,SC,55.0,4,Dark,Clear,Yard,Yard/switching,5,83637,1674,85311,T207,32.840158000000002,-79.955974999999995
BNSF,RD1218103,2018-12-04,10:06 PM,Derailment,0,BROWNWOOD,TX,35.0,4,Dark,Cloudy,Yard,Freight Train,6,103796,30000,133796,T314,31.714320000000001,-98.967985999999996
UP,0521GC011,2021-05-07,3:11 PM,Derailment,0,JOAQUIN,TX,81.0,2,Day,Clear,Main,,0,0,340750,1288802,T109,31.965071999999999,-94.034650999999997
UP,0920HO028,2020-09-22,1:50 AM,Derailment,0,GALENA PARK,TX,75.0,4,Dark,Cloudy,Yard,Yard/switching,10,21182,1454,25774,T202,29.730322999999999,-95.229231999999996
BNSF,RD1021102,2021-10-02,2:00 PM,Derailment,0,HOUSTON,TX,85.0,2,Day,Clear,Siding,Freight Train,7,78310,30000,108310,T205,29.906413000000001,-95.504571999999996
NS,118240,2015-11-17,5:35 AM,Derailment,0,FORTSON,GA,60.0,1,Dawn,Clear,Industry,Freight Train,4,51200,0,51200,T210,32.590817000000001,-84.945626000000004
DL,220317,2022-03-17,12:35 PM,Derailment,0,MOUNT POCONO,PA,55.0,2,Day,Cloudy,Siding,Freight Train,5,7967,32176,40143,T110,41.109240999999997,-75.378365000000002
UP,0220SX007,2020-02-10,1:30 PM,Derailment,0,LAREDO,TX,83.0,2,Day,Clear,Yard,Yard/switching,9,41394,20581,61975,T314,27.664546000000001,-99.464488000000003
LVRX,230901,2023-09-07,10:50 PM,Derailment,0,BETHLEHEM,PA,80.0,4,Dark,Rain,Yard,Yard/switching,9,10000,19000,29000,T319,40.615000000000002,-75.336388999999997
BNSF,RD0920106,2020-09-06,12:37 AM,Derailment,0,HEIDENHEIMER,TX,73.0,4,Dark,Clear,Main,Freight Train,40,2731712,475000,3206712,T001,31.003133999999999,-97.290318999999997
TN,13,2018-05-28,12:30 PM,Derailment,0,LONE STAR,TX,85.0,2,Day,Clear,Yard,Yard/switching,3,375,10594,10969,T110,32.954262999999997,-94.665357999999998
UP,0221HO021,2021-02-12,5:00 AM,Derailment,0,SPRING,TX,31.0,1,Dawn,Rain,Yard,Freight Train,5,107626,128060,243330,T207,30.060320999999998,-95.411895999999999
NS,129054,2018-04-03,8:30 AM,Derailment,0,HUNTINGDON,PA,40.0,2,Day,Rain,Main,Freight Train,10,333490,452649,786139,T401,40.483656000000003,-78.012117000000003
ATK,166596,2021-03-01,10:50 PM,Obstruction,0,WAYNE,PA,38.0,4,Dark,Clear,Main,,0,0,0,15500,T404,40.049112999999998,-75.414176999999995
UP,0618FW021,2018-06-21,4:08 PM,Derailment,0,GRANDVIEW,TX,98.0,2,Day,Clear,Industry,Freight Train,2,9326,3356,12682,T199,32.258198999999998,-97.182396999999995
CORP,COR652814D,2014-11-12,3:19 AM,Derailment,0,COTTAGE GROVE,OR,30.0,4,Dark,Clear,Main,Freight Train,17,95000,55000,150000,T207,43.753698,-123.155593
PTRA,2019000030,2019-09-29,3:45 AM,Derailment,0,PASADENA,TX,90.0,4,Dark,Clear,Yard,Yard/switching,5,3500,35000,38500,T314,29.726413999999998,-95.191629000000006
SEPA,SEPA061822,2022-06-18,2:28 PM,Other (describe in narrative),0,PHILADELPHIA,PA,70.0,2,Day,Clear,Main,EMU,10,17129,0,17129,T404,40.033177000000002,-75.141116999999994
NS,133047,2019-03-02,3:05 AM,Derailment,0,CONWAY,PA,32.0,4,Dark,Cloudy,Yard,Yard/switching,4,3500,7400,10900,T207,40.672356000000001,-80.251823000000002
WNYP,2016006,2016-03-11,11:59 AM,Derailment,0,UTICA,PA,54.0,2,Day,Cloudy,Main,Freight Train,9,6000,18000,24000,T110,41.436999999999998,-79.965390999999997
UP,0616PD002,2016-06-03,12:11 PM,Derailment,5,MOSIER,OR,79.0,2,Day,Clear,Main,Freight Train,24,1674996,176811,1851807,T111,45.684417000000003,-121.396595
UP,0217FW023,2017-02-08,4:40 AM,Derailment,0,ARLINGTON,TX,63.0,4,Dark,Clear,Industry,Freight Train,6,6921,4015,10936,T102,32.757537999999997,-97.046091000000004
UP,0718HO016,2018-07-12,7:55 AM,Derailment,0,LA PORTE,TX,86.0,2,Day,Cloudy,Yard,Freight Train,8,1000,31465,32465,T111,29.683637999999998,-95.038897000000006
BNSF,TC1023105,2023-10-14,10:00 AM,Derailment,0,MITCHELL,SD,45.0,2,Day,Cloudy,Yard,,0,0,285107,285107,T110,43.709564999999998,-98.038838999999996
NS,130464,2018-08-05,1:02 PM,Derailment,0,PITTSBURGH,PA,80.0,2,Day,Clear,Main,Freight Train,18,769960,542040,1312000,T207,40.431024999999998,-80.002481000000003
RCPE,RCP836718D,2018-10-28,5:39 PM,Derailment,0,PHILIP,SD,47.0,2,Day,Clear,Main,Freight Train,10,23330,363,23693,T199,44.035997999999999,-101.670197
DL,210801,2021-08-28,4:00 PM,Derailment,0,SCRANTON,PA,72.0,2,Day,Cloudy,Yard,Yard/switching,5,25000,9084,34084,T314,41.430677000000003,-75.654094999999998
NS,140374,2021-01-25,12:45 PM,Derailment,0,LEOLA,PA,29.0,2,Day,Clear,Industry,Freight Train,6,12578,0,12578,T314,40.067020999999997,-76.214448000000004
DGNO,DGN546720,2020-01-24,9:45 AM,Derailment,0,GARLAND,TX,50.0,2,Day,Clear,Yard,Freight Train,7,35528,30650,66178,T101,32.904724999999999,-96.690273000000005
UP,0521GC030,2021-05-24,10:32 AM,Derailment,0,BEAUMONT,TX,75.0,2,Day,Cloudy,Yard,Freight Train,6,263501,487819,751320,T110,30.072655000000001,-94.153379999999999
BNSF,RD0621113,2021-06-15,3:03 PM,Derailment,0,TEAGUE,TX,95.0,2,Day,Clear,Main,Freight Train,5,16998,0,16998,T001,31.597874999999998,-96.274168000000003
PICK,Z57,2021-03-01,2:30 PM,Derailment,0,ANDERSON,SC,66.0,2,Day,Clear,Yard,Freight Train,10,62750,28275,91025,T110,34.501964000000001,-82.580111000000002
SEPA,11920T9402,2020-11-09,5:05 AM,Other (describe in narrative),0,PHILADELPHIA,PA,48.0,4,Dark,Clear,Main,EMU,30,8419,26387,34806,T404,39.927452000000002,-75.223471000000004
UP,1219HO011,2019-12-14,4:30 AM,Derailment,0,GALENA PARK,TX,51.0,1,Dawn,Clear,Yard,Yard/switching,2,16866,5580,22446,T111,29.736494,-95.263310000000004
DGNO,DGN504919,2019-11-02,2:18 PM,Derailment,0,DALLAS,TX,65.0,2,Day,Clear,Main,Freight Train,13,8500,0,90160,T110,32.738593000000002,-96.759657000000004
BNSF,TC0319108,2019-03-09,3:58 PM,Derailment,0,LYONS,SD,35.0,2,Day,Snow,Industry,Freight Train,10,19653,500,20153,T202,43.725105999999997,-96.870109999999997
UP,1119TO023,2019-11-25,4:45 PM,Derailment,0,FORT WORTH,TX,73.0,2,Day,Cloudy,Yard,Yard/switching,7,6280,10075,16355,T316,32.717314999999999,-97.391075999999998
ATK,172427,2022-10-19,6:40 PM,Obstruction,0,PAOLI,PA,53.0,3,Dusk,Cloudy,Main,,0,0,15300,30599,T404,40.043190000000003,-75.486931999999996
SEPA,SEP100820,2020-10-08,7:30 AM,Other (describe in narrative),0,EXTON,PA,60.0,1,Dawn,Clear,Main,EMU,40,8060,0,13193,T404,40.021999000000001,-75.612962999999993
UP,1017SA024,2017-10-24,1:45 AM,Derailment,0,KATY,TX,67.0,4,Dark,Cloudy,Industry,Freight Train,4,12288,0,12288,T110,29.786517,-95.808434000000005
CCPN,CCP483019,2019-09-18,8:35 AM,Derailment,0,CORPUS CHRISTI,TX,85.0,2,Day,Clear,Yard,Work train,5,3000,0,31208,T319,27.834412,-97.510648000000003
ATK,155420,2018-09-21,5:17 PM,Other (describe in narrative),0,CROYDON,PA,80.0,2,Day,Clear,Main,Passenger Train - Pulling,110,23000,6000,29000,T404,40.097844000000002,-74.876693000000003
KCS,20102903,2020-10-29,7:25 AM,Derailment,2,MAURICEVILLE,TX,45.0,1,Dawn,Clear,Main,Freight Train,39,1271271,885859,2157130,T207,30.202877999999998,-93.867046000000002
CBR,CBR1127001,2018-11-27,11:15 PM,Derailment,0,LAKESIDE,OR,54.0,4,Dark,Rain,Main,Freight Train,10,279065,25843,304908,T201,43.606400000000001,-124.1461
BNSF,MT1217100,2017-12-08,6:57 PM,Derailment,0,LEMMON,SD,40.0,3,Dusk,Clear,Industry,Freight Train,4,50709,5000,55709,T108,45.944040999999999,-102.15622399999999
UP,1019GC032,2019-10-26,8:53 AM,Derailment,0,BEAUMONT,TX,54.0,2,Day,Cloudy,Industry,,0,0,368882,449058,T108,30.076884,-94.111770000000007
UP,0420TO006,2020-04-04,4:40 PM,Derailment,0,FORT WORTH,TX,47.0,2,Day,Cloudy,Yard,Yard/switching,7,13516,88791,102307,T111,32.726008,-97.369472999999999
NS,138309,2020-06-22,11:20 PM,Derailment,0,CHATTANOOGA,TN,67.0,4,Dark,Cloudy,Yard,Light loco(s),2,12375,0,12375,T313,35.060735000000001,-85.266799000000006
RCPE,RCP225117R,2017-02-21,11:30 PM,Derailment,0,REDFIELD,SD,45.0,4,Dark,Cloudy,Industry,Freight Train,5,53104,4000,61104,T111,44.872810999999999,-98.512333999999996
UP,0516PD012,2016-05-23,9:55 AM,Derailment,0,PORTLAND,OR,60.0,2,Day,Cloudy,Yard,Yard/switching,7,34976,5047,40023,T316,45.605336000000001,-122.759947
NS,143630,2021-12-02,1:15 PM,Derailment,0,NORTH EAST,PA,38.0,2,Day,Cloudy,Industry,Freight Train,3,0,47474,47474,T110,42.218722999999997,-79.812979999999996
PNWR,PNW808724S,2024-05-23,11:10 PM,Side collision,0,ALBANY,OR,50.0,4,Dark,Clear,Yard,Yard/switching,7,38977,375,39352,T314,44.643940000000001,-123.06934
UP,1217FW013,2017-12-07,6:05 PM,Derailment,0,BIG SPRING,TX,34.0,2,Day,Clear,Yard,Yard/switching,4,61717,9885,71602,T202,32.254188999999997,-101.479776
RCPE,RCP385423D,2023-04-14,5:00 AM,Derailment,0,FORT PIERRE,SD,35.0,4,Dark,Rain,Main,Freight Train,8,60000,78918,138918,T207,44.254821,-100.602056
UP,0315PD002,2015-03-02,8:36 AM,Derailment,0,MEACHAM,OR,25.0,2,Day,Cloudy,Main,Freight Train,17,531288,333902,865190,T101,45.524898,-118.38000099999999
UP,1121PN015,2021-11-12,11:37 PM,Derailment,0,PORTLAND,OR,58.0,4,Dark,Cloudy,Main,Freight Train,10,55339,317980,373319,T207,45.567166,-122.706632
ATK,141535,2016-03-10,12:14 PM,Other (describe in narrative),0,MORRISVILLE,PA,78.0,2,Day,Cloudy,Main,Passenger Train - Pulling,0,10000,1000,11000,T404,40.197110000000002,-74.779313999999999
BNSF,RD1119105,2019-11-08,4:19 AM,Derailment,0,CLEVELAND,TX,55.0,1,Dawn,Cloudy,Siding,Freight Train,10,588281,15000,603281,T111,30.451706000000001,-94.844274999999996
UP,1017FW011,2017-10-09,11:45 PM,Derailment,0,ABILENE,TX,45.0,4,Dark,Clear,Siding,Freight Train,30,119083,462243,581326,T199,32.448793000000002,-99.730283
UP,0917FW004,2017-09-10,11:20 AM,Derailment,0,BIG SPRING,TX,80.0,2,Day,Clear,Main,Freight Train,44,6278,12588,18866,T108,32.184786000000003,-101.63423899999999
UP,1120PN006,2020-11-09,2:16 PM,Derailment,0,STANFIELD,OR,39.0,2,Day,Cloudy,Yard,Yard/switching,7,1272,21025,22297,T205,45.796227999999999,-119.2681
ATK,157403,2019-01-30,1:45 AM,Derailment,0,PHILADELPHIA,PA,5.0,4,Dark,Clear,Yard,Passenger Train - Pulling,1,106804,1500,108304,T111,39.957523999999999,-75.182984000000005
UP,0418HO018,2018-04-17,1:05 AM,Derailment,0,HUMBLE,TX,68.0,4,Dark,Clear,Siding,Freight Train,8,12573,86758,99331,T314,29.98216,-95.272115999999997
CRSH,136426,2019-12-05,4:30 PM,Derailment,0,TRAINER,PA,43.0,3,Dusk,Clear,Yard,Yard/switching,5,6386,15000,21386,T110,39.825617000000001,-75.396062000000001
KCS,21081001,2021-08-10,1:40 PM,Derailment,0,CROSBY,TX,97.0,2,Day,Cloudy,Siding,Freight Train,27,224175,0,395842,T102,29.916485999999999,-95.059667000000005
UP,0519TO029,2019-05-26,5:00 PM,Derailment,0,WESTBROOK,TX,80.0,2,Day,Clear,Main,Freight Train,25,4973,155254,160227,T105,32.336302000000003,-101.124172
PTRA,2018000004,2018-01-23,2:45 AM,Derailment,0,DEER PARK,TX,40.0,4,Dark,Cloudy,Industry,Freight Train,5,3000,8000,11000,T110,29.725314000000001,-95.168137000000002
UP,0819HO019,2019-08-16,1:00 AM,Derailment,0,HOUSTON,TX,82.0,4,Dark,Clear,Yard,Yard/switching,4,17944,528,18472,T102,29.809784000000001,-95.288822999999994
UP,1221HO012,2021-12-12,9:30 PM,Derailment,0,HOUSTON,TX,54.0,4,Dark,Cloudy,Yard,Yard/switching,4,168654,315426,484080,T207,29.791737000000001,-95.306021999999999
SEPA,SEPA111820,2020-11-18,7:04 AM,Other (describe in narrative),0,PHILADELPHIA,PA,35.0,1,Dawn,Clear,Main,EMU,30,0,11995,11995,T404,40.051628000000001,-75.172128999999998
NS,139524,2020-10-24,6:45 PM,Derailment,0,CONWAY,PA,50.0,3,Dusk,Clear,Yard,Freight Train,6,180596,3814,184410,T207,40.672356000000001,-80.251823000000002
UP,0820HO002,2020-08-04,2:00 PM,Derailment,0,HOUSTON,TX,91.0,2,Day,Clear,Industry,Freight Train,5,272242,64418,336660,T111,29.778120999999999,-95.328654999999998
DL,170101,2017-01-17,10:35 AM,Derailment,0,MOUNT POCONO,PA,32.0,2,Day,Sleet,Main,Freight Train,8,64052,327987,392039,T101,41.109084000000003,-75.378636
NS,123454,2017-01-06,12:58 PM,Derailment,0,BETHLEHEM,PA,19.0,2,Day,Cloudy,Yard,Cut of cars,9,3000,39418,42418,T207,40.615676999999998,-75.371161999999998
BNSF,RD0618126,2018-06-12,8:55 AM,Derailment,0,LUBBOCK,TX,82.0,1,Dawn,Clear,Industry,Yard/switching,4,28000,1000,29000,T206,33.521974,-101.778441
CSX,000179285,2018-10-12,3:15 AM,Derailment,0,FLORENCE,SC,60.0,4,Dark,Clear,Yard,Freight Train,5,34134,9113,43247,T207,34.198275000000002,-79.762501999999998
DGNO,DGN412919,2019-05-20,6:21 PM,Derailment,0,DALLAS,TX,85.0,2,Day,Clear,Yard,Freight Train,13,114500,189000,303500,T110,32.795273000000002,-96.730880999999997
CSX,000140393,2015-01-22,7:15 AM,Derailment,0,CHARLESTON,SC,50.0,2,Day,Clear,Yard,Yard/switching,8,14129,400,14529,T314,32.840158000000002,-79.955974999999995
RBMN,L09222201,2022-09-22,11:30 AM,Derailment,0,MOUNTAIN TOP,PA,70.0,2,Day,Rain,Siding,Freight Train,7,12059,3494,15553,T110,41.171010000000003,-75.868622000000002
UP,1121HO004,2021-11-04,9:55 AM,Derailment,0,GALENA PARK,TX,52.0,2,Day,Cloudy,Industry,Freight Train,5,1915,15910,17825,T110,29.728776,-95.239001999999999
UP,0217FW017,2017-02-08,9:22 AM,Derailment,0,FORT WORTH,TX,65.0,2,Day,Clear,Yard,Yard/switching,2,10842,1228,26129,T210,32.728093000000001,-97.366263000000004
DAIR,012015,2015-06-09,5:24 PM,Derailment,0,ALCESTER,SD,95.0,2,Day,Clear,Main,Freight Train,16,51980,102460,154440,T109,43.064861000000001,-96.489547000000002
UP,0320PN015,2020-03-22,10:30 AM,Derailment,0,PORTLAND,OR,39.0,2,Day,Clear,Yard,Freight Train,4,8562,9953,18515,T207,45.485169999999997,-122.64278
FWWR,17062301,2017-06-23,2:30 AM,Derailment,0,NORTH RICHLAND HILLS,TX,82.0,4,Dark,Clear,Industry,Freight Train,3,4750,8100,12850,T110,32.834166000000003,-97.228611000000001
GET,07162019,2019-07-16,9:20 AM,Derailment,0,GETTYSBURG,PA,80.0,2,Day,Clear,Siding,Yard/switching,3,7126,6003,13129,T314,39.843730999999998,-77.240924000000007
FWWR,20073001,2020-07-30,1:18 AM,Derailment,0,FORT WORTH,TX,80.0,4,Dark,Clear,Yard,Cut of cars,0,41,13745,14263,T311,32.772928,-97.327910000000003
RBMN,R06062301,2023-06-06,4:31 PM,Derailment,0,GOOD SPRING,PA,74.0,2,Day,Clear,Main,Freight Train,9,3936,22999,26935,T101,40.626804999999997,-76.450333999999998
BNSF,RD0718132,2018-07-23,1:48 PM,Derailment,0,CLEBURNE,TX,108.0,2,Day,Clear,Yard,Freight Train,8,24357,8000,32357,T108,32.357982,-97.383949000000001
UP,0218LK005,2018-02-03,8:23 PM,Derailment,0,MARSHALL,TX,45.0,4,Dark,Cloudy,Main,Freight Train,33,13501,7030,20531,T210,32.666224999999997,-94.343711999999996
UP,0419GC052,2019-04-25,8:59 AM,Derailment,0,BRYAN,TX,58.0,2,Day,Clear,Main,Freight Train,27,138183,48942,187125,T002,30.711943000000002,-96.408135999999999
BNSF,RD0918145,2018-09-29,8:02 PM,Derailment,0,HOUSTON,TX,82.0,3,Dusk,Cloudy,Yard,Yard/switching,8,17642,3000,20642,T311,29.701446000000001,-95.327507999999995
TXOR,LSI102120,2019-10-21,5:30 PM,Derailment,0,SWEETWATER,TX,75.0,3,Dusk,Clear,Yard,Freight Train,9,1213333,0,1233333,T110,32.497495000000001,-100.40091099999999
ATK,165620,2020-10-08,7:30 AM,Other (describe in narrative),0,EXTON,PA,64.0,2,Day,Clear,Main,,0,0,5133,13193,T404,40.021661000000002,-75.614142999999999
AWRR,200418001,2020-04-18,9:31 PM,Derailment,0,MCNEIL,TX,60.0,4,Dark,Clear,Main,Freight Train,8,0,0,29548,T402,30.453177,-97.720758000000004
UP,0621TO002,2021-06-01,1:03 AM,Derailment,0,ENNIS,TX,68.0,4,Dark,Cloudy,Industry,Yard/switching,7,34519,6820,41339,T299,32.354419999999998,-96.637270999999998
KCS,18041406,2018-04-14,10:15 PM,Derailment,0,PORT ARTHUR,TX,45.0,4,Dark,Clear,Yard,Freight Train,5,99215,5104,104319,T201,29.858433999999999,-93.944491999999997
RWRR,231014001,2023-10-14,10:20 AM,Derailment,0,MITCHELL,SD,48.0,2,Day,Rain,Yard,Freight Train,10,229167,0,229167,T110,43.709541999999999,-98.039191000000002
NS,146512,2022-09-18,5:20 PM,Derailment,0,CONWAY,PA,77.0,3,Dusk,Clear,Yard,Light loco(s),5,132,11807,11939,T311,40.672361000000002,-80.251825999999994
UP,0519GC047,2019-05-16,12:06 PM,Derailment,0,HUNTSVILLE,TX,82.0,2,Day,Cloudy,Industry,Freight Train,6,226449,96514,322963,T202,30.705362000000001,-95.493154000000004
ATK,161816,2019-11-02,3:15 PM,Other (describe in narrative),0,PHILADELPHIA,PA,60.0,2,Day,Clear,Main,,0,0,41711,80413,T404,39.968400000000003,-75.195099999999996
BNSF,TC0420101,2020-04-09,1:40 PM,Derailment,0,ABERDEEN,SD,40.0,2,Day,Clear,Yard,Freight Train,8,81184,263772,344956,T001,45.477429999999998,-98.441198999999997
RCPE,RCP619823D,2023-11-29,8:00 PM,Derailment,0,PHILIP,SD,20.0,4,Dark,Clear,Main,Freight Train,10,60000,80000,140000,T207,44.025171999999998,-101.686936
CSX,000164899,2016-12-04,11:48 PM,Derailment,0,FLORENCE,SC,40.0,4,Dark,Rain,Yard,Freight Train,8,330181,8158,338339,T207,34.199162999999999,-79.761379000000005
XTGS,F0012019,2019-01-14,2:15 AM,Derailment,0,ANAHUAC,TX,39.0,4,Dark,Clear,Industry,Yard/switching,6,22650,10514,33164,T111,29.699088,-94.897498999999996
SWP,121007SWP,2020-10-07,8:45 PM,Derailment,0,YOUNGWOOD,PA,55.0,4,Dark,Clear,Main,Freight Train,10,72400,185000,257400,T101,40.234853999999999,-79.579402999999999
SEPA,SEPA012523,2023-01-25,5:36 PM,Other (describe in narrative),0,HATBORO,PA,34.0,4,Dark,Clear,Main,EMU,0,0,36479,36479,T404,40.175531999999997,-75.102810000000005
PTRA,2019000012,2019-05-12,10:05 AM,Derailment,0,CHANNELVIEW,TX,80.0,2,Day,Clear,Industry,Freight Train,6,50000,0,200000,T110,29.745099,-95.115513000000007
URR,TA6405,2016-04-26,12:50 PM,Derailment,0,CLAIRTON,PA,75.0,2,Day,Clear,Yard,Yard/switching,8,50000,32000,82000,T110,40.299523999999998,-79.870549999999994
UP,1216SA004,2016-12-05,6:25 PM,Derailment,0,SAN ANTONIO,TX,45.0,4,Dark,Clear,Yard,Light loco(s),3,18620,2000,20620,T207,29.367746,-98.564746
CSX,000188787,2020-03-01,4:10 PM,Derailment,0,GEORGETOWN,SC,50.0,3,Dusk,Rain,Yard,Freight Train,6,11697,97,11794,T311,33.378002000000002,-79.302454999999995
ATK,143714,2016-08-09,5:30 PM,Other (describe in narrative),0,COATESVILLE,PA,84.0,2,Day,Clear,Main,,0,0,13287,13287,T404,39.988720000000001,-75.806354999999996
CSX,000174876,2018-02-25,6:55 AM,Derailment,0,GREENWOOD,SC,60.0,1,Dawn,Clear,Yard,Freight Train,5,44721,3848,48569,T314,34.176775999999997,-82.186735999999996
KCS,18041601,2018-04-16,6:17 AM,Derailment,0,VIDOR,TX,47.0,1,Dawn,Clear,Siding,Freight Train,9,287003,182948,469951,T207,30.124414999999999,-94.013165999999998
BNSF,NW1222110,2022-12-10,1:40 PM,Derailment,0,BEND,OR,32.0,2,Day,Cloudy,Yard,Freight Train,8,75200,80000,155200,T204,44.019992000000002,-121.289179
UP,0920HO028,2020-09-22,1:50 AM,Derailment,0,GALENA PARK,TX,75.0,4,Dark,Cloudy,Yard,Single Car,0,3138,0,25774,T202,29.730322999999999,-95.229231999999996
UP,0119GC020,2019-01-01,5:07 PM,Derailment,0,HOUSTON,TX,63.0,2,Day,Clear,Main,Freight Train,18,683745,120000,803745,T403,29.819970000000001,-95.334615999999997
BNSF,RD1021103,2021-10-05,8:06 AM,Derailment,0,BEAUMONT,TX,84.0,1,Dawn,Clear,Yard,Freight Train,2,126033,0,281793,T110,30.076540999999999,-94.112072999999995
NS,132276,2019-01-03,10:00 AM,Derailment,0,CONWAY,PA,35.0,2,Day,Cloudy,Yard,Yard/switching,2,2000,10247,12247,T110,40.672356000000001,-80.251823000000002
NS,156271,2024-04-05,7:35 PM,Derailment,0,LANCASTER,PA,45.0,3,Dusk,Clear,Siding,Light loco(s),4,16883,16780,33663,T311,40.046976000000001,-76.255176000000006
SEPA,37756,2019-11-02,3:15 PM,Other (describe in narrative),0,PHILADELPHIA,PA,60.0,2,Day,Clear,Main,EMU,30,38702,0,80413,T404,39.968400000000003,-75.195099999999996
DGNO,DGN341319,2019-01-17,9:20 AM,Derailment,0,DALLAS,TX,53.0,2,Day,Clear,Industry,Freight Train,5,23535,0,23535,T101,32.493985000000002,-96.531897999999998
NS,128247,2018-01-22,11:45 PM,Derailment,0,READING,PA,47.0,4,Dark,Cloudy,Yard,,0,0,200,200,T110,40.345779999999998,-75.923080999999996
UP,1018SA008,2018-10-09,1:00 AM,Derailment,0,GARDEN RIDGE,TX,85.0,4,Dark,Cloudy,Industry,Freight Train,9,8289,2541,10830,T110,29.640295999999999,-98.262692999999999
NS,144377,2022-02-14,3:43 AM,Derailment,0,WAYNESBURG,PA,12.0,4,Dark,Clear,Main,Freight Train,13,396317,59665,455982,T207,39.891970999999998,-80.191457
DGNO,DGN707621R,2021-02-25,11:48 AM,Derailment,0,DALLAS,TX,52.0,2,Day,Cloudy,Main,Freight Train,10,7337,0,75624,T403,32.779640000000001,-96.810822999999999
RCPE,RCP123322D,2022-06-29,3:51 PM,Derailment,0,CAPA,SD,95.0,2,Day,Cloudy,Main,Freight Train,10,287250,40000,327250,T207,44.122678000000001,-100.894175
ATK,180895,2024-06-25,3:00 PM,Other (describe in narrative),0,BRISTOL,PA,0.0,2,Day,Clear,Main,Passenger Train - Pulling,115,15452,0,15452,T404,40.109274999999997,-74.847665000000006
CSX,000179509,2018-10-25,4:31 PM,Derailment,0,NEW CASTLE JUNCTION,PA,46.0,2,Day,Cloudy,Yard,Yard/switching,7,11116,294,11410,T299,40.963718999999998,-80.369478000000001
CRSH,132968,2019-02-24,12:45 PM,Derailment,0,TRAINER,PA,46.0,2,Day,Cloudy,Industry,Freight Train,7,2922,9000,11922,T315,39.490299999999998,-75.250900000000001
AWRR,210825003,2021-08-25,3:30 AM,Derailment,0,MANOR,TX,80.0,4,Dark,Clear,Industry,Freight Train,1,14500,20000,34500,T113,30.332623999999999,-97.517680999999996
PTRA,2021000013,2021-06-06,5:10 PM,Derailment,0,CHANNELVIEW,TX,78.0,2,Day,Rain,Industry,Freight Train,3,300,16000,16300,T110,29.747191999999998,-95.117047999999997
CSX,000189460,2020-04-02,10:30 AM,Derailment,0,NASHVILLE,TN,52.0,2,Day,Clear,Yard,Yard/switching,8,155294,0,194332,T210,36.112141999999999,-86.770736999999997
BNSF,RD0819118,2019-08-14,11:30 PM,Derailment,0,DAYTON,TX,85.0,4,Dark,Clear,Yard,Yard/switching,5,27243,5000,32243,T319,30.006363,-94.906559999999999
ATK,152130,2018-02-26,10:24 PM,Other (describe in narrative),0,FOLCROFT,PA,44.0,4,Dark,Clear,Main,Passenger Train - Pulling,36,20000,2949,22949,T404,39.898746000000003,-75.284357999999997
NS,137096,2020-02-08,12:52 AM,Derailment,0,CONWAY,PA,26.0,4,Dark,Clear,Yard,Freight Train,4,755172,42105,797277,T110,40.672356000000001,-80.251823000000002
CSX,000189460,2020-04-02,10:30 AM,Derailment,0,NASHVILLE,TN,52.0,2,Day,Clear,Yard,Cut of cars,0,1000,38038,194332,T210,36.112141999999999,-86.770736999999997
RCPE,RCP583620D,2020-10-23,5:10 AM,Derailment,0,HURON,SD,28.0,4,Dark,Clear,Yard,Freight Train,9,178117,28540,206657,T207,44.371167,-98.240060999999997
UP,1019HO005,2019-10-04,12:30 PM,Derailment,0,HOUSTON,TX,90.0,2,Day,Clear,Yard,Yard/switching,4,8404,3757,12161,T319,29.796443,-95.292271
BNSF,TC0217114,2017-02-21,11:30 PM,Derailment,0,REDFIELD,SD,32.0,4,Dark,Clear,Yard,,0,0,4000,61104,T111,44.872810999999999,-98.512333999999996
UP,0420HO012,2020-04-10,5:13 PM,Derailment,0,HOUSTON,TX,76.0,2,Day,Cloudy,Yard,Freight Train,15,133573,300729,434302,T101,29.788318,-95.314505999999994