reportingrailroadcode,accidentnumber,date,time,accidenttype,hazmatreleasedcars,station,stateabbr,temperature,visibility_code,visibility,weathercondition,tracktype,equipmenttype,trainspeed,equipmentdamagecost,trackdamagecost,totaldamagecost,primaryaccidentcausecode,latitude,longitude
SEPA,SEPA082321,2021-08-23,11:25 AM,Other (describe in narrative),0,DOYLESTOWN,PA,85.0,2,Day,Clear,Main,EMU,45,0,20355,20355,T404,40.290841,-75.198524000000006
UP,1018FW005,2018-10-09,1:40 AM,Derailment,0,FORT WORTH,TX,77.0,4,Dark,Cloudy,Yard,Freight Train,5,236171,7514,243685,T207,32.725409999999997,-97.371701000000002
DMVW,DE6423,2023-06-04,2:50 PM,Derailment,0,AMHERST,SD,80.0,2,Day,Clear,Main,Freight Train,10,144156,97045,241201,T109,45.723090999999997,-97.939719999999994
URR,9108,2019-06-06,11:02 AM,Derailment,0,DUQUESNE,PA,72.0,2,Day,Clear,Yard,Yard/switching,7,50000,58000,108000,T308,40.376790999999997,-79.852852999999996
NS,124716,2017-04-14,5:43 PM,Derailment,0,MCVEYTOWN,PA,70.0,3,Dusk,Clear,Main,Freight Train,48,1931185,390694,2321879,T109,40.468274000000001,-77.731870999999998
BNSF,RD0918101,2018-09-01,9:43 AM,Derailment,0,TEMPLE,TX,85.0,2,Day,Clear,Yard,Yard/switching,7,6000,30000,36000,T103,31.109248000000001,-97.348560000000006
ESPN,ESPN520211,2021-05-17,6:00 PM,Derailment,0,MENDENHALL,PA,87.0,2,Day,Clear,Main,Freight Train,10,167000,90000,257000,T101,39.837499999999999,-75.597499999999997
UP,0821TO032,2021-08-27,11:00 AM,Derailment,0,BIG SPRING,TX,84.0,2,Day,Clear,Yard,Freight Train,6,274917,94419,369336,T403,32.258124000000002,-101.470298
NS,124259,2017-03-10,12:30 AM,Derailment,0,HARRISBURG,PA,50.0,4,Dark,Clear,Yard,Yard/switching,9,31221,30864,62085,T205,40.294946000000003,-76.891711000000001
CSX,000199628,2021-08-22,11:24 AM,Derailment,0,FLORENCE,SC,85.0,2,Day,Cloudy,Yard,Yard/switching,4,86004,325,86329,T207,34.198275000000002,-79.762501999999998
NS,136137,2019-11-09,2:18 AM,Derailment,0,SANKERTOWN,PA,19.0,4,Dark,Clear,Yard,Freight Train,6,226,46327,46553,T110,40.474398000000001,-78.581958999999998
BPRR,BPR982922D,2022-01-17,12:00 PM,Derailment,0,NORTHPOINT,PA,21.0,2,Day,Snow,Main,Freight Train,30,790588,160458,951046,T207,40.906657000000003,-79.121297999999996
NS,131939,2018-12-06,2:25 AM,Derailment,0,BALDWIN,PA,28.0,4,Dark,Cloudy,Industry,Freight Train,9,1805,62208,64013,T110,40.404190999999997,-79.953389000000001
UP,0221PN006,2021-02-10,10:54 AM,Derailment,0,PORTLAND,OR,35.0,2,Day,Cloudy,Yard,Freight Train,8,19511,16790,36301,T111,45.493420999999998,-122.645006
BNSF,SW0721112,2021-07-30,2:00 AM,Derailment,0,EL PASO,TX,76.0,4,Dark,Clear,Main,Freight Train,10,35000,0,183317,T319,31.758044000000002,-106.496454
SEPA,5521T726,2021-05-05,8:12 PM,Other (describe in narrative),0,PHILADELPHIA,PA,60.0,4,Dark,Clear,Main,EMU,30,8500,5930,14430,T404,40.005127000000002,-75.133672000000004
CVLY,04032020,2020-04-03,7:30 AM,Derailment,0,CLACKAMAS,OR,40.0,1,Dawn,Clear,Main,Freight Train,8,0,13450,13450,T110,45.251407,-122.341273
UP,0819TO002,2019-08-02,1:00 AM,Derailment,0,DALLAS,TX,81.0,4,Dark,Clear,Yard,Yard/switching,3,12356,1320,13676,T314,32.703321000000003,-96.743791999999999
ATK,165757,2020-11-03,12:22 PM,Derailment,0,PHILADELPHIA,PA,55.0,2,Day,Clear,Siding,Light loco(s),6,14928,1977,16905,T110,39.945971999999998,-75.193284000000006
BNSF,TC0719108,2019-07-12,6:25 AM,Derailment,0,CORSON,SD,74.0,1,Dawn,Clear,Main,Freight Train,5,136311,453000,589311,T001,43.601773000000001,-96.591290000000001
URR,05092023,2023-05-09,2:50 PM,Derailment,0,BRADDOCK,PA,72.0,2,Day,Clear,Industry,Yard/switching,4,2400,13144,15544,T110,40.396900000000002,-79.863
UP,0721MA033,2021-07-27,11:30 AM,Derailment,0,MEMPHIS,TN,89.0,2,Day,Clear,Yard,,0,0,148500,276579,T205,35.122915999999996,-90.019326000000007
BNSF,RD0519116,2019-05-16,1:30 PM,Derailment,0,DONIE,TX,88.0,2,Day,Clear,Industry,Freight Train,5,22000,0,22000,T205,31.438247,-96.212761999999998
AVR,07022018A,2018-07-02,10:30 AM,Derailment,0,BRUCETON,PA,85.0,2,Day,Clear,Main,Freight Train,0,4000,225000,229000,T106,40.289617999999997,-79.967445999999995
CSX,000218086,2024-05-16,12:05 PM,Derailment,0,GREENWOOD,SC,75.0,2,Day,Clear,Yard,Freight Train,4,90368,4055,94423,T207,34.188493000000001,-82.16507
AWRR,170511002,2017-05-11,1:57 AM,Derailment,0,MANOR,TX,72.0,4,Dark,Clear,Main,Freight Train,11,48042,10000,58042,T108,30.340449,-97.578869999999995
FWWR,20071701,2020-07-17,11:30 PM,Derailment,0,FORT WORTH,TX,85.0,4,Dark,Clear,Main,Freight Train,10,13503,12035,25538,T111,32.792358999999998,-97.338528999999994
UP,0221SX010,2021-02-22,4:35 PM,Derailment,0,HEARNE,TX,71.0,2,Day,Clear,Yard,Freight Train,10,251408,167158,418566,T110,30.843119000000002,-96.635272999999998
UP,0217FW017,2017-02-08,9:22 AM,Derailment,0,FORT WORTH,TX,65.0,2,Day,Clear,Yard,Cut of cars,0,14059,0,26129,T210,32.728093000000001,-97.366263000000004
UP,1119HO021,2019-11-21,11:15 AM,Derailment,0,HOUSTON,TX,77.0,2,Day,Cloudy,Yard,Yard/switching,4,22522,8017,30539,T319,29.813061999999999,-95.287739000000002
BNSF,RD0919120,2019-09-21,4:00 PM,Derailment,0,DIME BOX,TX,95.0,2,Day,Clear,Main,Freight Train,40,61424,0,495098,T108,30.307552000000001,-96.856346000000002
NS,154838,2023-11-21,11:45 AM,Derailment,0,KING OF PRUSSIA,PA,48.0,2,Day,Rain,Yard,Yard/switching,6,50,67837,67887,T316,40.115603,-75.395391000000004
RCPE,RCP444520D,2020-06-05,5:50 PM,Derailment,0,HARROLD,SD,78.0,2,Day,Clear,Main,Freight Train,24,50000,80000,130000,T001,44.525098999999997,-99.811370999999994
BLE,1129440,2023-03-29,7:56 AM,Derailment,0,SLIPPERY ROCK,PA,35.0,2,Day,Clear,Main,Freight Train,30,1119431,161000,1280431,T207,41.012984000000003,-79.978847999999999
UP,0418HO007,2018-04-08,2:20 PM,Derailment,0,HOUSTON,TX,57.0,2,Day,Clear,Yard,Freight Train,6,250,10538,10788,T110,29.787828999999999,-95.313325000000006
SWP,211201SWP,2021-12-01,7:48 AM,Derailment,0,UNIONTOWN,PA,36.0,1,Dawn,Cloudy,Industry,Freight Train,9,4700,28000,32700,T110,39.875641999999999,-79.713004999999995
UP,0718FW016,2018-07-10,2:30 AM,Derailment,0,BIG SPRING,TX,80.0,4,Dark,Clear,Yard,Yard/switching,4,1986,13200,15186,T113,32.228675000000003,-101.511617
UP,0320PN020,2020-03-24,4:56 AM,Derailment,0,PORTLAND,OR,43.0,1,Dawn,Fog,Yard,Freight Train,8,6552,12994,19546,T201,45.493406,-122.64505699999999
LVRX,240501,2024-05-06,8:05 PM,Derailment,0,BETHLEHEM,PA,64.0,3,Dusk,Cloudy,Yard,Yard/switching,4,5000,15000,20000,T110,40.610278000000001,-75.344722000000004
ATK,177899,2024-01-08,8:51 PM,Other (describe in narrative),0,MORRISVILLE,PA,29.0,4,Dark,Clear,Main,Passenger Train - Pulling,86,18449,0,18449,T404,40.206561999999998,-74.769451000000004
GVSR,GVS031917,2017-04-16,9:00 AM,Derailment,0,GALVESTON,TX,82.0,2,Day,Clear,Yard,Freight Train,5,227660,81000,308660,T204,29.307058000000001,-94.804201000000006
RBMN,L03182401,2024-03-18,6:55 PM,Derailment,0,PITTSTON,PA,42.0,3,Dusk,Cloudy,Main,Freight Train,5,0,58257,58257,T110,41.343187,-75.786467999999999
BNSF,RD0220128,2020-02-26,2:10 AM,Derailment,0,JASPER,TX,54.0,4,Dark,Cloudy,Industry,Freight Train,5,180000,0,180000,T001,30.892918999999999,-93.930521999999996
NS,120946,2016-06-20,10:20 PM,Derailment,0,STEELTON,PA,82.0,4,Dark,Clear,Industry,Yard/switching,2,2886,25125,28011,T314,40.240653999999999,-76.855439000000004
BNSF,RD0719101,2019-07-02,10:30 AM,Derailment,0,DAYTON,TX,90.0,2,Day,Clear,Yard,Yard/switching,6,27983,143000,170983,T313,29.999171,-94.907392999999999
ATK,142629,2016-05-27,8:35 AM,Other (describe in narrative),0,LEVITTOWN,PA,75.0,2,Day,Clear,Main,Passenger Train - Pulling,125,11437,0,11437,T404,40.104855999999998,-74.854834999999994
NS,154457,2023-10-10,11:17 AM,Derailment,0,READING,PA,65.0,2,Day,Clear,Yard,Light loco(s),7,29254,500,29754,T402,40.345503000000001,-75.923142999999996
SEPA,SEPA122922,2022-12-29,11:58 AM,Derailment,0,PHILADELPHIA,PA,30.0,2,Day,Clear,Yard,EMU,5,10080,9672,19752,T110,39.957129000000002,-75.184889999999996
UP,0519GC053,2019-05-19,12:56 AM,Derailment,0,ELKHART,TX,73.0,4,Dark,Cloudy,Main,Freight Train,24,1472762,106456,1579218,T002,31.635002,-95.593974000000003
PNWR,PNW715315D,2015-03-26,1:40 AM,Derailment,0,EDDYVILLE,OR,45.0,4,Dark,Clear,Main,Freight Train,10,16000,1500,17500,T101,44.648738999999999,-123.649753
UP,0119TO015,2019-01-13,2:28 AM,Derailment,0,FORT WORTH,TX,38.0,4,Dark,Cloudy,Yard,Freight Train,6,9202,135180,144382,T202,32.714450999999997,-97.398010999999997
NS,142518,2021-08-13,10:12 AM,Derailment,0,NORTH EAST,PA,79.0,2,Day,Cloudy,Industry,Light loco(s),3,12845,0,12845,T314,42.208255000000001,-79.841160000000002
DGNO,DGN469719,2019-08-11,1:48 PM,Derailment,0,GREENVILLE,TX,99.0,2,Day,Clear,Yard,Freight Train,8,152709,177000,329709,T110,33.154975,-96.123171999999997
NS,133442,2019-04-03,5:35 AM,Derailment,0,OBERLIN,PA,28.0,1,Dawn,Clear,Siding,Freight Train,5,292418,41555,333973,T208,40.256385999999999,-76.802177999999998
UP,0917HO028,2017-09-28,7:00 PM,Derailment,0,FREEPORT,TX,86.0,4,Dark,Clear,Industry,Freight Train,5,37516,1481,38997,T106,28.97935,-95.340147000000002
LRY,051616,2016-05-16,12:50 PM,Derailment,0,LAKEVIEW,OR,56.0,2,Day,Cloudy,Main,Freight Train,9,15000,94100,109100,T199,42.083078,-120.326943
UP,0519HO004,2019-05-28,9:05 AM,Derailment,0,GALENA PARK,TX,79.0,2,Day,Cloudy,Industry,Yard/switching,4,10648,2160,12808,T319,29.728121000000002,-95.236676000000003
PNWR,PNW324523R,2023-02-10,6:45 AM,Derailment,0,TOLEDO,OR,46.0,4,Dark,Cloudy,Industry,Freight Train,4,4337,10000,14337,T314,44.612400999999998,-123.931135
DL,190401,2019-04-09,12:00 PM,Derailment,0,DICKSON CITY,PA,67.0,2,Day,Cloudy,Main,Freight Train,10,165069,165764,330833,T110,41.462667000000003,-75.617335999999995
DMVW,DE516ABE,2018-05-16,1:05 PM,Derailment,0,ABERDEEN,SD,85.0,2,Day,Clear,Main,Freight Train,7,169135,35064,204199,T299,45.514080999999997,-98.329614000000007
UP,1121HO005,2021-11-05,4:25 AM,Derailment,0,NAVASOTA,TX,44.0,1,Dawn,Clear,Siding,Freight Train,14,201387,640800,842187,T001,30.353314999999998,-96.030518000000001
UP,0920HO023,2020-09-18,5:55 AM,Derailment,0,HOUSTON,TX,77.0,1,Dawn,Clear,Yard,Freight Train,5,9470,1660,11130,T303,29.789054,-95.303038000000001
NS,153651,2023-07-17,4:50 AM,Derailment,0,LAFAYETTE HILL,PA,85.0,4,Dark,Clear,Main,,0,0,182801,1023138,T002,40.108406000000002,-75.252342999999996
XTGS,332019,2019-12-22,6:10 PM,Derailment,0,ANAHUAC,TX,52.0,2,Day,Clear,Industry,Freight Train,2,15000,5484,20484,T099,29.699088,-94.897498999999996
NS,136495,2019-12-13,9:50 AM,Derailment,0,CONWAY,PA,38.0,2,Day,Cloudy,Yard,Yard/switching,10,23600,32114,55714,T311,40.672356000000001,-80.251823000000002
UP,0221TO029,2021-02-25,11:48 AM,Derailment,0,DALLAS,TX,52.0,2,Day,Cloudy,Main,,0,0,68287,75624,T403,32.779640000000001,-96.810822999999999
BNSF,TC0915110,2015-09-19,6:18 AM,Derailment,3,SCOTLAND,SD,45.0,1,Dawn,Fog,Main,Freight Train,10,699748,1107649,1807397,T207,43.088746999999998,-97.676927000000006
DL,221001,2022-10-14,10:45 AM,Derailment,0,TOBYHANNA,PA,55.0,2,Day,Clear,Siding,Freight Train,10,0,29383,29383,T112,41.180160999999998,-75.419015999999999
UP,0419GC045,2019-04-23,1:00 AM,Derailment,0,GALENA PARK,TX,69.0,4,Dark,Cloudy,Industry,Freight Train,5,2747,11070,13817,T319,29.728833000000002,-95.236568000000005
ATK,158472,2019-04-13,5:16 AM,Other (describe in narrative),0,PHILADELPHIA,PA,60.0,4,Dark,Rain,Main,Passenger Train - Pulling,29,13640,7955,21595,T404,39.962305999999998,-75.183576000000002
RBMN,R02102001,2020-02-09,3:50 PM,Derailment,0,NESQUEHONING,PA,40.0,2,Day,Cloudy,Main,Freight Train,26,38880,108095,146975,T111,40.864136000000002,-75.815304999999995
UP,0819TO026,2019-08-18,1:37 AM,Derailment,0,DALLAS,TX,87.0,4,Dark,Clear,Main,Freight Train,13,5124,62406,67530,T314,32.775565999999998,-96.883172999999999
BNSF,NW0222108,2022-02-11,7:20 PM,Derailment,0,KLAMATH FALLS,OR,40.0,3,Dusk,Clear,Yard,Yard/switching,6,34524,53000,87524,T401,42.202491999999999,-121.77660299999999
UP,0219MA026,2019-02-09,5:15 PM,Derailment,0,LONGVIEW,TX,37.0,2,Day,Cloudy,Main,,0,0,99700,103643,T002,32.498556000000001,-94.708786000000003
NS,132592,2019-01-25,6:13 AM,Derailment,0,YORK,PA,25.0,1,Dawn,Clear,Yard,Yard/switching,8,37649,22250,59899,T207,39.968505999999998,-76.724521999999993
LRWY,17040601,2017-04-06,12:30 PM,Derailment,0,WYALUSING,PA,45.0,2,Day,Rain,Siding,Freight Train,3,98000,3000,101000,T210,41.658793000000003,-76.250752000000006
CGIV,20190512,2019-05-12,11:00 AM,Derailment,0,CHANNELVIEW,TX,80.0,2,Day,Clear,Industry,,0,0,150000,200000,T099,29.745099,-95.115513000000007
UP,0821HO015,2021-08-10,1:40 PM,Derailment,0,CROSBY,TX,91.0,2,Day,Clear,Main,,0,0,171667,395842,T102,29.916485999999999,-95.059667000000005
CRSH,146739,2023-04-05,1:00 PM,Derailment,0,BENSALEM,PA,57.0,2,Day,Clear,Main,Freight Train,5,299,0,51426,T314,40.074753999999999,-74.946764999999999
BNSF,TC0722102,2022-07-05,5:45 AM,Derailment,0,CANTON,SD,75.0,1,Dawn,Clear,Industry,Light loco(s),10,17144,0,17144,T311,43.298672000000003,-96.591285999999997
BNSF,RD0817114,2017-08-17,11:53 PM,Derailment,0,HOUSTON,TX,79.0,4,Dark,Clear,Yard,Yard/switching,7,11766,6000,17766,T314,29.700033999999999,-95.327338999999995
UP,0220TO029,2020-02-25,1:00 AM,Derailment,0,MIDLOTHIAN,TX,47.0,4,Dark,Clear,Industry,Yard/switching,8,1262,15221,16483,T402,32.518639999999998,-97.010243000000003
UP,0621SX005,2021-06-06,11:45 AM,Derailment,0,SAN MARCOS,TX,80.0,2,Day,Cloudy,Main,Freight Train,22,637905,653172,1291077,T001,29.818697,-98.006949000000006
RCPE,RCP648420D,2020-12-23,6:30 PM,Derailment,0,RAPID CITY,SD,25.0,4,Dark,Cloudy,Yard,Yard/switching,5,1810,30000,31810,T103,44.058900000000001,-103.19065999999999
CSX,000199039,2021-07-24,11:00 AM,Derailment,0,FLORENCE,SC,83.0,2,Day,Clear,Yard,Freight Train,8,190198,5780,195978,T207,34.198275000000002,-79.762501999999998
UP,1219TO028,2019-12-21,5:25 AM,Derailment,0,FORT WORTH,TX,52.0,1,Dawn,Fog,Industry,Freight Train,7,268561,2200,270761,T113,32.720066000000003,-97.328182999999996
CSX,000185768,2019-10-05,2:09 AM,Derailment,0,NORTH CHARLESTON,SC,74.0,4,Dark,Clear,Yard,Yard/switching,7,81534,2005,83539,T199,32.856969999999997,-80.022953999999999
CORP,COR675415D,2015-01-02,7:52 AM,Derailment,0,COTTAGE GROVE,OR,22.0,4,Dark,Clear,Main,Freight Train,10,10000,49000,59000,T207,43.739615999999998,-123.185738
SEPA,SEPA111122,2022-11-11,11:14 PM,Other (describe in narrative),0,NEW BRITAIN,PA,50.0,4,Dark,Clear,Main,EMU,0,0,25680,25680,T404,40.297530000000002,-75.179579000000004
UP,0721TO016,2021-07-12,8:00 PM,Derailment,0,BIG SPRING,TX,76.0,4,Dark,Clear,Yard,Yard/switching,6,957,17576,18533,T111,32.254651000000003,-101.479088
ATK,136310,2015-02-15,1:15 PM,Other (describe in narrative),0,CHESTER,PA,8.0,2,Day,Clear,Main,,0,0,4713,15213,T404,39.844185000000003,-75.371802000000002
POHC,POH949321R,2021-12-02,2:10 PM,Derailment,0,PITTSBURGH,PA,53.0,2,Day,Clear,Industry,Freight Train,2,0,12450,12450,T110,40.444305,-80.079151999999993
NS,124199,2017-03-05,9:45 PM,Derailment,1,READING,PA,37.0,4,Dark,Clear,Yard,Freight Train,10,14200,4500,18700,T205,40.345779999999998,-75.923080999999996
CSX,000171721,2017-09-18,11:30 PM,Derailment,0,ABBEVILLE,SC,66.0,4,Dark,Cloudy,Main,Freight Train,33,53880,161178,215058,T110,34.147886999999997,-82.253985999999998
DSRC,DSRC071517,2017-07-15,3:20 PM,Derailment,0,KIMBALL,SD,100.0,2,Day,Clear,Main,Freight Train,24,1079000,109750,1188750,T109,43.744194,-98.839096999999995
CSX,000173714,2018-01-01,3:25 AM,Derailment,0,CONNELLSVILLE,PA,-8.0,4,Dark,Clear,Main,Freight Train,4,19832,0,58477,T399,40.015495999999999,-79.591662999999997
BNSF,TC0419109,2019-04-17,11:15 AM,Derailment,0,WORTHING,SD,49.0,2,Day,Clear,Main,Freight Train,10,0,40000,40000,T001,43.193263999999999,-96.440905000000001
UP,0720TO013,2020-07-14,4:50 PM,Derailment,0,EL PASO,TX,101.0,2,Day,Cloudy,Main,Freight Train,8,8588,427998,436586,T108,31.775407999999999,-106.462789
SEPA,38200,2019-12-26,2:10 PM,Other (describe in narrative),0,PHILADELPHIA,PA,48.0,2,Day,Clear,Main,EMU,20,9110,8396,17506,T404,39.955537999999997,-75.177555999999996
SEPA,SEPA022023,2023-02-20,11:55 PM,Obstruction,0,MIQUON,PA,35.0,4,Dark,Clear,Main,EMU,45,0,36672,36672,T404,40.061086000000003,-75.269109
UP,1216HO034,2016-12-18,5:25 PM,Derailment,0,HOUSTON,TX,40.0,2,Day,Clear,Yard,Yard/switching,8,2260,102014,104274,T299,29.82977,-95.288838999999996
BNSF,RD1019113,2019-10-21,5:30 PM,Derailment,0,SWEETWATER,TX,75.0,3,Dusk,Clear,Yard,,0,0,20000,1233333,T108,32.497495000000001,-100.40091099999999
SEPA,SEPA040123,2023-04-01,6:30 PM,Other (describe in narrative),0,BRYN ATHYN,PA,65.0,2,Day,Rain,Main,EMU,0,0,93345,93345,T404,40.127983,-75.020486000000005
RBMN,R12082305,2023-12-08,11:59 AM,Derailment,0,POTTSVILLE,PA,45.0,2,Day,Clear,Main,Freight Train,3,0,22392,22392,T110,40.674356000000003,-76.187468999999993
UP,0119GC021,2019-01-03,9:57 AM,Derailment,0,TROUP,TX,44.0,2,Day,Cloudy,Industry,Yard/switching,5,11225,19599,30824,T110,32.128287999999998,-95.128444000000002
BNSF,RD0218123,2018-02-24,6:45 PM,Derailment,0,DAYTON,TX,71.0,3,Dusk,Clear,Yard,Yard/switching,10,250,29498,29748,T311,30.007625999999998,-94.905686000000003
UP,0920TO005,2020-09-07,2:48 AM,Derailment,0,EL PASO,TX,77.0,4,Dark,Clear,Yard,Freight Train,7,22558,3132,25690,T319,31.743898000000002,-106.37700100000001
BNSF,NW0623109,2023-06-12,1:27 AM,Derailment,0,KLAMATH FALLS,OR,52.0,4,Dark,Clear,Yard,Freight Train,4,3000,17212,20212,T316,42.191020000000002,-121.76465899999999
NS,133849,2019-05-06,4:00 PM,Derailment,0,MCVEYTOWN,PA,70.0,3,Dusk,Clear,Main,Freight Train,37,514016,424790,938806,T001,40.511082999999999,-77.682901000000001
CIRR,CIR746315,2015-08-25,8:40 AM,Derailment,0,CEDAR SPRINGS,GA,80.0,2,Day,Clear,Yard,Freight Train,12,7470,5000,12470,T210,31.081596000000001,-85.020124999999993
UP,0718FW026,2018-07-10,6:10 PM,Derailment,0,ODESSA,TX,95.0,2,Day,Clear,Yard,Yard/switching,4,283325,23540,306865,T110,31.873131000000001,-102.311222
SEPA,SEP011521,2021-01-15,4:53 PM,Other (describe in narrative),0,PHILADELPHIA,PA,48.0,2,Day,Cloudy,Main,EMU,50,10000,5948,15948,T404,39.893335,-75.243466999999995
UP,0220GC024,2020-02-20,3:41 AM,Derailment,0,FREEPORT,TX,55.0,4,Dark,Cloudy,Industry,Yard/switching,10,79390,117264,196654,T208,29.000133999999999,-95.359611000000001
RCPE,RCP173922D,2022-08-28,10:00 PM,Derailment,0,FORT PIERRE,SD,70.0,4,Dark,Clear,Main,Freight Train,10,26710,12000,38710,T101,44.261904000000001,-100.63467799999999
ATK,180505,2024-05-31,10:00 AM,Derailment,0,MIDDLETOWN,PA,71.0,2,Day,Clear,Main,Spec. MoW Equip.,5,0,23000,23000,T199,40.170070000000003,-76.718787000000006
BNSF,SW1018112,2018-10-23,5:00 PM,Derailment,0,EL PASO,TX,75.0,3,Dusk,Clear,Yard,Yard/switching,7,15036,14000,29036,T314,31.751704,-106.489306
ATK,174294,2023-04-05,2:12 PM,Derailment,0,BENSALEM,PA,57.0,2,Day,Clear,Siding,,0,0,51127,51426,T314,40.074753999999999,-74.946764999999999
ATK,165617,2020-10-16,6:55 PM,Other (describe in narrative),0,DOWNINGTOWN,PA,51.0,3,Dusk,Rain,Main,Passenger Train - Pulling,90,18569,5346,23915,T404,39.982841000000001,-75.830209999999994
UP,0218HO010,2018-02-07,12:00 PM,Derailment,0,GALVESTON,TX,40.0,2,Day,Clear,Yard,Freight Train,3,216616,39600,256216,T207,29.292884000000001,-94.842324000000005
UP,0720TO042,2020-07-30,1:18 AM,Derailment,0,FORT WORTH,TX,81.0,4,Dark,Cloudy,Yard,Yard/switching,3,477,0,14263,T311,32.772928,-97.327910000000003
SEPA,SEPA040223,2023-04-02,6:17 AM,Other (describe in narrative),0,RADNOR,PA,45.0,1,Dawn,Cloudy,Main,EMU,0,0,27383,54766,T404,40.044787999999997,-75.359030000000004
AWRR,181209001,2018-12-09,4:00 AM,Derailment,0,AUSTIN,TX,40.0,1,Dawn,Clear,Main,Freight Train,8,42000,0,42000,T110,30.259688000000001,-97.716654000000005
NS,141788,2021-06-06,5:45 AM,Derailment,0,COLUMBIA,SC,72.0,1,Dawn,Clear,Yard,Yard/switching,6,2780,30028,32808,T207,33.985295999999998,-81.039106000000004
UP,0118LK008,2018-01-05,7:45 AM,Derailment,0,LONGVIEW,TX,30.0,2,Day,Clear,Yard,Yard/switching,7,4470,7720,12190,T111,32.495206000000003,-94.726826000000003
RCPE,RCP604220D,2020-11-10,10:24 PM,Derailment,0,HURON,SD,20.0,4,Dark,Clear,Yard,Yard/switching,6,86698,5000,91698,T207,44.371493999999998,-98.241939000000002
UP,0719HO001,2019-07-02,1:11 AM,Derailment,0,HOUSTON,TX,80.0,4,Dark,Cloudy,Main,Freight Train,3,21666,9940,31606,T001,29.72043,-95.283693999999997
SEPA,21769,2016-08-09,5:30 PM,Other (describe in narrative),0,COATESVILLE,PA,84.0,2,Day,Clear,Main,Passenger Train - Pulling,0,0,0,13287,T404,39.988720000000001,-75.806354999999996
MH,MH171201A,2017-12-01,5:10 PM,Derailment,0,HOOD RIVER,OR,41.0,3,Dusk,Cloudy,Main,Passenger Train - Pulling,12,2587,15836,18423,T110,45.680016999999999,-121.505447
ATK,169386,2022-01-04,4:58 AM,Other (describe in narrative),0,PHILADELPHIA,PA,19.0,4,Dark,Clear,Main,Passenger Train - Pulling,5,12256,4669,16925,T404,39.961213000000001,-75.183088999999995
RCPE,RCP517523D,2023-08-31,4:20 AM,Derailment,0,BUFFALO GAP,SD,60.0,4,Dark,Clear,Main,Freight Train,10,60000,55000,115000,T207,43.544448000000003,-103.271536
ATK,140629,2016-01-04,5:37 PM,Other (describe in narrative),0,CORNWELLS HEIGHTS,PA,23.0,4,Dark,Clear,Main,Passenger Train - Pulling,60,10000,6000,16000,T404,40.285313000000002,-74.800621000000007
UP,0719GC004,2019-07-03,2:50 PM,Derailment,0,CORPUS CHRISTI,TX,99.0,2,Day,Cloudy,Industry,Yard/switching,6,222995,99,223094,T111,27.815999999999999,-97.495310000000003
DL,240101,2024-01-12,9:45 AM,Derailment,0,SCRANTON,PA,40.0,2,Day,Clear,Siding,Freight Train,5,2916,110818,113734,T110,41.402926999999998,-75.635514999999998
ATK,172597,2022-11-02,4:25 AM,Other (describe in narrative),0,PENN VALLEY,PA,56.0,4,Dark,Clear,Main,Passenger Train - Pulling,110,18457,21532,39989,T404,40.181033999999997,-74.785979999999995
RCPE,RCP761115D,2015-06-23,12:00 PM,Derailment,0,RAPID CITY,SD,78.0,2,Day,Cloudy,Yard,Yard/switching,5,10000,5000,15000,T001,44.062761999999999,-103.191366
UP,0320PN021,2020-03-22,10:05 PM,Derailment,0,PORTLAND,OR,56.0,4,Dark,Cloudy,Yard,Freight Train,6,12389,5082,17471,T309,45.544407999999997,-122.687341
NS,120935,2016-06-19,1:32 PM,Derailment,0,MOUNTAIN TOP,PA,87.0,2,Day,Clear,Main,Freight Train,25,56153,0,56153,T109,41.170585000000003,-75.872958999999994
DGNO,DGN372519,2019-02-12,4:10 PM,Derailment,0,DALLAS,TX,50.0,2,Day,Clear,Yard,Freight Train,7,100000,0,100000,T111,32.761056000000004,-96.789934000000002
ATK,141700,2016-03-29,12:15 AM,Derailment,0,PHILADELPHIA,PA,50.0,4,Dark,Clear,Yard,Yard/switching,3,16082,5800,21882,T314,39.95722,-75.183104
ATK,176369,2023-09-09,9:45 AM,Other (describe in narrative),0,MOUNT JOY,PA,75.0,2,Day,Cloudy,Main,Passenger Train - Pulling,56,19152,5115,24267,T404,40.106411999999999,-76.444740999999993
RBMN,L04022401,2024-04-02,12:30 PM,Derailment,0,RANSOM,PA,42.0,2,Day,Rain,Siding,Freight Train,6,3924,10027,13951,T101,41.386181000000001,-75.799910999999994