reportingrailroadcode,accidentnumber,date,time,accidenttype,hazmatreleasedcars,station,stateabbr,temperature,visibility_code,visibility,weathercondition,tracktype,equipmenttype,trainspeed,equipmentdamagecost,trackdamagecost,totaldamagecost,primaryaccidentcausecode,latitude,longitude
UP,0724PN031,2024-07-23,9:38 PM,Derailment,0,STANFIELD,OR,90.0,4,Dark,Clear,Yard,Freight Train,7,31127,45014,77141,T315,45.787864999999996,-119.23371400000001
NS,129211,2018-04-20,11:30 AM,Derailment,0,ALTOONA,PA,50.0,2,Day,Clear,Yard,Work train,2,3807,17208,21015,T110,40.529625000000003,-78.385380999999995
NS,154913,2023-11-30,9:30 PM,Derailment,0,CONWAY,PA,20.0,4,Dark,Clear,Yard,Yard/switching,2,0,200,200,T314,40.672362,-80.251825999999994
BNSF,RD0719125,2019-07-27,5:10 PM,Derailment,0,JUSTIN,TX,95.0,3,Dusk,Clear,Yard,Freight Train,4,8206,3000,11206,T102,32.999474999999997,-97.354140000000001
UP,0118SA010,2018-01-18,6:45 PM,Derailment,0,SAN ANTONIO,TX,48.0,3,Dusk,Clear,Yard,Freight Train,7,47190,24152,71342,T207,29.374078000000001,-98.559572000000003
NBER,NBER082721,2021-08-27,2:40 PM,Derailment,0,BELLEFONTE,PA,85.0,2,Day,Clear,Yard,Freight Train,8,10000,12000,22000,T403,40.915669000000001,-77.786553999999995
BNSF,RD0419120,2019-04-15,8:45 PM,Derailment,0,JUSTIN,TX,63.0,3,Dusk,Clear,Yard,Yard/switching,9,8568,4000,12568,T102,33.000464999999998,-97.354410000000001
CVLY,04142020,2020-04-14,6:30 AM,Derailment,0,CLACKAMAS,OR,45.0,1,Dawn,Clear,Main,Freight Train,3,0,13500,13500,T110,45.251539999999999,-122.34169300000001
RCPE,RCP094919D,2019-06-26,11:40 PM,Derailment,0,NEW UNDERWOOD,SD,67.0,4,Dark,Clear,Main,Freight Train,37,118748,66000,184748,T106,44.090809,-102.835357
NS,127478,2017-11-20,7:30 AM,Derailment,0,WEST MIFFLIN,PA,34.0,1,Dawn,Cloudy,Yard,Freight Train,3,50000,60320,110320,T110,40.394334000000001,-79.870305000000002
SEPA,SEPA101223,2023-10-12,7:03 AM,Other (describe in narrative),0,PHILADELPHIA,PA,60.0,2,Day,Clear,Main,EMU,0,0,15838,15838,T404,40.041150999999999,-75.112033999999994
RVSC,RV17042,2017-11-01,4:50 PM,Derailment,0,HARLINGEN,TX,85.0,2,Day,Clear,Yard,,0,0,6076,11685,T319,26.212171999999999,-97.710768999999999
UP,1216FW008,2016-12-04,5:40 AM,Derailment,0,FORT WORTH,TX,48.0,1,Dawn,Clear,Yard,Light loco(s),5,2438,12749,15187,T112,32.711818999999998,-97.326811000000006
CSX,000175055,2018-03-07,1:15 AM,Derailment,0,GREENWOOD,SC,45.0,4,Dark,Clear,Industry,Freight Train,6,14132,754,14886,T110,34.234099000000001,-82.062067999999996
NS,136280,2019-11-22,4:14 PM,Derailment,0,ALLENTOWN,PA,27.0,3,Dusk,Clear,Yard,Light loco(s),5,67,21524,21591,T110,40.611930000000001,-75.426705999999996
UP,0117PD013,2017-01-09,6:34 PM,Derailment,0,ADAMS,OR,20.0,4,Dark,Cloudy,Main,Freight Train,23,482615,52800,535415,T199,45.700564999999997,-118.378024
NS,120074,2016-04-09,9:40 PM,Derailment,0,BETHLEHEM,PA,35.0,4,Dark,Clear,Yard,Freight Train,6,3850,0,23850,T314,40.614390999999998,-75.378473
TXPF,06232020,2020-06-23,4:10 PM,Derailment,0,MILES,TX,90.0,2,Day,Clear,Siding,Freight Train,8,24604,1695,26299,T314,31.596698,-100.180944
UP,0619ST026,2019-06-26,7:20 PM,Derailment,0,EL PASO,TX,99.0,3,Dusk,Clear,Industry,Yard/switching,4,3313,7794,11107,T111,31.765473,-106.401509
UP,0115PD021,2015-01-01,9:24 PM,Derailment,0,ALBANY,OR,27.0,4,Dark,Clear,Industry,,0,0,144482,264094,T205,44.63391,-123.095833
BNSF,TC0318114,2018-03-26,11:53 AM,Derailment,0,SIOUX FALLS,SD,33.0,2,Day,Rain,Yard,Freight Train,10,237720,170000,407720,T111,43.545807000000003,-96.718504999999993
SEPA,SEPA090121,2021-09-01,5:40 PM,Other (describe in narrative),0,DOYLESTOWN,PA,75.0,2,Day,Rain,Main,EMU,30,0,19135,19135,T404,40.298862999999997,-75.141666999999998
RCPE,RCP307723D,2023-01-27,2:30 AM,Derailment,0,CAPA,SD,22.0,4,Dark,Cloudy,Main,Freight Train,9,107107,82407,189514,T207,44.130037999999999,-100.843176
TIBR,180507006,2018-05-07,3:00 PM,Derailment,0,BON WEIR,TX,85.0,2,Day,Clear,Main,Freight Train,10,25000,64000,89000,T202,30.737033,-93.652544000000006
NS,134120,2019-05-30,1:30 AM,Derailment,0,CRESSON,PA,64.0,4,Dark,Clear,Yard,Light loco(s),3,25973,1000,26973,T314,40.461852999999998,-78.591971000000001
PNWR,PNW675215R,2015-01-01,9:24 PM,Derailment,0,ALBANY,OR,27.0,4,Dark,Clear,Main,Freight Train,5,119612,0,264094,T113,44.633674999999997,-123.096287
BNSF,RD0119103,2019-01-04,12:05 AM,Derailment,0,BROWNWOOD,TX,32.0,4,Dark,Cloudy,Yard,,0,0,8946,11445,T110,31.713995000000001,-98.967608999999996
RCPE,RCP458219,2019-08-01,3:30 AM,Derailment,0,NEW UNDERWOOD,SD,75.0,4,Dark,Fog,Main,Freight Train,35,1065159,500000,1565159,T002,44.070113999999997,-102.715467
NBER,NBER030121,2021-03-01,10:00 AM,Derailment,0,BELLEFONTE,PA,40.0,2,Day,Rain,Main,Freight Train,10,0,22504,22504,T001,40.910862999999999,-77.781994999999995
NS,120914,2016-06-17,8:45 AM,Derailment,0,WEST NORRITON,PA,77.0,2,Day,Clear,Yard,Freight Train,8,14825,3321,18146,T313,40.115085999999998,-75.395279000000002
URR,6113,2016-12-19,7:50 PM,Derailment,0,BRADDOCK,PA,15.0,4,Dark,Clear,Yard,Yard/switching,8,5478,6957,12435,T319,40.384273,-79.845231999999996
DSRC,DSRC091119,2019-09-11,4:10 PM,Derailment,0,RELIANCE,SD,81.0,2,Day,Clear,Main,Freight Train,13,300000,100000,400000,T001,43.878050000000002,-99.615830000000003
CSX,000165015,2016-12-07,11:18 PM,Derailment,0,EASTOVER,SC,41.0,4,Dark,Clear,Industry,Freight Train,5,74377,2392,76769,T205,33.867711,-80.661693999999997
BNSF,RD0521108,2021-05-07,3:11 PM,Derailment,0,TENAHA,TX,81.0,2,Day,Cloudy,Main,Freight Train,24,948052,0,1288802,T109,31.966604,-94.025621999999998
UP,0220HO014,2020-02-10,4:45 AM,Derailment,0,JERSEY VILLAGE,TX,69.0,1,Dawn,Cloudy,Industry,Freight Train,4,2124,10678,12802,T110,29.870076000000001,-95.579907000000006
BNSF,RD0618106,2018-06-09,5:55 PM,Derailment,0,EVADALE,TX,90.0,3,Dusk,Cloudy,Siding,Freight Train,5,2025,75000,77025,T110,30.348375999999998,-94.074136999999993
NS,141053,2021-03-28,10:30 AM,Derailment,0,NAZARETH,PA,52.0,2,Day,Rain,Industry,Freight Train,7,750,64272,65022,T110,40.728665999999997,-75.339601000000002
NS,156015,2024-03-12,10:00 AM,Derailment,0,EAST PETERSBURG,PA,60.0,2,Day,Clear,Industry,Freight Train,8,8000,6965,14965,T315,40.093788000000004,-76.359989999999996
NS,154975,2023-12-06,2:40 PM,Derailment,0,MILL CREEK,PA,38.0,2,Day,Clear,Industry,Freight Train,9,10055,2609,12664,T111,40.422925999999997,-77.930012000000005
UP,0219TO011,2019-02-09,2:30 PM,Derailment,0,DALLAS,TX,34.0,2,Day,Rain,Yard,Yard/switching,8,38365,126437,164802,T206,32.702178000000004,-96.742965999999996
URR,20311,2020-12-11,4:54 PM,Derailment,0,BRADDOCK,PA,56.0,3,Dusk,Clear,Industry,Yard/switching,4,13500,11776,25276,T205,40.393827999999999,-79.853989999999996
URR,21311,2021-12-22,2:01 AM,Derailment,0,BRADDOCK,PA,32.0,4,Dark,Clear,Industry,Yard/switching,4,5852,40000,45852,T110,40.394230999999998,-79.855238
UP,1020SX031,2020-10-27,11:40 PM,Derailment,0,KATY,TX,52.0,4,Dark,Clear,Industry,Yard/switching,2,55036,2532,57568,T309,29.789422999999999,-95.85633
ATK,174665,2023-04-02,6:17 AM,Other (describe in narrative),0,RADNOR,PA,45.0,1,Dawn,Cloudy,Main,,0,0,27383,54766,T404,40.044787999999997,-75.359030000000004
UP,0919PN007,2019-09-07,8:28 AM,Derailment,0,PORTLAND,OR,61.0,2,Day,Cloudy,Yard,Yard/switching,9,147454,16978,164432,T207,45.557647000000003,-122.69589999999999
UP,1120GC033,2020-11-23,5:20 PM,Derailment,0,VIDOR,TX,66.0,2,Day,Clear,Industry,Yard/switching,4,20997,4436,25433,T110,30.084018,-94.073025999999999
UP,0615PD022,2015-06-12,10:00 AM,Derailment,0,PORTLAND,OR,61.0,2,Day,Clear,Yard,Light loco(s),3,15000,2000,17000,T108,45.534115999999997,-122.673271
BNSF,RD0219132,2019-02-09,5:15 PM,Derailment,0,LONGVIEW,TX,47.0,3,Dusk,Rain,Main,Freight Train,10,3943,0,103643,T002,32.498556000000001,-94.708786000000003
CSX,000218985,2024-06-29,7:00 PM,Derailment,0,LANGHORNE,PA,80.0,3,Dusk,Clear,Yard,Freight Train,4,15542,877,16419,T314,40.199201000000002,-74.880726999999993
UP,0219TO014,2019-02-12,4:10 PM,Derailment,0,DALLAS,TX,57.0,2,Day,Clear,Yard,,0,0,87015,87015,T111,32.761569999999999,-96.790937999999997
RCPE,RCP991122D,2022-01-27,11:19 PM,Derailment,0,PHILIP,SD,22.0,4,Dark,Clear,Main,Freight Train,9,569991,979200,1549191,T401,44.034146999999997,-101.67343099999999
ATK,157398,2019-01-30,4:57 PM,Obstruction,0,STRAFFORD,PA,10.0,4,Dark,Snow,Main,Passenger Train - Pulling,70,13630,4471,18101,T499,40.044696000000002,-75.377542000000005
ATK,152240,2018-03-07,8:44 PM,Derailment,0,PHILADELPHIA,PA,35.0,4,Dark,Clear,Yard,Light loco(s),4,128664,19500,148164,T314,39.955779999999997,-75.181967999999998
UP,0618HO035,2018-06-24,6:10 PM,Derailment,0,GREGORY,TX,90.0,2,Day,Clear,Industry,Light loco(s),5,154510,330,154840,T112,27.910720000000001,-97.296951000000007
NS,134489,2019-06-24,8:15 PM,Derailment,0,SIDMAN,PA,68.0,4,Dark,Rain,Industry,Freight Train,7,205972,0,205972,T109,40.321517999999998,-78.746658999999994
UP,1017ST004,2017-10-06,1:45 PM,Derailment,0,EL PASO,TX,85.0,2,Day,Cloudy,Industry,Freight Train,4,24621,7340,31961,T206,31.690363000000001,-106.315214
UP,0319TO004,2019-03-04,4:29 PM,Derailment,0,ARLINGTON,TX,30.0,2,Day,Cloudy,Yard,Yard/switching,9,85635,15372,101007,T103,32.741703999999999,-97.077838999999997
KCS,21061201,2021-06-12,9:15 PM,Derailment,0,ROBSTOWN,TX,80.0,4,Dark,Clear,Main,Freight Train,10,2332,10046,12378,T111,27.787956999999999,-97.664366000000001
CORP,COR654914D,2014-11-17,10:20 AM,Derailment,0,OAKLAND,OR,30.0,2,Day,Clear,Main,Freight Train,15,110000,70000,180000,T207,43.414346000000002,-123.307607
BLE,1091309,2021-12-29,8:55 AM,Derailment,0,PENN HILLS,PA,42.0,2,Day,Cloudy,Yard,Freight Train,9,21336,0,29336,T110,40.494065999999997,-79.788369000000003
FWWR,20112401,2020-11-24,10:30 AM,Derailment,0,DUBLIN,TX,57.0,2,Day,Fog,Yard,Yard/switching,8,9470,12979,22449,T210,32.088666000000003,-98.336128000000002
UP,1119TO001,2019-11-02,2:18 PM,Derailment,0,DALLAS,TX,60.0,2,Day,Clear,Main,,0,0,81660,90160,T110,32.738658000000001,-96.759945999999999
RJCP,RJCP17001,2017-05-14,8:00 PM,Derailment,0,PHILIPSBURG,PA,50.0,3,Dusk,Clear,Main,Freight Train,10,23000,13900,36900,T110,40.879275999999997,-78.237488999999997
DGNO,DGN406819,2019-05-11,3:15 PM,Derailment,0,DALLAS,TX,66.0,2,Day,Clear,Yard,Yard/switching,6,40000,7500,47500,T299,32.813063,-96.896105000000006
TIBR,201130004,2020-11-30,3:00 PM,Derailment,0,BON WEIR,TX,52.0,2,Day,Clear,Main,Freight Train,6,180000,30000,210000,T202,30.736560000000001,-93.657933
CSX,000147920,2015-06-16,4:45 PM,Derailment,0,GASTON,SC,100.0,2,Day,Clear,Main,Freight Train,11,235190,44905,280095,T109,33.864037000000003,-81.093610999999996
NS,141194,2021-04-09,11:00 PM,Derailment,0,ALTOONA,PA,50.0,4,Dark,Clear,Yard,Freight Train,8,176813,44985,221798,T207,40.517785000000003,-78.395860999999996
BNSF,CH0522103,2022-05-09,4:10 AM,Derailment,0,AURORA,IL,59.0,1,Dawn,Cloudy,Industry,Light loco(s),2,155,37489,37644,T113,41.770662999999999,-88.262255999999994
RCPE,RCP358323D,2023-03-18,6:00 PM,Derailment,0,WOLSEY,SD,15.0,2,Day,Clear,Main,Freight Train,40,182000,151012,333012,T204,44.432203000000001,-98.581233999999995
SEPA,SEPA101922,2022-10-19,6:40 PM,Obstruction,0,PAOLI,PA,53.0,3,Dusk,Cloudy,Main,EMU,50,15299,0,30599,T404,40.043190000000003,-75.486931999999996
UP,0820SX009,2020-08-13,3:04 PM,Derailment,0,NEW BRAUNFELS,TX,101.0,2,Day,Clear,Main,Freight Train,27,1347755,459176,1806931,T308,29.672972000000001,-98.167563999999999
NS,133935,2019-05-14,3:15 AM,Derailment,0,READING,PA,47.0,4,Dark,Cloudy,Yard,Freight Train,6,1203,85042,86245,T110,40.345779999999998,-75.923080999999996
UP,0420TO022,2020-04-16,1:10 PM,Derailment,0,BIG SPRING,TX,74.0,2,Day,Clear,Yard,Yard/switching,5,202869,89666,292535,T101,32.257626999999999,-101.471503
NS,137247,2020-02-20,10:15 PM,Derailment,0,SAXON,SC,37.0,4,Dark,Cloudy,Yard,Freight Train,5,15000,1956,16956,T399,34.961174999999997,-81.957445000000007
RCPE,RCP523220D,2020-08-19,6:15 PM,Derailment,0,ONIDA,SD,98.0,2,Day,Clear,Main,Freight Train,7,214472,60000,274472,T103,44.716911000000003,-100.072661
WTJR,OP60619,2019-06-06,9:30 AM,Derailment,0,WICHITA FALLS,TX,80.0,2,Day,Clear,Industry,Yard/switching,5,0,50000,50000,T099,34.008054999999999,-98.555000000000007
RBMN,R04102201,2022-04-10,9:10 AM,Derailment,0,READING,PA,43.0,2,Day,Cloudy,Yard,Freight Train,4,7985,65171,73156,T101,40.400260000000003,-75.941051000000002
CORP,COR113016D,2016-10-18,7:05 AM,Derailment,0,DILLARD,OR,58.0,1,Dawn,Cloudy,Yard,Freight Train,9,8249,40676,48925,T110,43.094721999999997,-123.42527699999999
UP,0521MA033,2021-05-20,4:02 PM,Derailment,0,MEMPHIS,TN,85.0,2,Day,Clear,Yard,Light loco(s),10,500,13777,14277,T199,35.119165000000002,-90.015664000000001
BNSF,NW0215100,2015-02-03,6:00 PM,Derailment,0,KLAMATH FALLS,OR,40.0,3,Dusk,Cloudy,Industry,Yard/switching,5,14210,2000,16210,T110,42.166843999999998,-121.728804
DL,180501,2018-05-25,3:50 PM,Derailment,0,CARBONDALE,PA,89.0,2,Day,Clear,Siding,Freight Train,5,3000,21540,24540,T109,41.550789999999999,-75.524147999999997
NS,129609,2018-05-25,4:00 PM,Derailment,0,HAZLETON,PA,80.0,3,Dusk,Clear,Main,Freight Train,2,12303,506,12809,T314,0.0,0.0
ATK,142185,2016-04-30,10:08 PM,Derailment,0,PHILADELPHIA,PA,54.0,4,Dark,Clear,Yard,Passenger Train - Pushing,3,49200,11500,60700,T311,39.997357000000001,-75.154697999999996
UP,0718FW039,2018-07-23,4:59 PM,Derailment,0,RIESEL,TX,108.0,2,Day,Clear,Main,Freight Train,12,469027,136204,605231,T105,31.508002000000001,-96.949568999999997
NS,125552,2017-06-23,11:30 AM,Derailment,0,COATESVILLE,PA,84.0,2,Day,Clear,Industry,Freight Train,4,11387,2703,14090,T314,39.987802000000002,-75.812706000000006
UP,0719HO007,2019-07-09,5:00 AM,Derailment,0,CHANNELVIEW,TX,79.0,1,Dawn,Clear,Industry,Yard/switching,5,7936,2850,10786,T103,29.814053000000001,-95.115886000000003
ATK,142778,2016-06-08,11:56 AM,Other (describe in narrative),0,PHILADELPHIA,PA,68.0,2,Day,Rain,Main,Passenger Train - Pulling,60,22631,4482,27113,T404,40.001663000000001,-75.143079
XTGS,F012020,2020-01-12,10:20 AM,Derailment,0,ANAHUAC,TX,48.0,2,Day,Cloudy,Industry,Freight Train,2,0,20722,20722,T001,29.699088,-94.897498999999996
UP,0521TO025,2021-05-26,9:38 AM,Derailment,0,BIG SPRING,TX,75.0,2,Day,Cloudy,Yard,Yard/switching,6,83183,2332,85515,T111,32.251569000000003,-101.48667
UP,1220TO001,2020-12-01,11:30 AM,Derailment,0,ENNIS,TX,51.0,2,Day,Clear,Yard,Yard/switching,6,10892,4758,15650,T103,32.347228000000001,-96.640071000000006
RBMN,L08162201,2022-08-16,1:10 AM,Derailment,0,PITTSTON,PA,65.0,4,Dark,Clear,Yard,Freight Train,7,16351,8977,25328,T110,41.362436000000002,-75.803484999999995
CSX,000177066,2018-06-16,7:41 AM,Derailment,0,NORTH CHARLESTON,SC,85.0,1,Dawn,Clear,Yard,Freight Train,7,113071,9023,122094,T207,32.856969999999997,-80.022953999999999
SEPA,SEPA071622,2022-07-16,1:40 PM,Other (describe in narrative),0,PHILADELPHIA,PA,85.0,2,Day,Cloudy,Main,EMU,0,23192,0,23192,T404,40.005127000000002,-75.133672000000004
UP,0419TO037,2019-04-24,2:00 AM,Derailment,0,ODESSA,TX,54.0,4,Dark,Rain,Industry,Yard/switching,5,132125,31200,163325,T201,31.874752999999998,-102.296746
RBMN,R08172301,2023-08-17,9:15 PM,Derailment,0,TAMAQUA,PA,65.0,4,Dark,Clear,Yard,Freight Train,3,1684,15174,16858,T110,40.781042999999997,-75.961357000000007
NS,124440,2017-03-23,8:25 AM,Derailment,0,MARYSVILLE,PA,26.0,2,Day,Clear,Yard,Freight Train,7,17794,134411,152205,T110,40.323740999999998,-76.893298000000001
KCS,20032602,2020-03-26,10:30 PM,Derailment,0,KENDLETON,TX,80.0,4,Dark,Clear,Main,Freight Train,8,3776,10429,14205,T001,29.447040999999999,-96.001529000000005
UP,0920SX001,2020-09-01,3:41 PM,Derailment,0,LAREDO,TX,99.0,2,Day,Clear,Main,Freight Train,19,141559,267734,409293,T108,27.669632,-99.469060999999996
UP,0319SX002,2019-03-06,6:05 AM,Derailment,0,SAN ANTONIO,TX,36.0,1,Dawn,Cloudy,Yard,Freight Train,9,12175,764,12939,T207,29.370881000000001,-98.562107999999995
CSX,000212930,2023-07-17,4:50 AM,Derailment,0,LAFAYETTE HILL,PA,74.0,1,Dawn,Fog,Main,Freight Train,27,840337,0,1023138,T002,40.108406000000002,-75.252342999999996
NS,152141,2023-01-30,11:00 PM,Derailment,0,NORTHUMBERLAND,PA,34.0,4,Dark,Rain,Yard,Yard/switching,6,88500,3294,91794,T207,40.899890999999997,-76.821003000000005
SEPA,SEPA022723,2023-02-27,9:47 PM,Other (describe in narrative),0,CHALFONT,PA,35.0,4,Dark,Rain,Main,EMU,0,0,16564,16564,T404,40.287802999999997,-75.207959000000002
CPDR,CPF937022,2022-03-28,1:20 PM,Derailment,0,SIMPSONVILLE,SC,65.0,2,Day,Clear,Industry,Freight Train,5,7000,11000,18000,T110,34.713808,-82.236925999999997
SEPA,SEPA101823,2023-10-18,6:29 PM,Other (describe in narrative),0,PHILADELPHIA,PA,60.0,4,Dark,Clear,Main,EMU,0,0,18123,18123,T404,40.043295999999998,-75.248594999999995
BNSF,KS0419101,2019-04-06,1:30 AM,Derailment,0,AMARILLO,TX,48.0,4,Dark,Clear,Yard,Freight Train,5,29290,25000,54290,T315,35.200915999999999,-101.828598
UP,0617FW009,2017-06-08,12:40 AM,Derailment,0,PECOS,TX,74.0,4,Dark,Clear,Industry,Freight Train,5,83510,1292,159802,T113,31.425017,-103.504198
CSX,000171662,2017-09-14,11:44 PM,Derailment,0,LAURENS,SC,70.0,4,Dark,Clear,Yard,Freight Train,6,81219,0,120847,T210,34.498176999999998,-82.010535000000004
LVRX,180901,2018-09-06,10:30 AM,Derailment,0,BETHLEHEM,PA,85.0,2,Day,Clear,Yard,Yard/switching,8,15000,25000,40000,T110,40.619222000000001,-75.346500000000006
WE,160089,2016-11-19,12:05 AM,Derailment,0,MONESSEN,PA,48.0,4,Dark,Clear,Industry,Freight Train,5,280,14099,14379,T110,40.135285000000003,-79.866352000000006
RBMN,L01172402,2024-01-17,6:10 PM,Derailment,0,PITTSTON,PA,11.0,3,Dusk,Clear,Main,Freight Train,10,18990,27562,46552,T314,41.344904999999997,-75.787896000000003
DGNO,DGN883718,2018-12-12,11:15 PM,Derailment,0,DALLAS,TX,60.0,4,Dark,Cloudy,Yard,Freight Train,3,2500,429392,431892,T110,32.760554999999997,-96.786947999999995
UP,0418HO034,2018-04-26,1:36 AM,Derailment,0,WOODSBORO,TX,65.0,4,Dark,Cloudy,Siding,,0,0,244373,334875,T207,28.241736,-97.329762000000002
PTRA,2018000006,2018-01-29,2:08 PM,Derailment,0,CHANNELVIEW,TX,65.0,2,Day,Clear,Industry,Freight Train,5,100000,0,145000,T110,29.747174999999999,-95.117206999999993
TN,02,2018-02-08,2:58 PM,Derailment,0,LONE STAR,TX,50.0,2,Day,Cloudy,Industry,Yard/switching,6,3000,14494,17494,T111,32.928297000000001,-94.706961000000007
SEPA,SEPA111620,2020-11-16,12:10 PM,Other (describe in narrative),0,PHILADELPHIA,PA,54.0,2,Day,Clear,Main,EMU,30,5430,24299,29729,T404,39.927452000000002,-75.223471000000004
DL,171001,2017-10-27,3:57 PM,Derailment,0,DICKSON CITY,PA,65.0,2,Day,Clear,Main,Freight Train,10,273256,169685,442941,T110,41.446596999999997,-75.642555999999999
UP,0520HO003,2020-05-06,2:57 AM,Derailment,0,HOUSTON,TX,72.0,4,Dark,Cloudy,Yard,Freight Train,10,800,0,74420,T202,29.771491000000001,-95.290385000000001
UP,0724PN031,2024-07-23,9:38 PM,Derailment,0,STANFIELD,OR,90.0,4,Dark,Clear,Yard,Yard/switching,4,1000,0,77141,T315,45.787864999999996,-119.23371400000001
UP,0221HO021,2021-02-12,5:00 AM,Derailment,0,SPRING,TX,31.0,1,Dawn,Rain,Yard,Cut of cars,0,7644,0,243330,T207,30.060320999999998,-95.411895999999999
RBMN,L09202301,2023-09-20,3:25 PM,Derailment,0,DURYEA,PA,71.0,2,Day,Clear,Yard,Freight Train,7,4913,20598,25511,T311,41.362605000000002,-75.803470000000004
KRR,KRR620820,2020-06-23,11:16 PM,Derailment,0,ARTHUR CITY,TX,72.0,4,Dark,Clear,Main,Freight Train,9,160000,13905,173905,T110,33.861215000000001,-95.509206000000006
UP,0217SA007,2017-02-03,8:55 PM,Derailment,0,HEARNE,TX,51.0,4,Dark,Clear,Main,Freight Train,19,667252,172036,1004206,T205,30.869682999999998,-96.585432999999995
NS,155120,2023-12-20,3:10 AM,Derailment,0,ALTOONA,PA,20.0,4,Dark,Clear,Yard,Freight Train,6,350318,38656,388974,T207,40.542031999999999,-78.375782999999998
RCPE,RCP393723D,2023-04-23,10:00 AM,Derailment,0,CAPA,SD,36.0,2,Day,Cloudy,Main,Freight Train,8,60000,51378,111378,T207,44.111356999999998,-100.960202
UP,0119TO001,2019-01-03,12:15 PM,Derailment,0,HEWITT,TX,35.0,2,Day,Cloudy,Industry,Yard/switching,10,21200,4410,25610,T106,31.502122,-97.197997999999998
RBMN,L06191601,2016-06-19,1:32 PM,Derailment,0,MOUNTAIN TOP,PA,87.0,2,Day,Clear,Main,,0,0,0,56153,T109,41.170585000000003,-75.872958999999994
WE,180043,2018-04-10,8:35 AM,Derailment,0,CLAIRTON,PA,40.0,2,Day,Clear,Yard,Freight Train,6,1766,86566,88332,T110,40.297483,-79.897253000000006
IC,1044543,2020-08-11,11:40 PM,Derailment,0,MEMPHIS,TN,73.0,4,Dark,Clear,Industry,Yard/switching,9,35328,10000,45328,T309,35.269213999999998,-89.968451000000002
UP,0917HO008,2017-09-14,8:15 AM,Derailment,0,HOUSTON,TX,76.0,2,Day,Clear,Yard,Freight Train,2,18870,745,19615,T303,29.810644,-95.290360000000007
UP,0217SA007,2017-02-03,8:55 PM,Derailment,0,HEARNE,TX,51.0,4,Dark,Clear,Main,Freight Train,1,164918,0,1004206,T205,30.869682999999998,-96.585432999999995
DL,210701,2021-07-07,4:40 PM,Derailment,0,SCRANTON,PA,89.0,2,Day,Cloudy,Yard,Freight Train,7,50500,29198,79698,T314,41.410086999999997,-75.672220999999993
DMVW,DE42920,2020-04-29,8:30 AM,Derailment,0,AMHERST,SD,60.0,2,Day,Clear,Main,Freight Train,10,228706,22987,251693,T001,45.720630999999997,-97.942695999999998
WE,200077,2020-10-03,1:30 AM,Derailment,0,CLAIRTON,PA,45.0,4,Dark,Clear,Yard,Yard/switching,10,600,11698,12298,T110,40.292292000000003,-79.881715
BNSF,RD1019118,2019-10-26,8:53 AM,Derailment,0,BEAUMONT,TX,60.0,1,Dawn,Cloudy,Industry,Freight Train,10,80176,0,449058,T108,30.076884,-94.111770000000007
UP,1214PD008,2014-12-09,9:14 AM,Derailment,0,PORTLAND,OR,50.0,2,Day,Rain,Yard,Freight Train,9,163830,77835,241665,T204,45.615136999999997,-122.763318
UP,0418HO008,2018-04-10,10:45 AM,Derailment,0,HOUSTON,TX,65.0,2,Day,Clear,Yard,Yard/switching,4,33743,45984,79727,T319,29.812071,-95.288545999999997
NS,137381,2020-03-04,6:20 AM,Derailment,0,CONWAY,PA,46.0,1,Dawn,Cloudy,Yard,Freight Train,5,350,13660,14010,T110,40.672356000000001,-80.251823000000002
CSX,000199128,2021-07-27,11:30 AM,Derailment,0,MEMPHIS,TN,91.0,2,Day,Clear,Yard,Freight Train,8,128079,0,276579,T205,35.126899999999999,-89.925299999999993
RBMN,L08222304,2023-08-22,7:50 PM,Derailment,0,PLAINS,PA,78.0,3,Dusk,Clear,Main,Freight Train,30,24745,48818,73563,T101,41.262047000000003,-75.787678999999997
SEPA,SEPA060924,2024-06-09,10:20 AM,Other (describe in narrative),0,ELWYN,PA,80.0,2,Day,Clear,Main,EMU,0,0,81675,81675,T404,39.893810000000002,-75.44529
RBMN,R07202202,2022-07-20,1:15 PM,Derailment,0,WEST HAZLETON,PA,90.0,2,Day,Clear,Siding,Freight Train,6,46516,68598,115114,T110,40.917434,-76.087776000000005
UP,0916SA016,2016-09-25,5:20 PM,Derailment,0,CLINE,TX,75.0,3,Dusk,Clear,Industry,Freight Train,4,71765,766,72531,T402,29.176220000000001,-100.032392
EBRR,110414,2014-11-04,3:30 PM,Derailment,0,BAYTOWN,TX,82.0,2,Day,Cloudy,Yard,Yard/switching,4,0,10663,10663,T113,29.718399999999999,-94.923978000000005
UP,0722HO002,2022-07-02,5:00 AM,Derailment,0,BAYTOWN,TX,77.0,1,Dawn,Cloudy,Industry,Freight Train,9,93303,11935,105238,T202,29.796281,-94.903047999999998