reportingrailroadcode,accidentnumber,date,time,accidenttype,hazmatreleasedcars,station,stateabbr,temperature,visibility_code,visibility,weathercondition,tracktype,equipmenttype,trainspeed,equipmentdamagecost,trackdamagecost,totaldamagecost,primaryaccidentcausecode,latitude,longitude
BNSF,GC1115101,2015-11-03,8:30 AM,Derailment,0,BROWNWOOD,TX,75.0,2,Day,Clear,Yard,,0,0,30400,30400,T111,31.713844999999999,-98.967472999999998
UP,0323HO026,2023-03-28,5:00 PM,Derailment,0,HOUSTON,TX,76.0,2,Day,Clear,Industry,Freight Train,6,2311,13860,16171,T110,29.857662000000001,-95.112078999999994
UP,1014SA016,2014-10-26,6:33 AM,Derailment,0,LEMING,TX,55.0,1,Dawn,Cloudy,Main,Freight Train,39,1904391,92657,1997048,T207,29.119644000000001,-98.492851000000002
UP,0115UT001,2015-01-02,5:29 PM,Derailment,0,OGDEN,UT,26.0,2,Day,Clear,Yard,Freight Train,8,278,115641,115919,T207,41.199843999999999,-111.986327
UP,1220RM024,2020-12-27,6:32 AM,Derailment,0,SALT LAKE CITY,UT,31.0,1,Dawn,Clear,Yard,Yard/switching,10,20732,28856,49588,T202,40.718102999999999,-111.910487
UP,0315HO039,2015-03-14,2:20 PM,Derailment,0,GALENA PARK,TX,70.0,2,Day,Clear,Industry,Freight Train,5,1800,10680,12480,T205,29.730194999999998,-95.240443999999997
KCS,21091701,2021-09-17,7:15 PM,Derailment,0,ROBSTOWN,TX,90.0,3,Dusk,Clear,Siding,Freight Train,8,69775,15259,103500,T303,27.787144000000001,-97.662583999999995
TXPF,08092017,2017-08-09,10:59 PM,Derailment,0,MILES,TX,78.0,4,Dark,Clear,Main,Freight Train,24,312485,120000,432485,T207,31.608506999999999,-100.149657
DGNO,TNE980616D,2016-05-24,12:05 PM,Derailment,0,HOOKS,TX,87.0,2,Day,Cloudy,Yard,Freight Train,7,18000,62800,80800,T103,33.463194999999999,-94.239250999999996
UP,0118UT045,2018-01-29,12:10 AM,Derailment,0,SALT LAKE CITY,UT,28.0,4,Dark,Clear,Industry,Yard/switching,4,39363,0,54363,T314,40.751503999999997,-111.908947
UP,0124HO015,2024-01-14,8:15 AM,Derailment,0,BAYTOWN,TX,45.0,2,Day,Clear,Yard,Freight Train,7,27527,16050,43577,T112,29.776365999999999,-94.898939999999996
UP,0220RM022,2020-02-17,8:00 AM,Derailment,0,OGDEN,UT,30.0,2,Day,Cloudy,Yard,Freight Train,3,41862,57823,99685,T205,41.203017000000003,-111.985113
PTRA,2017000019,2017-06-07,12:30 PM,Derailment,0,DEER PARK,TX,85.0,2,Day,Clear,Industry,Freight Train,8,32000,9000,41000,T111,29.737255999999999,-95.092395999999994
UP,0520HO024,2020-05-27,7:43 PM,Derailment,0,HOUSTON,TX,69.0,3,Dusk,Cloudy,Industry,Yard/switching,7,15915,414,16329,T205,29.762402000000002,-95.302447000000001
UP,0717SA019,2017-07-23,5:00 PM,Derailment,0,SAN ANTONIO,TX,97.0,2,Day,Clear,Main,Freight Train,21,1013031,77852,1090883,T102,29.345105,-98.457982000000001
GVSR,GVS079222,2022-12-30,10:30 AM,Derailment,0,GALVESTON,TX,68.0,2,Day,Clear,Industry,Freight Train,3,34542,94991,129533,T210,29.304400999999999,-94.811088999999996
UP,1215FW017,2015-12-27,6:30 AM,Derailment,0,MONAHANS,TX,25.0,4,Dark,Snow,Yard,Freight Train,5,18850,1655,20505,T310,31.592468,-102.902556
KCS,18090404,2018-09-04,3:54 PM,Derailment,0,GARLAND,TX,88.0,2,Day,Clear,Industry,Yard/switching,5,17968,2300,20268,T199,32.878377,-96.686103000000003
UP,0115FW014,2015-01-11,6:25 PM,Derailment,0,MESQUITE,TX,35.0,4,Dark,Rain,Industry,Yard/switching,3,4060,10990,15050,T199,32.776206000000002,-96.698753999999994
TCT,580315,2023-09-14,11:45 AM,Derailment,0,TEXAS CITY,TX,80.0,2,Day,Cloudy,Yard,,0,0,100000,261060,T314,29.351994000000001,-94.939183
TXPF,12192016,2016-12-19,6:05 PM,Derailment,0,FORT STOCKTON,TX,37.0,3,Dusk,Clear,Yard,Freight Train,5,138938,8929,147867,T110,30.902822,-102.869027
BNSF,RD0916108,2016-09-22,4:22 AM,Derailment,0,HOUSTON,TX,81.0,1,Dawn,Clear,Yard,Yard/switching,8,37675,38000,75675,T311,29.709192000000002,-95.331068999999999
UP,0515HO004,2015-05-03,12:30 AM,Derailment,0,DAYTON,TX,80.0,4,Dark,Clear,Yard,Freight Train,4,22790,0,22790,T102,30.004833000000001,-94.903778000000003
DGNO,DGN023722,2022-09-12,8:50 AM,Derailment,0,DALLAS,TX,72.0,2,Day,Clear,Industry,Yard/switching,4,27500,30000,57500,T110,32.863191,-96.876988999999995
BNSF,KS1215107,2015-12-17,7:45 AM,Derailment,0,AMARILLO,TX,20.0,1,Dawn,Clear,Yard,Yard/switching,10,20709,1500,22209,T113,35.194025000000003,-101.828599
UP,0723SX006,2023-07-08,3:00 PM,Derailment,0,MULDOON,TX,97.0,2,Day,Cloudy,Main,Freight Train,28,107761,764522,872283,T109,29.846076,-97.046612999999994
UP,0419RM030,2019-04-20,6:59 PM,Derailment,0,HELPER,UT,55.0,3,Dusk,Cloudy,Industry,Freight Train,10,286840,35450,322290,T202,39.697279000000002,-111.156139
UP,0324HO018,2024-03-17,10:30 AM,Derailment,0,EAGLE LAKE,TX,68.0,2,Day,Cloudy,Yard,Freight Train,10,20944,38441,59385,T111,29.609013000000001,-96.354377999999997
BNSF,RD0120116,2020-01-24,11:29 AM,Derailment,0,SAGINAW,TX,50.0,2,Day,Clear,Industry,Freight Train,4,31069,0,31069,T111,32.835527999999996,-97.359656999999999
UP,1122RM003,2022-11-04,1:50 AM,Derailment,0,RIVERDALE,UT,30.0,4,Dark,Cloudy,Yard,Yard/switching,6,15170,55974,71144,T207,41.167555999999998,-111.99465600000001
UP,1019RM003,2019-10-03,11:15 AM,Derailment,0,HARRISVILLE,UT,48.0,2,Day,Clear,Industry,Light loco(s),8,18991,7740,26731,T110,41.29945,-112.00558599999999
BNSF,TX1114106,2014-11-18,3:45 PM,Derailment,0,SAGINAW,TX,48.0,2,Day,Clear,Industry,Yard/switching,4,2776,8500,11276,T110,32.848787999999999,-97.352907000000002
UP,0523TO012,2023-05-09,12:30 PM,Derailment,0,EL PASO,TX,84.0,2,Day,Clear,Industry,Yard/switching,3,19214,268993,288207,T206,31.770327999999999,-106.38655
UP,0515SA008,2015-05-15,2:18 AM,Derailment,0,PLEASANTON,TX,65.0,4,Dark,Cloudy,Main,Freight Train,37,1437445,38460,1475905,T102,28.999669000000001,-98.478718999999998
BNSF,RD0124104,2024-01-06,7:45 AM,Derailment,0,SEALY,TX,51.0,1,Dawn,Clear,Main,,0,0,294087,537280,T110,29.782817000000001,-96.159378000000004
UP,1214HO047,2014-12-21,9:30 AM,Derailment,0,GREGORY,TX,55.0,2,Day,Cloudy,Industry,Freight Train,4,32961,21999,54960,T110,27.920760000000001,-97.287803999999994
UP,0618HO007,2018-06-04,11:38 PM,Derailment,0,LA PORTE,TX,79.0,4,Dark,Cloudy,Siding,Freight Train,6,7896,5010,12906,T309,29.684709000000002,-95.029880000000006
BNSF,GC0716116,2016-07-30,1:45 AM,Derailment,0,LONGVIEW,TX,80.0,4,Dark,Clear,Siding,Freight Train,3,143272,8000,151272,T111,32.489432000000001,-94.710511999999994
UP,0624RM022,2024-06-26,11:30 AM,Derailment,0,LINDON,UT,91.0,2,Day,Clear,Industry,Freight Train,7,4143,169420,173563,T110,40.332793000000002,-111.73824399999999
DGNO,TNE048122,2022-10-26,7:45 AM,Derailment,0,DENISON,TX,44.0,1,Dawn,Clear,Yard,Yard/switching,6,10000,42383,52383,T110,33.754407999999998,-96.534238000000002
TXPF,08102016,2016-08-10,5:00 PM,Derailment,0,VALERA,TX,100.0,2,Day,Clear,Main,Freight Train,21,250000,450000,700000,T204,31.754245999999998,-99.495093999999995
UP,0616SA018,2016-06-21,7:05 AM,Derailment,0,WEST POINT,TX,84.0,1,Dawn,Clear,Main,Freight Train,22,6034,66926,72960,T106,29.955161,-97.046192000000005
UP,0522TO040,2022-05-22,12:50 AM,Derailment,0,EL PASO,TX,74.0,4,Dark,Clear,Industry,Yard/switching,5,7698,10210,50134,T205,31.765276,-106.402007
KCS,15011502,2015-01-15,3:45 PM,Derailment,0,CORPUS CHRISTI,TX,52.0,2,Day,Clear,Yard,Freight Train,5,1581,27853,29434,T110,27.810040000000001,-97.456299999999999
BNSF,GC1215102,2015-12-02,10:45 PM,Derailment,0,BROWNWOOD,TX,39.0,4,Dark,Cloudy,Yard,,0,0,5000,12971,T110,31.71687,-98.972502000000006
UP,0323HO006,2023-03-04,10:15 PM,Derailment,0,BAYTOWN,TX,58.0,4,Dark,Clear,Yard,Freight Train,10,5159,51218,56377,T102,29.794854999999998,-94.902758000000006
UP,0416HO005,2016-04-03,1:40 AM,Derailment,0,HOUSTON,TX,60.0,4,Dark,Cloudy,Yard,Light loco(s),6,11430,632,12062,T314,29.789739999999998,-95.299125000000004
UP,0615HO049,2015-06-26,12:01 PM,Derailment,0,HOUSTON,TX,95.0,2,Day,Clear,Yard,Freight Train,3,14128,20483,34611,T108,29.821034999999998,-95.352254000000002
UP,1016LV008,2016-10-13,3:45 PM,Derailment,0,PORT ARTHUR,TX,85.0,2,Day,Cloudy,Industry,Freight Train,4,5230,10230,15460,T110,29.863644000000001,-94.001547000000002
UP,0223TO003,2023-02-01,9:30 AM,Derailment,0,FORT WORTH,TX,28.0,2,Day,Rain,Yard,Yard/switching,5,63048,1210,64258,T207,32.724063000000001,-97.375632999999993
UP,0815HO025,2015-08-16,6:00 PM,Derailment,0,ROBSTOWN,TX,87.0,2,Day,Clear,Industry,Freight Train,6,75777,82113,157890,T110,27.760921,-97.683743000000007
UP,0316LK010,2016-03-16,3:20 PM,Derailment,0,LONGVIEW,TX,75.0,2,Day,Clear,Industry,Yard/switching,3,250,18000,18250,T102,32.503309999999999,-94.819497999999996
UP,0822SX009,2022-08-15,3:00 PM,Derailment,0,SAN ANTONIO,TX,88.0,2,Day,Cloudy,Yard,Yard/switching,4,79918,5514,85432,T106,29.436038,-98.465834000000001
WATX,220731001,2022-07-31,10:45 AM,Derailment,0,GALENA PARK,TX,93.0,2,Day,Clear,Industry,Yard/switching,5,38500,12500,51000,T210,29.730160000000001,-95.225930000000005
BNSF,GC0115110,2015-01-27,10:55 PM,Derailment,0,COLEMAN,TX,50.0,4,Dark,Clear,Yard,,0,0,5000,52091,T202,31.775404000000002,-99.367125999999999
BNSF,TX1014111,2014-10-28,1:15 PM,Derailment,0,ESTELLINE,TX,75.0,2,Day,Clear,Main,Freight Train,22,1000708,471426,1472134,T499,34.559185999999997,-100.437506
TXNW,TXNW210505,2021-05-05,9:00 PM,Derailment,0,SUNRAY,TX,55.0,3,Dusk,Clear,Yard,Freight Train,3,0,40000,40000,T111,36.006478999999999,-101.88577100000001
UP,0115FW023,2015-01-15,10:15 PM,Derailment,0,DALLAS,TX,40.0,4,Dark,Clear,Yard,Yard/switching,4,19680,2184,21864,T204,32.708686,-96.746695000000003
EBRR,102214,2014-10-22,3:05 PM,Derailment,0,BAYTOWN,TX,81.0,2,Day,Clear,Yard,Yard/switching,6,0,17064,17064,T113,29.718399999999999,-94.923978000000005
UP,0624RM006,2024-06-05,9:45 PM,Derailment,0,DELTA,UT,83.0,4,Dark,Clear,Industry,Yard/switching,5,223989,0,223989,T299,39.511811000000002,-112.59209799999999
UP,0623TO018,2023-06-18,5:21 PM,Derailment,0,TRINIDAD,TX,96.0,2,Day,Clear,Main,Freight Train,38,1568622,280253,1848875,T109,32.141216,-96.097177000000002
UP,0115ST006,2015-01-14,5:00 AM,Derailment,0,EL PASO,TX,40.0,1,Dawn,Cloudy,Yard,Freight Train,8,278,56330,56608,T314,31.752846000000002,-106.38733999999999
DGNO,DGN966422,2022-05-22,5:30 PM,Derailment,0,DALLAS,TX,65.0,2,Day,Clear,Yard,Yard/switching,10,30000,600,30600,T101,32.7744,-96.875563
BNSF,KS0418106,2018-04-07,12:01 AM,Derailment,0,FRIONA,TX,27.0,4,Dark,Clear,Siding,Freight Train,23,4800,102589,107389,T207,34.687592000000002,-102.601088
UP,0116HO007,2016-01-01,10:00 PM,Derailment,0,DAYTON,TX,48.0,4,Dark,Clear,Main,,0,0,424905,602657,T108,30.036072999999998,-94.903167999999994
UP,1018UT015,2018-10-11,4:45 PM,Derailment,0,OGDEN,UT,54.0,2,Day,Clear,Yard,Freight Train,9,41355,54970,96325,T110,41.207348000000003,-111.984219
UP,0815FW015,2015-08-12,10:30 AM,Derailment,0,FORT WORTH,TX,90.0,2,Day,Clear,Yard,Light loco(s),10,23353,8350,31703,T403,32.726101999999997,-97.369320999999999
BNSF,RD0923110,2023-09-07,5:44 PM,Derailment,0,EMHOUSE,TX,103.0,3,Dusk,Clear,Main,Freight Train,33,502121,160000,662121,T109,32.171840000000003,-96.582870999999997
KCS,15012301,2015-01-23,3:45 PM,Derailment,0,CORPUS CHRISTI,TX,52.0,2,Day,Clear,Yard,Yard/switching,5,1250,12966,14216,T001,27.862380999999999,-97.616771999999997
BNSF,RD0923134,2023-09-21,3:43 PM,Derailment,0,ALVIN,TX,90.0,2,Day,Clear,Siding,,0,0,601922,775462,T108,29.402265,-95.177423000000005
UP,0320TO019,2020-03-17,1:19 PM,Derailment,0,TERRELL,TX,65.0,2,Day,Cloudy,Industry,Yard/switching,5,38514,2400,40914,T110,32.729802999999997,-96.330403000000004
UP,0716HO038,2016-07-22,7:30 AM,Derailment,0,HARLINGEN,TX,90.0,2,Day,Cloudy,Main,Freight Train,9,41000,10140,51140,T202,25.918626,-97.520420999999999
UP,0615FW016,2015-06-12,6:15 PM,Derailment,0,KOSSE,TX,82.0,2,Day,Cloudy,Siding,Freight Train,25,445606,139535,585141,T108,31.303864000000001,-96.630266000000006
BNSF,GC0915103,2015-09-19,10:15 PM,Derailment,0,DAYTON,TX,80.0,4,Dark,Clear,Yard,Yard/switching,0,13100,0,219565,T309,30.013853999999998,-94.902518999999998
TESR,LSER91820D,2020-09-18,2:35 PM,Derailment,0,PALESTINE,TX,71.0,2,Day,Clear,Main,Passenger Train - Pulling,22,47318,39360,86678,T110,31.762042000000001,-95.416532000000004
UP,1116SA011,2016-11-19,7:55 PM,Derailment,0,LAREDO,TX,60.0,4,Dark,Clear,Yard,Freight Train,8,25555,4949,30504,T102,27.664559000000001,-99.463138000000001
KCS,17060704,2017-06-07,7:15 PM,Derailment,0,PORT ARTHUR,TX,84.0,2,Day,Clear,Yard,Cut of cars,0,0,0,826620,T201,29.855924999999999,-93.947066000000007
BNSF,RD0916111,2016-09-21,1:26 PM,Derailment,0,ROSENBERG,TX,88.0,2,Day,Clear,Main,Freight Train,17,29000,32000,61000,T311,29.560645999999998,-95.813151000000005
BNSF,KS0922110,2022-09-26,7:40 AM,Derailment,0,HEREFORD,TX,75.0,1,Dawn,Clear,Industry,Freight Train,5,193334,75000,268334,T111,34.830801000000001,-102.36265
UP,1016FW015,2016-10-19,3:50 AM,Derailment,0,FORT WORTH,TX,74.0,4,Dark,Cloudy,Yard,Yard/switching,3,26972,10334,37306,T207,32.724578999999999,-97.344223
UP,1014UT011,2014-10-29,1:05 PM,Derailment,0,PROVO,UT,85.0,2,Day,Clear,Yard,Freight Train,4,6492,10796,17288,T199,40.211571999999997,-111.64308
UP,0923HO024,2023-09-14,11:45 AM,Derailment,0,TEXAS CITY,TX,80.0,2,Day,Cloudy,Yard,Freight Train,6,161060,0,261060,T314,29.351994000000001,-94.939183
UP,1220HO017,2020-12-22,8:16 PM,Derailment,0,GALENA PARK,TX,62.0,4,Dark,Cloudy,Industry,Yard/switching,4,10363,890,11253,T205,29.727323999999999,-95.234998000000004
DGNO,TNE281117D,2017-04-25,2:55 PM,Derailment,0,SHERMAN,TX,72.0,2,Day,Cloudy,Yard,Freight Train,4,10000,5000,15000,T110,33.641114000000002,-96.603887
UP,1021HO027,2021-10-31,4:35 PM,Derailment,0,HOUSTON,TX,79.0,2,Day,Clear,Yard,Single Car,5,19,0,15479,T303,29.798618000000001,-95.288070000000005
UP,1215SA006,2015-12-04,12:11 AM,Derailment,0,SAN ANTONIO,TX,41.0,4,Dark,Clear,Main,Freight Train,29,254157,142789,396946,T207,29.366250999999998,-98.469834000000006
UP,0415FW022,2015-04-30,12:15 PM,Derailment,0,ROANOKE,TX,78.0,2,Day,Clear,Industry,Freight Train,4,40271,2470,42741,T206,33.002017000000002,-97.229067000000001
UP,0816HO052,2016-08-26,1:00 PM,Derailment,0,SPRING,TX,90.0,2,Day,Clear,Yard,Single Car,0,2056,0,384191,T111,30.061778,-95.412593000000001
UP,1223HO006,2023-12-05,10:30 PM,Derailment,0,LA PORTE,TX,50.0,4,Dark,Clear,Yard,Yard/switching,4,13430,600,14030,T202,29.639534000000001,-95.062208999999996
BNSF,TX0715107,2015-07-26,3:17 PM,Derailment,0,MANSFIELD,TX,101.0,2,Day,Clear,Main,Freight Train,30,1265886,0,1593656,T109,32.549464,-97.066845999999998
BNSF,RD1222117,2022-12-15,3:37 PM,Derailment,0,SHERMAN,TX,50.0,2,Day,Clear,Industry,Freight Train,7,9339,3000,12339,T110,33.591664000000002,-96.615301000000002
BNSF,GC0615115,2015-06-24,1:22 PM,Derailment,0,HOUSTON,TX,92.0,2,Day,Clear,Yard,Freight Train,5,25735,0,59121,T205,29.739543000000001,-95.312197999999995
UP,0615UT010,2015-06-29,2:40 PM,Derailment,0,HELPER,UT,90.0,2,Day,Cloudy,Yard,Freight Train,1,18597,500,19097,T199,39.678815,-110.856022
BNSF,RD1117102,2017-11-03,9:45 PM,Derailment,0,DAYTON,TX,72.0,4,Dark,Clear,Yard,Yard/switching,7,750,73800,74550,T001,30.006323999999999,-94.906578999999994
UP,1116HO020,2016-11-20,6:00 AM,Derailment,0,HOUSTON,TX,38.0,4,Dark,Clear,Yard,Yard/switching,7,75378,17994,93372,T314,29.817381999999998,-95.289412999999996
UP,0618HO001,2018-06-01,12:58 PM,Derailment,0,CROCKETT,TX,89.0,2,Day,Clear,Industry,Freight Train,5,9827,8470,18297,T102,31.362544,-95.476703000000001
BNSF,RD0524108,2024-05-07,6:02 PM,Derailment,0,VALLEY MILLS,TX,88.0,3,Dusk,Clear,Main,Freight Train,6,302826,218156,520982,T001,31.696159999999999,-97.533001999999996
UP,0616LV004,2016-06-06,2:15 PM,Derailment,0,MAURICEVILLE,TX,92.0,2,Day,Clear,Industry,Freight Train,6,62853,3786,66639,T110,30.198499000000002,-93.866251000000005
UP,1214FW023,2014-12-21,4:50 PM,Derailment,0,MESQUITE,TX,45.0,2,Day,Clear,Yard,Freight Train,4,8406,4155,12561,T110,32.776494,-96.664985999999999
UP,0716HO048,2016-07-29,3:10 PM,Derailment,0,CORPUS CHRISTI,TX,90.0,2,Day,Clear,Yard,Light loco(s),0,0,0,49030,T319,27.840446,-97.520245000000003
UP,0317FW008,2017-03-08,5:25 AM,Derailment,0,BIG SPRING,TX,50.0,4,Dark,Clear,Yard,Yard/switching,3,1705,26319,28024,T207,32.250326999999999,-101.489746
UP,0618HO025,2018-06-18,10:50 PM,Derailment,0,OLD OCEAN,TX,82.0,4,Dark,Rain,Industry,Freight Train,6,18786,150,18936,T113,29.033318999999999,-95.754373000000001
BNSF,RD0917125,2017-09-29,1:00 PM,Derailment,0,IRVING,TX,80.0,2,Day,Cloudy,Industry,Freight Train,7,115995,5000,120995,T110,32.887599000000002,-96.912881999999996
BNSF,RD1122114,2022-11-14,7:30 AM,Derailment,0,DAYTON,TX,55.0,1,Dawn,Clear,Yard,Yard/switching,10,20478,6500,26978,T001,29.997081999999999,-94.907409999999999
BNSF,GC0316110,2016-03-11,3:05 AM,Derailment,0,TEMPLE,TX,61.0,4,Dark,Rain,Yard,Freight Train,5,26050,8580,34630,T403,31.095552999999999,-97.348152999999996
UP,0916HO010,2016-09-05,4:50 AM,Derailment,0,HOUSTON,TX,80.0,4,Dark,Cloudy,Yard,,0,0,84153,107300,T108,29.696539999999999,-95.327127000000004
UP,0216FW013,2016-02-20,3:00 AM,Derailment,0,FORT WORTH,TX,60.0,4,Dark,Cloudy,Yard,Yard/switching,7,8434,4873,13307,T403,32.725585000000002,-97.369626999999994
UP,0117LK032,2017-01-31,7:09 AM,Derailment,0,MARSHALL,TX,60.0,2,Day,Clear,Industry,Freight Train,6,9395,6581,15976,T111,32.550776999999997,-94.294801000000007
UP,0617SA016,2017-06-16,4:51 PM,Derailment,0,UVALDE,TX,95.0,2,Day,Clear,Industry,Freight Train,8,78393,99,78492,T113,29.169587,-100.03540700000001
UP,0416HO010,2016-04-07,1:55 PM,Derailment,0,HOUSTON,TX,75.0,2,Day,Clear,Yard,Light loco(s),7,750,10058,10808,T110,29.787445999999999,-95.316253000000003
UP,1220MA022,2020-12-17,7:45 PM,Derailment,0,LONGVIEW,TX,43.0,3,Dusk,Clear,Yard,Freight Train,10,2070,34704,36774,T110,32.493260999999997,-94.735111000000003
TCT,580253,2015-02-16,5:30 PM,Derailment,0,LA MARQUE,TX,55.0,2,Day,Cloudy,Yard,Yard/switching,5,15000,22500,37500,T309,29.210235999999998,-94.562016
UP,0615FW038,2015-06-30,4:54 AM,Derailment,0,BREMOND,TX,75.0,1,Dawn,Cloudy,Main,Freight Train,25,817083,83621,900704,T207,31.157641999999999,-96.680867000000006
UP,0515FW024,2015-05-31,9:50 AM,Derailment,0,MIDLOTHIAN,TX,78.0,2,Day,Clear,Main,Freight Train,12,93817,504331,598148,T002,32.522114999999999,-97.014628999999999
XTGS,F0142016,2016-10-08,9:57 AM,Derailment,0,ANAHUAC,TX,80.0,2,Day,Clear,Industry,Yard/switching,6,25000,10000,35000,T314,29.695005999999999,-94.891963000000004
UP,0516LV010,2016-05-18,1:45 AM,Derailment,0,LUFKIN,TX,65.0,4,Dark,Cloudy,Yard,Freight Train,9,67130,2779,69909,T309,31.341446000000001,-94.729313000000005
UP,0816LK015,2016-08-19,4:06 PM,Derailment,0,PITTSBURG,TX,85.0,2,Day,Cloudy,Industry,Freight Train,3,397121,82350,479471,T110,32.995559,-94.969082999999998
BNSF,GC1214106,2014-12-28,9:20 AM,Derailment,0,BROWNWOOD,TX,34.0,2,Day,Cloudy,Yard,Freight Train,6,8074,5500,13574,T202,31.713162000000001,-98.990199000000004
XTGS,F0042018,2018-03-13,4:00 AM,Derailment,0,ANAHUAC,TX,50.0,4,Dark,Clear,Industry,Yard/switching,2,1100,13943,15043,T101,29.699088,-94.897498999999996
BNSF,RD1217114,2017-12-19,12:20 PM,Derailment,0,CEDAR HILL,TX,56.0,2,Day,Rain,Yard,Freight Train,8,19893,35246,55139,T111,32.605015000000002,-96.945120000000003
BNSF,RD0122107,2022-01-08,9:53 AM,Derailment,28,OKLAUNION,TX,59.0,2,Day,Cloudy,Main,Freight Train,50,4398905,387770,4786675,T207,34.133440999999998,-99.162840000000003
UP,0715FW010,2015-07-10,6:00 AM,Derailment,0,FORT WORTH,TX,76.0,1,Dawn,Clear,Yard,Yard/switching,7,4751,41443,46194,T207,32.727291000000001,-97.366956999999999
UP,0316HO020,2016-03-24,7:25 AM,Derailment,0,ANGLETON,TX,67.0,2,Day,Cloudy,Yard,Freight Train,8,11358,43738,55392,T309,29.146103,-95.450410000000005
BNSF,RD0321102,2021-03-05,10:59 AM,Derailment,0,HOUSTON,TX,77.0,2,Day,Clear,Industry,Yard/switching,8,600,150000,150600,T108,29.909005000000001,-95.520475000000005
BNSF,GC1214100,2014-12-03,7:15 PM,Derailment,0,HOUSTON,TX,59.0,3,Dusk,Clear,Main,Freight Train,18,8000,0,67981,T102,29.761869999999998,-95.346850000000003
BNSF,RD0822129,2022-08-23,4:21 PM,Derailment,0,MIDWAY,TX,90.0,2,Day,Clear,Industry,Freight Train,7,0,80000,80000,T113,32.401381000000001,-97.403761000000003
UP,0320SX008,2020-03-06,5:04 AM,Derailment,0,COTULLA,TX,50.0,1,Dawn,Clear,Yard,Freight Train,3,47303,728,102507,T108,28.517741999999998,-99.217776000000001
UP,0119RM043,2019-01-15,10:26 AM,Derailment,0,WELLSVILLE,UT,19.0,2,Day,Snow,Main,Freight Train,5,14073,1089,15162,T101,41.656191999999997,-111.934506
BNSF,GC1115103,2015-11-04,8:30 AM,Derailment,0,DAYTON,TX,75.0,2,Day,Clear,Main,Yard/switching,9,17300,0,155792,T102,29.994568999999998,-94.907460999999998
DGNO,DGN600320,2020-05-19,9:30 AM,Derailment,0,DALLAS,TX,86.0,2,Day,Clear,Industry,Freight Train,4,500,18500,19000,T110,32.811323999999999,-96.876796999999996
BNSF,RD0118100,2018-01-02,2:45 AM,Derailment,0,LONGVIEW,TX,20.0,4,Dark,Clear,Yard,Freight Train,8,47730,17500,65230,T201,32.495044,-94.721346999999994
UP,1020RM025,2020-10-25,8:08 AM,Derailment,0,SOUTH SALT LAKE,UT,32.0,2,Day,Snow,Yard,Freight Train,10,31365,2960,34325,T202,40.718107000000003,-111.908879
UP,1016FW016,2016-10-20,1:20 PM,Derailment,0,CHICO,TX,80.0,2,Day,Cloudy,Industry,Freight Train,9,128883,7084,135967,T001,33.280997999999997,-97.799334999999999
PTRA,2016000005,2016-01-22,12:40 PM,Derailment,0,CHANNELVIEW,TX,40.0,2,Day,Clear,Industry,Freight Train,5,200000,50000,250000,T110,29.747215000000001,-95.116624999999999
TXR,TXR1503201,2015-11-03,8:30 AM,Derailment,0,BROWNWOOD,TX,75.0,2,Day,Clear,Yard,Freight Train,6,0,0,30400,T111,31.713844999999999,-98.967472999999998
UP,0419RM011,2019-04-08,2:10 PM,Derailment,0,OGDEN,UT,65.0,2,Day,Clear,Yard,Yard/switching,4,30945,5040,35985,T110,41.227350999999999,-111.986189
UP,0615HO017,2015-06-11,8:34 AM,Derailment,0,HOUSTON,TX,93.0,2,Day,Clear,Main,,0,0,241229,377197,T108,29.776323999999999,-95.443178000000003
AWRR,240510001,2024-05-10,3:30 AM,Derailment,0,MANOR,TX,70.0,4,Dark,Clear,Main,Freight Train,10,254167,22966,277133,T299,30.306104000000001,-97.642090999999994
BNSF,RD0922105,2022-09-07,9:00 PM,Derailment,0,DONIE,TX,82.0,4,Dark,Cloudy,Industry,Freight Train,5,775,19000,19775,T110,31.424938999999998,-96.262615999999994
FWWR,24041101,2024-04-11,2:45 AM,Derailment,0,FORT WORTH,TX,64.0,4,Dark,Clear,Main,Freight Train,7,80000,20000,100000,T403,32.792082999999998,-97.338735999999997
UP,1223HO007,2023-12-06,12:08 AM,Derailment,0,HOUSTON,TX,55.0,4,Dark,Cloudy,Yard,Freight Train,4,81212,71087,152299,T108,29.808119999999999,-95.291623999999999
UP,0415HO039,2015-04-20,5:08 AM,Derailment,0,DEER PARK,TX,60.0,4,Dark,Clear,Yard,Yard/switching,2,47622,4093,51715,T204,29.686408,-95.038460999999998
BNSF,RD0318127,2018-03-29,6:15 AM,Derailment,0,HEBRON,TX,65.0,1,Dawn,Clear,Main,Passenger Train - Pulling,22,343898,926253,1270151,T002,33.079546000000001,-96.855502999999999
UP,0315UT007,2015-03-06,2:57 PM,Derailment,0,HELPER,UT,50.0,2,Day,Clear,Yard,Freight Train,8,114457,139412,253869,T110,39.687179,-110.85360900000001