reportingrailroadcode,accidentnumber,date,time,accidenttype,hazmatreleasedcars,station,stateabbr,temperature,visibility_code,visibility,weathercondition,tracktype,equipmenttype,trainspeed,equipmentdamagecost,trackdamagecost,totaldamagecost,primaryaccidentcausecode,latitude,longitude
UP,0418FW032,2018-04-21,7:17 PM,Derailment,0,FORT WORTH,TX,61.0,2,Day,Cloudy,Yard,Single Car,8,115316,4060,204219,T102,32.720923999999997,-97.381134000000003
UP,0615SA016,2015-06-17,7:31 AM,Derailment,0,SEALY,TX,74.0,2,Day,Rain,Industry,Freight Train,9,388818,44825,433643,T002,29.780532000000001,-96.127606999999998
BNSF,RD0522106,2022-05-07,4:40 AM,Derailment,0,PLAINVIEW,TX,75.0,1,Dawn,Clear,Industry,Freight Train,5,25200,7000,32200,T319,34.121360000000003,-101.758754
KCS,17121001,2017-12-10,1:00 AM,Derailment,0,PORT ARTHUR,TX,44.0,4,Dark,Clear,Yard,Freight Train,6,109585,6350,115935,T210,29.866489999999999,-93.93665
TESR,TESR00006F,2022-09-20,12:30 PM,Derailment,0,PALESTINE,TX,91.0,2,Day,Clear,Main,Freight Train,9,0,18108,18108,T102,31.743164,-95.607136999999994
KCS,15122803,2015-12-28,9:50 AM,Derailment,0,WINNSBORO,TX,40.0,2,Day,Clear,Main,Freight Train,40,35975,170773,206748,T002,32.967500000000001,-95.205832999999998
UP,1221RM019,2021-12-21,12:20 AM,Derailment,0,PRICE,UT,21.0,4,Dark,Cloudy,Industry,Freight Train,1,18779,9450,28229,T110,39.527374000000002,-110.768585
UP,0815FW022,2015-08-18,2:14 PM,Derailment,0,CORSICANA,TX,92.0,2,Day,Clear,Industry,Freight Train,5,500,61447,61947,T101,32.099873000000002,-96.404281999999995
CPKC,23112103,2023-11-21,12:20 PM,Derailment,0,ROSENBERG,TX,60.0,2,Day,Cloudy,Main,Freight Train,40,4278,0,54381,T304,29.560601999999999,-95.812618999999998
UP,0222TO007,2022-02-08,12:20 PM,Derailment,0,FORT WORTH,TX,62.0,2,Day,Clear,Industry,Freight Train,5,32701,0,32701,T299,32.943942999999997,-97.421200999999996
UP,0615HO045,2015-06-23,9:15 PM,Derailment,0,HOUSTON,TX,82.0,4,Dark,Clear,Main,Freight Train,14,7650,93230,100880,T102,29.716032999999999,-95.223394999999996
PTRA,2015000018,2015-06-07,11:15 AM,Derailment,0,HOUSTON,TX,90.0,2,Day,Clear,Main,,0,0,43540,595250,T111,29.746265999999999,-95.293036999999998
BNSF,TX0615110,2015-06-17,2:55 PM,Derailment,0,PONDER,TX,85.0,2,Day,Cloudy,Main,Freight Train,11,54000,783604,837604,T001,33.192816000000001,-97.283833000000001
UP,0923HO016,2023-09-10,10:20 PM,Derailment,0,MONT BELVIEU,TX,79.0,4,Dark,Cloudy,Industry,Yard/switching,6,8642,7170,15812,T112,29.832659,-94.908135000000001
UP,1117HO003,2017-11-01,5:40 PM,Derailment,0,HARLINGEN,TX,80.0,2,Day,Cloudy,Yard,Freight Train,4,5609,0,11685,T319,26.212171999999999,-97.710768999999999
UP,1015LK013,2015-10-09,11:52 AM,Derailment,0,SIMMS,TX,90.0,2,Day,Clear,Main,Freight Train,36,489487,704222,1193709,T102,33.309634000000003,-94.522994999999995
UP,0222SX006,2022-02-10,5:26 PM,Derailment,0,GIDDINGS,TX,66.0,2,Day,Clear,Main,Freight Train,25,6000,10305,16305,T108,30.079456,-96.965719000000007
UP,0615FW022,2015-06-14,8:50 PM,Derailment,0,TYLER,TX,82.0,4,Dark,Clear,Industry,Freight Train,6,8867,4465,13332,T110,32.340988000000003,-95.327713000000003
UP,0615FW005,2015-06-04,9:50 PM,Derailment,0,MIDLAND,TX,88.0,4,Dark,Cloudy,Industry,Freight Train,2,1068,18280,19348,T111,31.911597,-102.236817
UP,0724TO007,2024-07-08,3:27 PM,Derailment,0,EL PASO,TX,90.0,2,Day,Clear,Yard,Freight Train,3,80434,4568,85002,T210,31.742305000000002,-106.375433
BNSF,TX0515108,2015-05-25,3:45 AM,Derailment,0,FORT WORTH,TX,71.0,4,Dark,Clear,Yard,Yard/switching,4,219034,3000,222034,T202,32.819819000000003,-97.327087000000006
TCT,580319,2024-06-05,7:42 PM,Derailment,0,TEXAS CITY,TX,88.0,2,Day,Clear,Industry,Yard/switching,6,20000,30000,50000,T110,29.363900000000001,-94.925920000000005
UP,1223TO019,2023-12-21,2:34 PM,Derailment,0,FORT WORTH,TX,60.0,2,Day,Rain,Yard,Freight Train,7,19525,69022,88547,T403,32.714908999999999,-97.395690999999999
KCS,14110802,2014-11-08,1:50 PM,Derailment,0,EDNA,TX,74.0,2,Day,Clear,Main,Freight Train,47,5576,139436,145012,T102,28.952967000000001,-96.696725000000001
BNSF,SW0322106,2022-03-25,7:37 PM,Derailment,0,EL PASO,TX,65.0,3,Dusk,Clear,Yard,Light loco(s),8,400,14264,14664,T319,31.754453000000002,-106.493837
UP,0515FW005,2015-05-11,1:00 PM,Derailment,0,SADLER,TX,72.0,2,Day,Clear,Main,Freight Train,18,10790,7043,17833,T403,33.708460000000002,-96.758854999999997
BNSF,RD0123104,2023-01-09,12:18 AM,Derailment,0,BROWNWOOD,TX,40.0,4,Dark,Clear,Yard,Freight Train,4,55350,150000,205350,T317,31.701226999999999,-98.949894
UP,0715SA019,2015-07-26,9:30 AM,Derailment,0,TAYLOR,TX,85.0,2,Day,Clear,Main,Freight Train,4,13629,23308,36937,T101,30.567556,-97.407071999999999
DGNO,DGN002822,2022-08-02,8:40 PM,Derailment,0,DALLAS,TX,99.0,4,Dark,Clear,Yard,Yard/switching,9,13000,7850,20850,T101,32.774250000000002,-96.853537000000003
UP,1021HO027,2021-10-31,4:35 PM,Derailment,0,HOUSTON,TX,79.0,2,Day,Clear,Yard,Yard/switching,4,13460,2000,15479,T303,29.798618000000001,-95.288070000000005
BNSF,RD0418125,2018-04-27,5:30 PM,Derailment,0,SANTA FE,TX,75.0,3,Dusk,Clear,Siding,Freight Train,9,52663,8200,60863,T319,29.400611000000001,-95.172460000000001
FWWR,23080601,2023-08-06,9:20 AM,Derailment,0,FORT WORTH,TX,92.0,2,Day,Clear,Yard,Yard/switching,9,1331,13350,14681,T110,32.808503999999999,-97.319462999999999
UP,0423HO027,2023-04-21,2:15 AM,Derailment,0,HOUSTON,TX,66.0,4,Dark,Rain,Yard,Yard/switching,6,12480,0,12480,T208,29.811640000000001,-95.288538000000003
BNSF,GC0916100,2016-09-05,4:45 AM,Derailment,0,HOUSTON,TX,72.0,4,Dark,Clear,Yard,Freight Train,4,16647,6500,107300,T108,29.696121999999999,-95.326891000000003
UP,0622TO032,2022-06-23,2:30 PM,Derailment,0,MARLIN,TX,95.0,2,Day,Clear,Siding,Freight Train,29,222594,355328,577922,T204,31.269449999999999,-96.899555000000007
UP,0723TO033,2023-07-19,4:00 PM,Derailment,0,FORT WORTH,TX,106.0,2,Day,Cloudy,Yard,Yard/switching,2,14461,57900,72361,T317,32.729222,-97.364345
UP,0717FW031,2017-07-26,2:00 AM,Derailment,0,STANTON,TX,78.0,4,Dark,Clear,Industry,Freight Train,4,2583,13518,16101,T205,32.091203999999998,-101.888324
KCS,17100101,2017-10-01,1:20 AM,Derailment,0,CORPUS CHRISTI,TX,80.0,4,Dark,Clear,Main,Freight Train,12,5989,35960,41949,T310,27.784849000000001,-97.585821999999993
KCS,17060704,2017-06-07,7:15 PM,Derailment,0,PORT ARTHUR,TX,84.0,2,Day,Clear,Yard,Cut of cars,0,3621,0,826620,T201,29.855924999999999,-93.947066000000007
UP,0316HO020,2016-03-24,7:25 AM,Derailment,0,ANGLETON,TX,67.0,2,Day,Cloudy,Yard,Single Car,0,296,0,55392,T309,29.146103,-95.450410000000005
BNSF,GC0515113,2015-05-23,9:35 PM,Derailment,0,CONROE,TX,75.0,4,Dark,Cloudy,Yard,Freight Train,5,1900,45000,46900,T001,30.310268000000001,-95.453638999999995
UP,0617UT022,2017-06-30,1:19 PM,Derailment,0,RIVERDALE,UT,80.0,2,Day,Clear,Yard,Yard/switching,6,45360,228105,273465,T205,41.186591999999997,-111.98995499999999
UP,0423SX005,2023-04-06,6:45 PM,Derailment,0,SAN ANTONIO,TX,54.0,3,Dusk,Rain,Yard,Yard/switching,7,27195,6600,33795,T106,29.370750999999998,-98.561942000000002
PMSW,PSC0675729,2021-10-22,1:00 PM,Derailment,0,LUBBOCK,TX,80.0,2,Day,Clear,Yard,Yard/switching,7,30000,0,30000,T110,33.536000000000001,-101.81999999999999
WATX,190218006,2019-02-18,1:00 PM,Derailment,0,HOUSTON,TX,60.0,2,Day,Clear,Yard,Freight Train,7,111781,252237,364018,T112,29.755538000000001,-95.186294000000004
UP,1117HO004,2017-11-02,4:55 AM,Derailment,0,HOUSTON,TX,68.0,4,Dark,Clear,Yard,Yard/switching,8,266359,143339,409698,T205,29.796206000000002,-95.295559999999995
UP,0116SA002,2016-01-04,1:00 PM,Derailment,0,SEALY,TX,50.0,2,Day,Clear,Main,Freight Train,8,3600,0,73949,T113,29.780930000000001,-96.154635999999996
UP,0915FW023,2015-09-28,3:45 PM,Derailment,0,MESQUITE,TX,91.0,2,Day,Clear,Yard,Yard/switching,4,1125,10483,11608,T403,32.776420999999999,-96.673381000000006
TXN,220308001,2022-03-08,3:40 AM,Derailment,0,WINK,TX,32.0,4,Dark,Clear,Main,Freight Train,10,9200,113000,122200,T202,31.791176,-103.119658
BNSF,RD0823126,2023-08-20,3:37 PM,Derailment,0,LOCKHART,TX,105.0,2,Day,Clear,Main,Freight Train,15,60154,0,155670,T109,29.885175,-97.658270000000002
UP,0524SX020,2024-05-19,2:38 PM,Derailment,0,NEW BRAUNFELS,TX,89.0,2,Day,Cloudy,Industry,Freight Train,7,16500,14120,30620,T110,29.687781000000001,-98.168249000000003
UP,0722HL002,2022-07-03,11:15 PM,Derailment,0,AMARILLO,TX,79.0,4,Dark,Clear,Industry,Freight Train,3,18695,75684,94379,T314,35.212518000000003,-101.82939500000001
BNSF,RD0422125,2022-04-29,6:30 PM,Derailment,0,VON ORMY,TX,76.0,3,Dusk,Clear,Yard,Freight Train,4,98199,0,98199,T108,29.326705,-98.620519000000002
UP,0619RM038,2019-06-30,7:10 PM,Derailment,0,HENEFER,UT,66.0,3,Dusk,Cloudy,Siding,Freight Train,24,2580,518032,520612,T001,41.194248999999999,-111.11805099999999
BNSF,GC0615106,2015-06-07,11:15 AM,Derailment,0,HOUSTON,TX,93.0,2,Day,Clear,Main,Yard/switching,5,400580,0,595250,T111,29.748069999999998,-95.293586000000005
BNSF,GC0316115,2016-03-25,7:30 PM,Derailment,0,DAYTON,TX,64.0,3,Dusk,Clear,Yard,Yard/switching,10,3000,56408,59408,T314,30.006910000000001,-94.906300000000002
UP,0816FW020,2016-08-21,6:00 PM,Derailment,0,ROANOKE,TX,82.0,2,Day,Clear,Main,Freight Train,38,1612749,4600000,6212749,T108,33.042568000000003,-97.208309
BNSF,RD0224119,2024-02-27,9:30 PM,Derailment,0,SOMERVILLE,TX,70.0,4,Dark,Clear,Industry,Freight Train,4,21454,1762,23216,T111,30.353846999999998,-96.533362999999994
UP,0116FW021,2016-01-19,11:28 AM,Derailment,0,WACO,TX,66.0,2,Day,Clear,Industry,Freight Train,6,5978,13787,19765,T110,31.502870000000001,-97.196685000000002
UP,0123HO037,2023-01-31,9:05 PM,Derailment,0,PALESTINE,TX,30.0,4,Dark,Rain,Yard,Freight Train,8,19453,91036,110489,T202,31.76089,-95.641154
KCS,21090901,2021-09-09,2:50 PM,Derailment,0,EDNA,TX,90.0,2,Day,Clear,Main,Freight Train,20,5603,20485,26088,T001,28.969594000000001,-96.660875000000004
LBWR,170929002,2017-09-29,8:30 AM,Derailment,0,WELLMAN,TX,55.0,2,Day,Clear,Main,Freight Train,9,27205,19167,46372,T202,33.048400000000001,-102.248
UP,0421HO014,2021-04-15,3:07 PM,Derailment,0,HOUSTON,TX,72.0,2,Day,Cloudy,Main,Freight Train,7,298704,317350,616054,T207,29.72043,-95.283693999999997
KCS,20012501,2020-01-25,4:30 AM,Derailment,0,PORT ARTHUR,TX,48.0,4,Dark,Cloudy,Industry,Yard/switching,4,1928,13868,15796,T101,29.869043999999999,-93.941018999999997
UP,0716HO048,2016-07-29,3:10 PM,Derailment,0,CORPUS CHRISTI,TX,90.0,2,Day,Clear,Yard,Freight Train,3,48780,250,49030,T319,27.840446,-97.520245000000003
PTRA,2015000012,2015-04-14,5:30 PM,Derailment,0,HOUSTON,TX,68.0,3,Dusk,Cloudy,Industry,Freight Train,5,25000,2500,27500,T113,29.721675999999999,-95.265957
UP,0715HO001,2015-07-01,6:38 AM,Other impacts,0,HOUSTON,TX,75.0,1,Dawn,Cloudy,Yard,Single Car,0,2308,0,26147,T403,29.807804999999998,-95.292334999999994
UP,0715HO001,2015-07-01,6:38 AM,Other impacts,0,HOUSTON,TX,75.0,1,Dawn,Cloudy,Yard,Yard/switching,10,0,57,26147,T403,29.807804999999998,-95.292334999999994
BNSF,RD1216120,2016-12-28,5:06 PM,Derailment,0,ARCOLA,TX,75.0,3,Dusk,Clear,Siding,Freight Train,23,535912,1225000,1760912,T108,29.503138,-95.493025000000003
TXPF,11262014,2014-11-26,12:05 AM,Derailment,0,TALPA,TX,40.0,4,Dark,Clear,Main,Freight Train,22,600000,300000,900000,T202,31.773890999999999,-99.682678999999993
UP,0418FW032,2018-04-21,7:17 PM,Derailment,0,FORT WORTH,TX,61.0,2,Day,Cloudy,Yard,Yard/switching,6,84843,0,204219,T102,32.720923999999997,-97.381134000000003
UP,0117FW010,2017-01-14,10:00 AM,Derailment,0,BIG SPRING,TX,34.0,2,Day,Rain,Yard,Yard/switching,8,174419,6289,180708,T207,32.250214999999997,-101.491451
UP,0218UT029,2018-02-28,8:25 AM,Derailment,0,PROVO,UT,40.0,2,Day,Clear,Yard,Freight Train,5,52582,51764,104346,T205,40.223636999999997,-111.650875
UP,0222RM011,2022-02-12,1:02 PM,Derailment,0,HELPER,UT,27.0,2,Day,Clear,Main,Freight Train,14,147673,73173,220846,T207,39.782584999999997,-111.101557
UP,0622HO026,2022-06-27,8:15 AM,Derailment,0,HOUSTON,TX,92.0,2,Day,Clear,Yard,Yard/switching,7,83711,11035,94746,T207,29.832212999999999,-95.288523999999995
UP,1014HO031,2014-10-22,10:00 AM,Derailment,0,GREGORY,TX,85.0,2,Day,Clear,Industry,Freight Train,5,47534,27420,74954,T106,27.922225999999998,-97.290603000000004
BNSF,RD0217112,2017-02-17,1:08 AM,Derailment,0,LUBBOCK,TX,45.0,4,Dark,Clear,Yard,Yard/switching,4,5721,134000,139721,T314,33.610596000000001,-101.854231
TXPF,11142016,2016-11-14,4:20 PM,Derailment,0,SAN ANGELO,TX,70.0,2,Day,Clear,Yard,Freight Train,10,30000,15000,45000,T207,31.495349000000001,-100.412094
UP,0215HO020,2015-02-15,10:30 AM,Derailment,0,LONGVIEW,TX,65.0,2,Day,Cloudy,Industry,Freight Train,8,72639,10098,82737,T110,32.494056,-94.728900999999993
UP,0522SX032,2022-05-30,3:35 AM,Derailment,0,TAYLOR,TX,77.0,4,Dark,Cloudy,Yard,Freight Train,5,28803,106560,135363,T314,30.567225000000001,-97.409267
UP,0921GC030,2021-09-17,7:15 PM,Derailment,0,ROBSTOWN,TX,90.0,3,Dusk,Clear,Siding,,0,0,18466,103500,T303,27.787144000000001,-97.662583999999995
FWWR,16011401,2016-01-14,8:00 AM,Derailment,0,CROWLEY,TX,44.0,2,Day,Clear,Main,Freight Train,0,1894218,483125,2377343,T202,32.673054999999998,-97.460277000000005
UP,1115SA005,2015-11-04,8:48 AM,Derailment,0,SAN ANTONIO,TX,78.0,2,Day,Clear,Main,Freight Train,9,7926,6212,14138,T303,29.348932999999999,-98.581430999999995
UP,1115HO010,2015-11-04,8:30 AM,Derailment,0,DAYTON,TX,78.0,2,Day,Cloudy,Main,,0,0,138492,155792,T102,29.990929999999999,-94.908057999999997
UTAX,11202017,2017-11-20,1:50 AM,Derailment,0,MAGNA,UT,33.0,4,Dark,Fog,Industry,,0,0,35000,48000,T113,40.699990999999997,-112.111423
BNSF,GC0816109,2016-08-19,6:50 AM,Derailment,0,GIDDINGS,TX,72.0,1,Dawn,Cloudy,Main,Freight Train,47,1947697,0,2048231,T001,30.338950000000001,-96.837445000000002
FWWR,16080401,2016-08-04,2:06 PM,Derailment,0,STEPHENVILLE,TX,98.0,2,Day,Clear,Main,Freight Train,25,660000,150000,810000,T109,32.110371999999998,-98.145368000000005
UP,0615HO037,2015-06-24,1:22 PM,Derailment,0,HOUSTON,TX,99.0,2,Day,Clear,Yard,,0,0,33386,59121,T205,29.739543000000001,-95.312197999999995
UP,0716HO020,2016-07-14,10:50 AM,Derailment,0,HOUSTON,TX,95.0,2,Day,Clear,Industry,Freight Train,3,1937,82495,84432,T110,29.734885999999999,-95.316288999999998
TXR,TXR150520,2015-05-20,11:30 AM,Derailment,0,BROWNWOOD,TX,80.0,2,Day,Cloudy,Industry,Yard/switching,5,11076,0,11076,T110,31.683035,-98.989086
UP,0923HO008,2023-09-06,1:07 AM,Derailment,0,GARWOOD,TX,82.0,4,Dark,Clear,Industry,Freight Train,8,12131,7040,19171,T319,29.519521000000001,-96.431962999999996
BNSF,KS0722115,2022-07-31,11:51 PM,Derailment,0,AMARILLO,TX,85.0,4,Dark,Clear,Yard,Yard/switching,5,18300,1500,19800,T001,35.198335999999998,-101.829407
KCS,15122001,2015-12-20,3:00 AM,Derailment,0,PORT ARTHUR,TX,49.0,4,Dark,Clear,Yard,Freight Train,5,6100,6272,12372,T314,29.857320000000001,-93.945590999999993
UP,0315FW012,2015-03-10,8:30 PM,Derailment,0,MIDLOTHIAN,TX,51.0,4,Dark,Cloudy,Industry,Freight Train,6,250,23206,23456,T113,32.484172000000001,-96.984139999999996
BNSF,RD0223120,2023-02-23,1:28 PM,Derailment,0,CAMERON,TX,60.0,2,Day,Clear,Yard,Freight Train,5,500,13662,14162,T210,30.855578999999999,-96.982091999999994
BNSF,GC0915103,2015-09-19,10:15 PM,Derailment,0,DAYTON,TX,80.0,4,Dark,Clear,Yard,Freight Train,7,66662,54000,219565,T309,30.013853999999998,-94.902518999999998
UP,1016FW024,2016-10-30,7:26 PM,Derailment,0,ODESSA,TX,67.0,3,Dusk,Clear,Industry,Freight Train,8,46599,330,46929,T299,31.861505000000001,-102.333782
UP,0417FW013,2017-04-11,8:40 PM,Derailment,0,FORT WORTH,TX,72.0,2,Day,Cloudy,Yard,Yard/switching,5,406,12470,12876,T102,32.730079000000003,-97.364627999999996
UP,0523SX032,2023-05-25,5:00 PM,Derailment,0,SAN ANTONIO,TX,84.0,2,Day,Clear,Industry,Yard/switching,2,15589,4400,19989,T110,29.542681999999999,-98.426007999999996
UP,0916LK018,2016-09-23,8:00 AM,Derailment,0,MARSHALL,TX,80.0,2,Day,Clear,Industry,Yard/switching,4,3589,8745,12334,T110,32.550220000000003,-94.357579000000001
UP,1215SA021,2015-12-19,11:40 PM,Derailment,0,LA GRANGE,TX,58.0,4,Dark,Clear,Main,Freight Train,29,1016345,118443,1134788,T207,29.904443000000001,-96.816941999999997
UP,0415HO028,2015-04-15,6:05 PM,Derailment,0,DAYTON,TX,78.0,2,Day,Clear,Yard,Light loco(s),2,750,15248,15998,T110,30.004933000000001,-94.904222000000004
FWWR,15031701,2015-03-17,2:10 AM,Derailment,0,FORT WORTH,TX,70.0,4,Dark,Clear,Main,Freight Train,11,85574,50000,135574,T210,32.461421999999999,-97.203778
BNSF,GC1114104,2014-11-14,10:00 AM,Derailment,0,BROWNWOOD,TX,48.0,2,Day,Clear,Yard,Freight Train,7,20278,1000,21278,T207,31.714015,-98.986880999999997
UP,0623HO020,2023-06-15,8:29 AM,Derailment,0,BAYTOWN,TX,84.0,2,Day,Clear,Yard,Freight Train,8,15565,6698,22263,T207,29.78153,-95.016705999999999
KCS,16071801,2016-07-18,4:30 AM,Derailment,0,PORT ARTHUR,TX,85.0,4,Dark,Clear,Yard,Light loco(s),5,19742,474,20216,T314,29.860842999999999,-93.946860999999998
BNSF,RD0818108,2018-08-07,7:00 PM,Derailment,0,PLAINVIEW,TX,90.0,3,Dusk,Clear,Industry,Freight Train,9,174641,0,174641,T111,34.244816999999998,-101.70278399999999
UP,1115SA004,2015-11-03,5:00 PM,Derailment,0,KATY,TX,73.0,2,Day,Clear,Industry,Freight Train,3,292300,264,292564,T205,29.787896,-95.807092999999995
TIBR,160514001,2016-05-14,4:15 PM,Derailment,0,SAN AUGUSTINE,TX,84.0,2,Day,Clear,Main,Freight Train,20,20000,56000,76000,T205,31.290213000000001,-94.070204000000004
DGNO,964316D,2016-05-04,11:45 AM,Derailment,0,DALLAS,TX,79.0,2,Day,Clear,Industry,Yard/switching,6,15000,4000,19000,T110,32.773941000000001,-96.872834999999995
BNSF,RD0118101,2018-01-01,4:17 PM,Derailment,0,BEAUMONT,TX,27.0,2,Day,Clear,Main,Freight Train,5,68143,0,364561,T202,30.069507999999999,-94.110864000000007
UTAX,12232016,2016-12-23,2:09 AM,Derailment,0,WEST JORDAN,UT,20.0,4,Dark,Clear,Industry,,0,0,40000,60000,T111,40.588534000000003,-111.990123
UP,0423GC032,2023-04-29,1:10 AM,Derailment,0,PORTLAND,TX,65.0,4,Dark,Rain,Industry,Yard/switching,4,45857,99,45956,T110,27.872067999999999,-97.237015
BNSF,RD0317108,2017-03-14,12:10 PM,Derailment,0,SEALY,TX,70.0,2,Day,Clear,Yard,,0,0,45550,79934,T110,29.782537999999999,-96.155544000000006
UP,0715SA007,2015-07-10,10:00 AM,Derailment,0,SAN ANTONIO,TX,78.0,2,Day,Clear,Industry,Freight Train,4,7734,3857,11591,T110,29.376214000000001,-98.476050000000001
UP,1214FW028,2014-12-27,8:00 AM,Derailment,0,DALLAS,TX,45.0,2,Day,Cloudy,Yard,Yard/switching,5,478,19997,20475,T110,32.721828000000002,-96.753887000000006
UP,0124SX003,2024-01-06,7:45 AM,Derailment,0,SEALY,TX,50.0,2,Day,Clear,Main,Freight Train,3,243193,0,537280,T110,29.775822999999999,-96.153575000000004
UP,0816FW018,2016-08-20,9:00 AM,Derailment,0,FORT WORTH,TX,75.0,2,Day,Cloudy,Yard,Yard/switching,4,15581,39678,55259,T103,32.718040000000002,-97.385656999999995
UP,1123HO019,2023-11-21,12:10 PM,Derailment,0,ROSENBERG,TX,59.0,2,Day,Cloudy,Main,,0,0,50103,54381,T304,29.560601999999999,-95.812618999999998
UP,0117FW021,2017-01-22,3:30 AM,Derailment,0,BIG SPRING,TX,40.0,4,Dark,Clear,Siding,Freight Train,10,609465,124125,733590,T207,32.261122,-101.45978599999999
UP,0621RM031,2021-06-22,12:55 PM,Derailment,0,HELPER,UT,87.0,2,Day,Clear,Yard,Freight Train,8,358314,42956,401270,T110,39.682656999999999,-110.851923
UP,1117HO007,2017-11-04,5:30 PM,Derailment,0,LA PORTE,TX,85.0,2,Day,Clear,Yard,Freight Train,3,350,0,84492,T403,29.683050000000001,-95.038606999999999
KCS,17060704,2017-06-07,7:15 PM,Derailment,0,PORT ARTHUR,TX,84.0,2,Day,Clear,Yard,Yard/switching,6,689688,133311,826620,T201,29.855924999999999,-93.947066000000007
UP,1114FW007,2014-11-05,1:30 PM,Derailment,0,MESQUITE,TX,68.0,2,Day,Rain,Yard,Freight Train,4,2508,15830,18338,T110,32.776494,-96.664985999999999
AWRR,220922003,2022-09-22,6:47 PM,Derailment,0,BURNET,TX,90.0,3,Dusk,Clear,Main,Freight Train,18,96000,52380,148380,T110,30.684263000000001,-98.254254000000003
FWWR,15012701,2015-01-27,10:55 PM,Derailment,0,COLEMAN,TX,50.0,4,Dark,Clear,Yard,Freight Train,10,47091,0,52091,T202,31.775404000000002,-99.367125999999999
UP,0121TO013,2021-01-14,9:00 AM,Derailment,0,BELLMEAD,TX,44.0,2,Day,Clear,Yard,Freight Train,8,57989,1995,59984,T205,31.588308999999999,-97.095403000000005
KCS,15061102,2015-06-11,8:30 AM,Derailment,0,HOUSTON,TX,85.0,2,Day,Cloudy,Main,Freight Train,24,135968,0,377197,T108,29.776323999999999,-95.443178000000003
FWWR,23081301,2023-08-13,5:15 PM,Derailment,0,EVERMAN,TX,105.0,2,Day,Clear,Main,Freight Train,10,4337,87920,92257,T109,32.661161999999997,-97.298067000000003
UP,0624TO038,2024-06-29,10:55 AM,Derailment,0,FORT WORTH,TX,89.0,2,Day,Cloudy,Yard,Freight Train,6,75759,3100,78859,T303,32.730060000000002,-97.364036999999996
BRG,BRG223198,2022-10-01,12:09 AM,Derailment,1,BROWNSVILLE,TX,70.0,4,Dark,Clear,Yard,Freight Train,0,72401,500,72901,T103,25.957407,-97.375635000000003
UP,1121TO007,2021-11-11,10:30 AM,Derailment,0,FORT WORTH,TX,61.0,2,Day,Clear,Yard,Yard/switching,9,10776,51450,62226,T314,32.730460000000001,-97.362903000000003
BNSF,TX0515105,2015-05-17,6:29 PM,Derailment,0,FRISCO,TX,78.0,2,Day,Clear,Industry,Freight Train,5,20250,4000,24250,T110,33.139952999999998,-96.834725000000006
UP,0115SA006,2015-01-11,5:55 PM,Derailment,0,SMITHVILLE,TX,43.0,3,Dusk,Cloudy,Yard,Freight Train,8,3760,73711,77471,T110,30.000897999999999,-97.148032000000001
PVS,170608001,2017-06-08,12:40 AM,Derailment,0,PECOS,TX,74.0,4,Dark,Clear,Industry,,0,0,75000,159802,T113,31.425017,-103.504198
TXR,TXR151202,2015-12-02,10:45 PM,Derailment,0,BROWNWOOD,TX,39.0,4,Dark,Clear,Yard,Freight Train,3,7971,0,12971,T110,31.71687,-98.972502000000006
UP,0315SA011,2015-03-20,5:10 AM,Derailment,0,TAYLOR,TX,68.0,4,Dark,Rain,Yard,Freight Train,6,10169,26038,36207,T314,30.567698,-97.404038999999997
UP,1223TO014,2023-12-17,6:52 PM,Derailment,0,FORT WORTH,TX,51.0,3,Dusk,Cloudy,Yard,Yard/switching,8,10064,57700,67764,T403,32.723871000000003,-97.373306999999997
BLR,053017,2017-05-30,5:00 PM,Derailment,0,SULPHUR SPRINGS,TX,95.0,2,Day,Cloudy,Yard,Freight Train,10,68000,5000,73000,T202,33.150154000000001,-95.568614999999994
BNSF,GC0416113,2016-04-30,9:00 AM,Derailment,0,MCNEIL,TX,76.0,2,Day,Clear,Main,Freight Train,8,28000,0,832803,T110,30.453581,-97.720416999999998
UP,0818HO053,2018-08-29,11:30 PM,Derailment,0,BAYTOWN,TX,85.0,4,Dark,Clear,Industry,Freight Train,8,49064,660,49724,T111,29.786677999999998,-95.118778000000006
UP,0515FW002,2015-05-04,4:18 AM,Derailment,0,DALLAS,TX,65.0,4,Dark,Clear,Main,Freight Train,8,26860,3690,30550,T199,32.781033000000001,-96.809927000000002
UP,0317SA019,2017-03-14,12:19 PM,Derailment,0,SEALY,TX,62.0,2,Day,Clear,Siding,Freight Train,5,34384,0,79934,T110,29.782537999999999,-96.155544000000006
BNSF,RD0423104,2023-04-04,9:00 PM,Derailment,0,TATUM,TX,74.0,4,Dark,Cloudy,Industry,Light loco(s),5,20000,1500,21500,T111,32.314861999999998,-94.512341000000006