reportingrailroadcode,accidentnumber,date,time,accidenttype,hazmatreleasedcars,station,stateabbr,temperature,visibility_code,visibility,weathercondition,tracktype,equipmenttype,trainspeed,equipmentdamagecost,trackdamagecost,totaldamagecost,primaryaccidentcausecode,latitude,longitude
BNSF,GC1115110,2015-11-30,8:00 PM,Derailment,0,BROWNWOOD,TX,40.0,3,Dusk,Clear,Main,Freight Train,10,65711,170000,235711,T110,31.713162000000001,-98.990199000000004
UP,1215HO004,2015-12-03,4:00 AM,Derailment,0,BAYTOWN,TX,42.0,4,Dark,Clear,Industry,Yard/switching,6,2249,22019,24268,T110,29.772376000000001,-94.896814000000006
BNSF,RD1122113,2022-11-09,11:10 AM,Derailment,0,TEMPLE,TX,65.0,2,Day,Cloudy,Yard,Yard/switching,6,2067,16974,19041,T307,31.108979999999999,-97.348578000000003
BNSF,RD1123101,2023-11-01,9:30 AM,Derailment,0,LOCKHART,TX,64.0,2,Day,Clear,Main,Freight Train,28,974778,0,1315086,T202,29.89058,-97.649556000000004
TXPF,08102015,2015-08-10,3:45 PM,Derailment,0,MCCAMEY,TX,102.0,2,Day,Clear,Main,Freight Train,24,60000,40000,100000,T319,31.144182000000001,-102.192798
UP,0115FW007,2015-01-06,1:35 PM,Derailment,0,MESQUITE,TX,51.0,2,Day,Clear,Yard,Yard/switching,5,747,10722,11469,T110,32.777031999999998,-96.656107000000006
FWWR,22043001,2022-04-30,11:20 AM,Derailment,0,COMYN,TX,80.0,2,Day,Clear,Main,Freight Train,20,46530,47365,93895,T110,32.069609999999997,-98.452500000000001
UP,0416HO014,2016-04-09,2:45 AM,Derailment,0,HOUSTON,TX,64.0,4,Dark,Cloudy,Yard,Yard/switching,2,9981,6146,16127,T299,29.807290999999999,-95.290875
UP,0415HO021,2015-04-12,11:30 PM,Derailment,0,HOUSTON,TX,77.0,4,Dark,Cloudy,Industry,Freight Train,5,42140,48530,90670,T210,29.751436000000002,-95.311683000000002
UP,0222HO035,2022-02-26,12:30 AM,Derailment,0,HOUSTON,TX,42.0,4,Dark,Cloudy,Siding,Freight Train,18,51324,83155,134479,T207,29.840201,-95.193397000000004
BNSF,RD0324107,2024-03-05,11:40 PM,Derailment,0,SOMERVILLE,TX,70.0,4,Dark,Clear,Yard,Freight Train,8,21614,19764,41378,T202,30.351320999999999,-96.531368000000001
UP,0822TO034,2022-08-28,3:05 PM,Derailment,0,ITASCA,TX,95.0,2,Day,Clear,Main,Freight Train,22,216953,406685,623638,T199,32.238858,-97.181826000000001
UP,0622TO023,2022-06-19,1:59 PM,Derailment,0,CALVERT,TX,98.0,2,Day,Clear,Main,Freight Train,22,25686,790500,816186,T109,31.016518999999999,-96.741031000000007
BNSF,TX0215107,2015-02-17,2:15 AM,Derailment,0,SAGINAW,TX,52.0,4,Dark,Clear,Industry,Yard/switching,6,21135,156398,177533,T110,32.866304999999997,-97.368205000000003
UP,0615FW029,2015-06-19,7:45 AM,Derailment,0,DALLAS,TX,80.0,2,Day,Clear,Yard,Yard/switching,3,12302,270,12572,T205,32.715206000000002,-96.750459000000006
LBWR,171006002,2017-10-06,10:15 AM,Derailment,0,DIMMITT,TX,70.0,2,Day,Clear,Industry,Freight Train,4,0,14152,14152,T111,34.525700000000001,-102.28660000000001
PMSW,D02,2020-07-31,3:15 PM,Derailment,0,LUBBOCK,TX,100.0,2,Day,Clear,Industry,Yard/switching,5,0,23000,23000,T112,33.537098,-101.79589300000001
UP,0115FW018,2015-01-16,12:00 PM,Derailment,0,DENISON,TX,57.0,2,Day,Cloudy,Yard,Work train,9,9554,6485,16039,T108,33.772216,-96.586243999999994
UP,0615HO030,2015-06-19,12:50 PM,Derailment,0,HOUSTON,TX,87.0,2,Day,Clear,Yard,Freight Train,6,1750,71839,73589,T205,29.821251,-95.352376000000007
UTAH,UTA858015R,2015-12-21,4:40 AM,Derailment,0,MIDVALE,UT,25.0,4,Dark,Clear,Industry,Freight Train,9,0,12430,24860,T110,40.611269999999998,-111.906595
UP,1215HO003,2015-12-03,4:00 AM,Derailment,0,HOUSTON,TX,40.0,4,Dark,Cloudy,Yard,Freight Train,4,22546,208626,231172,T207,29.765546000000001,-95.278257999999994
UP,0724GC020,2024-07-24,12:30 AM,Derailment,0,BEAUMONT,TX,76.0,4,Dark,Rain,Industry,Freight Train,1,35349,12940,48289,T110,30.098835000000001,-94.120137999999997
BNSF,GC1114107,2014-11-16,8:00 AM,Derailment,0,TEAGUE,TX,45.0,1,Dawn,Clear,Yard,Freight Train,7,3403,212021,215424,T110,31.637087000000001,-96.289066000000005
UP,0117ST010,2017-01-17,2:25 AM,Derailment,0,EL PASO,TX,43.0,4,Dark,Clear,Industry,Yard/switching,3,4246,9030,13276,T110,31.762947,-106.399896
UP,0916HO001,2016-09-01,3:20 AM,Derailment,0,HOUSTON,TX,78.0,4,Dark,Cloudy,Yard,Yard/switching,7,33555,58993,92548,T110,29.807295,-95.290885000000003
UP,1114HO029,2014-11-18,11:30 AM,Derailment,0,HOUSTON,TX,77.0,2,Day,Clear,Industry,Freight Train,3,14398,2745,17143,T111,29.750997000000002,-95.315624
BNSF,RD0524120,2024-05-21,4:00 PM,Derailment,0,BROWNWOOD,TX,95.0,2,Day,Cloudy,Yard,Freight Train,8,2500,56248,58748,T001,31.713946,-98.987024000000005
UP,0515FW017,2015-05-21,9:45 AM,Derailment,0,ABILENE,TX,49.0,2,Day,Cloudy,Yard,Freight Train,4,3128,46581,49709,T207,32.448967000000003,-99.732792000000003
UFRC,0129182,2018-01-29,12:10 AM,Derailment,0,SALT LAKE CITY,UT,28.0,4,Dark,Clear,Industry,,0,0,15000,54363,T314,40.751503999999997,-111.908947
UP,0819RM027,2019-08-24,7:15 PM,Derailment,0,SALT LAKE CITY,UT,93.0,3,Dusk,Clear,Yard,Yard/switching,10,95369,8483,103852,T110,40.720992000000003,-111.91025999999999
UTAH,UTA491617R,2017-11-20,1:50 AM,Derailment,0,MAGNA,UT,33.0,4,Dark,Clear,Industry,Freight Train,10,13000,0,48000,T113,40.699990999999997,-112.111423
UP,0723RM011,2023-07-09,8:00 AM,Derailment,0,SOUTH SALT LAKE,UT,73.0,2,Day,Clear,Yard,Yard/switching,3,16114,700,16814,T316,40.706628000000002,-111.909364
UP,0218UT013,2018-02-13,11:45 PM,Derailment,0,OGDEN,UT,28.0,4,Dark,Clear,Yard,Yard/switching,10,35645,54570,90215,T314,41.203650000000003,-111.984776
UP,0623GC016,2023-06-12,5:24 PM,Derailment,0,BEAUMONT,TX,93.0,2,Day,Clear,Yard,,0,0,39933,39933,T109,30.070050999999999,-94.110860000000002
WTLC,WT060115D,2015-06-01,10:17 PM,Derailment,0,SMYER,TX,72.0,4,Dark,Cloudy,Main,Freight Train,10,250403,2575,252978,T110,33.588203,-102.216105
UP,0816HO036,2016-08-18,4:45 PM,Derailment,0,HOUSTON,TX,85.0,2,Day,Cloudy,Yard,Light loco(s),7,48803,1443,50246,T111,29.780293,-95.333145000000002
FWWR,24051201,2024-05-12,4:30 AM,Derailment,0,FORT WORTH,TX,75.0,4,Dark,Cloudy,Yard,Yard/switching,3,10000,15160,25160,T319,32.808948999999998,-97.318201000000002
BNSF,RD0620118,2020-06-22,12:15 AM,Derailment,0,FORT WORTH,TX,80.0,4,Dark,Cloudy,Yard,Light loco(s),10,20000,79897,99897,T311,32.832661000000002,-97.338971999999998
XTGS,F0112015,2015-11-09,2:25 PM,Derailment,0,ANAHUAC,TX,85.0,2,Day,Clear,Industry,Yard/switching,5,13275,15523,28798,T311,29.707592999999999,-94.902134000000004
UP,0524HO005,2024-05-03,1:06 AM,Derailment,0,HOUSTON,TX,75.0,4,Dark,Cloudy,Industry,Yard/switching,5,23364,0,23364,T205,29.770401,-95.264044999999996
UP,0823SX024,2023-08-20,3:37 PM,Derailment,0,LOCKHART,TX,104.0,2,Day,Clear,Main,,0,0,95516,155670,T109,29.885175,-97.658270000000002
KCS,16040105,2016-04-01,5:05 PM,Derailment,0,BEAUMONT,TX,65.0,2,Day,Rain,Yard,Yard/switching,8,11682,2828,14510,T314,30.088307,-94.088707999999997
UP,0715HO001,2015-07-01,6:38 AM,Other impacts,0,HOUSTON,TX,75.0,1,Dawn,Cloudy,Yard,Single Car,0,23782,0,26147,T403,29.807804999999998,-95.292334999999994
UP,0115HO025,2015-01-16,9:30 AM,Derailment,0,HOUSTON,TX,73.0,2,Day,Clear,Industry,Yard/switching,4,150,13500,13650,T202,29.751965999999999,-95.309968999999995
UP,0216UT005,2016-02-11,12:20 PM,Derailment,0,OGDEN,UT,40.0,2,Day,Cloudy,Yard,Yard/switching,4,1208,99917,101125,T299,41.199205999999997,-111.985794
UP,0422RM001,2022-04-03,5:15 AM,Derailment,0,PRICE,UT,49.0,1,Dawn,Cloudy,Industry,Freight Train,4,171115,76691,247806,T402,39.537975000000003,-110.76895500000001
BNSF,RD0523118,2023-05-23,11:10 AM,Derailment,0,BEAUMONT,TX,85.0,2,Day,Clear,Yard,Light loco(s),8,30000,2500,32500,T210,30.092537,-94.115454999999997
DGNO,DGN988222,2022-07-07,3:00 PM,Derailment,0,SHERMAN,TX,103.0,2,Day,Clear,Yard,Freight Train,10,40502,121647,162149,T108,33.547179999999997,-96.601099000000005
UP,0522TO034,2022-05-19,1:30 AM,Derailment,0,EL PASO,TX,84.0,4,Dark,Clear,Industry,Freight Train,5,22546,9680,50134,T206,31.764015000000001,-106.401143
UP,1223RM001,2023-12-01,1:00 AM,Derailment,0,RIVERDALE,UT,28.0,4,Dark,Clear,Yard,Yard/switching,4,130629,67347,197976,T102,41.186418000000003,-111.99026000000001
BNSF,GC0515107,2015-05-13,1:00 PM,Derailment,0,DAYTON,TX,82.0,2,Day,Cloudy,Yard,Yard/switching,7,21594,14800,36394,T001,30.016421999999999,-94.90128
KCS,17070303,2017-07-03,4:30 PM,Derailment,0,LAREDO,TX,105.0,2,Day,Clear,Yard,Yard/switching,6,17533,1500,19033,T314,27.500029999999999,-99.390851999999995
UP,0315FW020,2015-03-22,6:25 PM,Derailment,0,DALLAS,TX,66.0,2,Day,Clear,Industry,Freight Train,1,55895,10550,66445,T108,32.708686,-96.746695000000003
UP,0923GC033,2023-09-21,3:43 PM,Derailment,0,ALVIN,TX,97.0,2,Day,Clear,Siding,Freight Train,18,165684,7856,775462,T108,29.401268999999999,-95.175697
AWRR,221204001,2022-12-04,1:45 PM,Derailment,0,BURNET,TX,60.0,2,Day,Clear,Industry,Yard/switching,3,12000,2000,14000,T319,30.655121999999999,-98.252971000000002
UP,0715HO023,2015-07-15,9:40 AM,Derailment,0,HUNTSVILLE,TX,91.0,2,Day,Cloudy,Industry,Freight Train,8,1200,27312,28512,T109,30.704830000000001,-95.47475
UP,0320TO013,2020-03-14,7:00 PM,Derailment,0,BIG SPRING,TX,63.0,3,Dusk,Cloudy,Yard,Yard/switching,4,20496,3405,23901,T207,32.252679999999998,-101.483572
AWRR,230306005,2023-03-06,2:05 AM,Derailment,0,MANOR,TX,60.0,4,Dark,Clear,Main,Freight Train,9,82900,31500,114400,T210,30.341014999999999,-97.552508000000003
UP,1023TO022,2023-10-22,8:10 AM,Derailment,0,FORT WORTH,TX,64.0,2,Day,Clear,Main,Freight Train,10,62123,194551,256674,T403,32.745041000000001,-97.324763000000004
UP,1214FW017,2014-12-18,5:00 AM,Derailment,0,DALLAS,TX,45.0,4,Dark,Clear,Industry,Light loco(s),4,14400,19997,34397,T110,32.721828000000002,-96.753887000000006
DGNO,DGN972822,2022-06-06,1:00 PM,Derailment,0,VAN ALSTYNE,TX,89.0,2,Day,Cloudy,Yard,Freight Train,10,25000,5750,30750,T108,33.405974000000001,-96.567210000000003
UP,0116FW003,2016-01-06,10:20 PM,Derailment,0,BIG SANDY,TX,55.0,4,Dark,Rain,Yard,Freight Train,8,15548,32340,47888,T110,32.581794000000002,-95.113850999999997
AWRR,IN20160312,2016-03-12,8:50 AM,Derailment,0,AUSTIN,TX,63.0,2,Day,Rain,Main,Freight Train,9,22000,125000,147000,T202,30.306944000000001,-97.638610999999997
UTAH,UTA172616R,2016-12-23,2:15 AM,Derailment,0,WEST JORDAN,UT,20.0,4,Dark,Clear,Industry,Freight Train,8,20000,0,60000,T111,40.588459999999998,-111.990252
BNSF,GC0716106,2016-07-12,6:50 PM,Derailment,0,TEMPLE,TX,93.0,3,Dusk,Clear,Yard,Freight Train,1,27903,25450,53353,T403,31.120397000000001,-97.349754000000004
UP,0116HO031,2016-01-22,6:00 AM,Derailment,0,BAYTOWN,TX,45.0,1,Dawn,Cloudy,Industry,Freight Train,7,1008,17000,18008,T110,29.817547999999999,-95.053178000000003
DGNO,DGN969822,2022-05-27,7:00 PM,Derailment,0,MELISSA,TX,88.0,2,Day,Clear,Yard,Freight Train,5,357273,85567,442840,T109,33.307184999999997,-96.562242999999995
PTRA,2016000016,2016-04-23,4:30 PM,Derailment,0,DEER PARK,TX,75.0,2,Day,Clear,Yard,Yard/switching,3,29000,1500,30500,T311,29.744174000000001,-95.091956999999994
UP,0815HO014,2015-08-10,6:10 PM,Derailment,0,SPRING,TX,98.0,2,Day,Clear,Main,Freight Train,22,457090,456455,913545,T318,30.076415000000001,-95.416291000000001
BNSF,RD0822112,2022-08-11,10:30 AM,Derailment,0,TEAGUE,TX,95.0,2,Day,Clear,Yard,Freight Train,8,26238,42233,68471,T307,31.633603000000001,-96.288477
UP,0615HO001,2015-06-01,11:20 PM,Derailment,0,HOUSTON,TX,76.0,4,Dark,Clear,Yard,Light loco(s),3,15000,464,15464,T210,29.826924000000002,-95.290394000000006
UP,0416SA016,2016-04-24,2:40 PM,Derailment,0,KATY,TX,72.0,2,Day,Fog,Industry,Freight Train,8,4428,10636,15064,T111,29.785983999999999,-95.809712000000005
UP,1121HO020,2021-11-18,12:00 PM,Derailment,0,HOUSTON,TX,65.0,2,Day,Clear,Industry,Yard/switching,6,8049,3552,11601,T110,29.849309999999999,-95.125083000000004
KCS,17060704,2017-06-07,7:15 PM,Derailment,0,PORT ARTHUR,TX,84.0,2,Day,Clear,Yard,Cut of cars,0,0,0,826620,T201,29.855924999999999,-93.947066000000007
UP,0619RM033,2019-06-25,9:00 AM,Derailment,0,MENDON,UT,53.0,2,Day,Clear,Main,Freight Train,11,53753,4637,58390,T102,41.740017000000002,-111.97208999999999
UP,0723HO013,2023-07-10,11:00 PM,Derailment,0,BAYTOWN,TX,85.0,4,Dark,Cloudy,Industry,Freight Train,5,5173,11440,16613,T110,29.819557,-94.915576000000001
CMTY,CMTH031,2016-04-30,9:00 AM,Derailment,0,MCNEIL,TX,76.0,2,Day,Clear,Main,,0,0,0,832803,T110,30.271243999999999,-97.431372999999994
UP,1214LK016,2014-12-13,5:50 PM,Derailment,0,LONGVIEW,TX,59.0,3,Dusk,Clear,Industry,Yard/switching,5,10485,10800,21285,T110,32.435630000000003,-94.717194000000006
UP,0515HO032,2015-05-22,5:50 AM,Derailment,0,HOUSTON,TX,82.0,1,Dawn,Cloudy,Yard,,0,0,61652,181652,T207,29.807848,-95.268568999999999
KRR,KRR730221,2021-02-09,7:15 PM,Derailment,0,PARIS,TX,28.0,4,Dark,Clear,Main,Freight Train,10,45107,32168,77275,T207,33.752380000000002,-95.544792999999999
BNSF,GC0816107,2016-08-14,5:45 PM,Other (describe in narrative),0,HOUSTON,TX,80.0,3,Dusk,Cloudy,Main,Freight Train,10,23100,0,26764,T108,29.737145999999999,-95.313252000000006
UP,1122SX015,2022-11-11,9:00 PM,Derailment,0,SAN ANTONIO,TX,49.0,4,Dark,Clear,Industry,Yard/switching,3,18292,150,18442,T110,29.442523999999999,-98.432044000000005
UP,0822TO028,2022-08-23,3:45 PM,Derailment,0,EL PASO,TX,82.0,2,Day,Cloudy,Yard,Freight Train,5,12151,5276,17427,T108,31.753367000000001,-106.38866400000001
UP,0323RM001,2023-03-02,3:50 PM,Derailment,0,OGDEN,UT,34.0,2,Day,Clear,Yard,Yard/switching,7,360630,289761,650391,T111,41.215808000000003,-111.983153
BNSF,RD0523122,2023-05-28,5:20 AM,Derailment,0,BEAUMONT,TX,80.0,1,Dawn,Clear,Yard,Light loco(s),5,500,11962,12462,T403,30.088507,-94.112468000000007
UP,0616SA005,2016-06-03,4:40 PM,Derailment,0,NEW BRAUNFELS,TX,80.0,2,Day,Cloudy,Industry,Freight Train,7,3875,7458,11333,T111,29.689284000000001,-98.164721999999998
LBWR,160710002,2016-07-10,12:05 AM,Derailment,0,MEADOW,TX,83.0,4,Dark,Clear,Main,Freight Train,9,21000,68000,89000,T101,33.355207999999998,-102.196881
UP,0915HO031,2015-09-19,10:15 PM,Derailment,0,DAYTON,TX,75.0,4,Dark,Cloudy,Yard,,0,0,85803,219565,T309,30.013855,-94.902519999999996
UP,1117HO007,2017-11-04,5:30 PM,Derailment,0,LA PORTE,TX,85.0,2,Day,Clear,Yard,Single Car,3,269,83873,84492,T403,29.683050000000001,-95.038606999999999
KCS,17120802,2017-12-08,3:05 PM,Derailment,0,LAREDO,TX,55.0,2,Day,Clear,Yard,Freight Train,7,9881,51212,61093,T205,27.505872,-99.438356999999996
UP,0817FW042,2017-08-27,1:10 AM,Derailment,0,FORT WORTH,TX,84.0,4,Dark,Cloudy,Yard,Yard/switching,6,1624,15815,17439,T205,32.718246999999998,-97.389135999999993
FWWR,21010801,2021-01-08,6:20 AM,Derailment,0,FORT WORTH,TX,49.0,4,Dark,Cloudy,Yard,Yard/switching,6,9118,8417,17535,T210,32.769595000000002,-97.325100000000006
BNSF,GC0716111,2016-07-22,11:26 AM,Derailment,0,BEAUMONT,TX,93.0,2,Day,Clear,Yard,Light loco(s),6,250,13300,13550,T311,30.092414999999999,-94.115335999999999
UP,0816SA011,2016-08-19,6:49 AM,Derailment,0,DIME BOX,TX,76.0,1,Dawn,Clear,Main,,0,0,100534,2048231,T001,30.338950000000001,-96.837445000000002
BNSF,RD0217108,2017-02-12,10:45 PM,Derailment,0,BEAUMONT,TX,70.0,4,Dark,Cloudy,Industry,Freight Train,5,50432,0,50432,T113,30.079421,-94.088247999999993
AGCR,05162015,2015-05-16,5:35 PM,Derailment,0,SAN ANTONIO,TX,83.0,2,Day,Cloudy,Yard,Freight Train,6,8000,20000,28000,T109,29.603736000000001,-98.594533999999996
UP,0215HO022,2015-02-13,7:20 AM,Derailment,0,ODEM,TX,50.0,1,Dawn,Cloudy,Yard,Freight Train,3,6029,176770,182799,T313,27.946662,-97.579768999999999
UP,0516UT001,2016-05-03,1:10 AM,Derailment,0,SALT LAKE CITY,UT,48.0,4,Dark,Clear,Yard,Yard/switching,6,61072,37888,98960,T205,40.706623999999998,-111.90934799999999
RVSC,RV23023,2023-11-09,2:30 PM,Derailment,0,HARLINGEN,TX,85.0,2,Day,Cloudy,Main,Freight Train,10,82355,52010,134365,T202,26.179445000000001,-97.754444000000007
AWRR,220802003,2022-08-02,3:46 AM,Derailment,0,MANOR,TX,74.0,4,Dark,Clear,Main,Freight Train,10,130000,60000,190000,T210,30.324933000000001,-97.598906999999997
BNSF,TX0316105,2016-03-27,1:05 PM,Derailment,0,HASLET,TX,63.0,2,Day,Clear,Yard,Yard/switching,6,25500,87332,112832,T001,33.000494000000003,-97.354393999999999
FWWR,23112001,2023-11-20,5:00 PM,Derailment,0,CLEBURNE,TX,65.0,2,Day,Clear,Yard,Yard/switching,9,300000,6724,306724,T110,32.400404000000002,-97.431967
FWWR,21032601,2021-03-26,8:45 PM,Derailment,0,FORT WORTH,TX,61.0,4,Dark,Clear,Yard,Yard/switching,6,3376,9711,13087,T102,32.781703999999998,-97.334479999999999
TXR,TXR190104,2019-01-04,12:05 AM,Derailment,0,BROWNWOOD,TX,32.0,4,Dark,Cloudy,Yard,Freight Train,5,2499,0,11445,T110,31.713995000000001,-98.967608999999996
KCS,22052803,2022-05-28,3:30 PM,Derailment,0,JEFFERSON,TX,93.0,2,Day,Clear,Main,Freight Train,23,396173,1301371,1697544,T108,32.755040999999999,-94.341363000000001
BNSF,RD0320121,2020-03-20,5:37 PM,Derailment,0,TENAHA,TX,62.0,3,Dusk,Cloudy,Industry,Freight Train,6,7200,8000,15200,T111,31.942114,-94.283851999999996
UP,1023HO031,2023-10-20,1:30 AM,Derailment,0,LA PORTE,TX,73.0,4,Dark,Clear,Yard,Yard/switching,7,188409,6855,195264,T202,29.702987,-95.074044999999998
BNSF,RD0318129,2018-03-30,5:30 AM,Derailment,0,TEMPLE,TX,65.0,1,Dawn,Clear,Yard,Yard/switching,40,2868,11885,14753,T110,31.126633000000002,-97.350556999999995
WATX,230721005,2023-07-21,8:29 PM,Derailment,0,FREEPORT,TX,89.0,4,Dark,Clear,Industry,Yard/switching,4,20000,30000,50000,T108,28.991035,-95.382001000000002
BNSF,GC0116100,2016-01-01,10:00 PM,Derailment,0,DAYTON,TX,50.0,4,Dark,Cloudy,Siding,Freight Train,16,177752,0,602657,T108,30.047391000000001,-94.888271000000003
UP,0816HO052,2016-08-26,1:00 PM,Derailment,0,SPRING,TX,90.0,2,Day,Clear,Yard,Freight Train,4,88138,293997,384191,T111,30.061778,-95.412593000000001
UP,0624HO013,2024-06-10,12:50 PM,Derailment,0,PORTLAND,TX,80.0,2,Day,Clear,Yard,Freight Train,5,73128,5056,78184,T108,27.926863000000001,-97.299460999999994
UP,1215HO006,2015-12-06,3:00 AM,Derailment,0,GREGORY,TX,57.0,4,Dark,Clear,Industry,Freight Train,4,3740,8234,11974,T314,27.909206999999999,-97.294140999999996
UP,0116FW002,2016-01-05,11:15 AM,Derailment,0,MESQUITE,TX,54.0,2,Day,Clear,Yard,Work train,1,37194,132,37326,T499,32.776493000000002,-96.665141000000006
UP,0524TO004,2024-05-01,2:50 PM,Derailment,0,PYOTE,TX,92.0,2,Day,Cloudy,Main,Freight Train,56,2899921,490795,3390716,T204,31.518153000000002,-103.174336
UP,1215HO048,2015-12-29,9:00 PM,Derailment,0,EAGLE LAKE,TX,40.0,4,Dark,Cloudy,Industry,Freight Train,6,11403,8570,19973,T110,29.534617999999998,-96.426704000000001
BNSF,RD0817123,2017-08-23,7:13 PM,Derailment,0,LUBBOCK,TX,85.0,3,Dusk,Clear,Yard,Yard/switching,4,10800,3000,13800,T002,33.571430999999997,-101.82383
UP,1223HL016,2023-12-19,1:45 PM,Derailment,0,AMARILLO,TX,58.0,2,Day,Clear,Yard,Freight Train,4,12700,0,37668,T110,35.213202000000003,-101.80373400000001
UP,0720TO005,2020-07-06,10:30 AM,Derailment,0,WACO,TX,85.0,2,Day,Cloudy,Industry,Freight Train,7,30125,1800,31925,T314,31.490607000000001,-97.198408999999998
UP,0415FW011,2015-04-15,9:55 AM,Derailment,0,DALLAS,TX,63.0,2,Day,Clear,Yard,Yard/switching,8,100973,186739,287712,T113,32.701306000000002,-96.742338000000004
UP,0615UT007,2015-06-21,1:55 AM,Derailment,0,SALT LAKE CITY,UT,75.0,4,Dark,Clear,Yard,Freight Train,6,4888,47561,52449,T205,40.797601,-111.916956
BNSF,TC1221108,2021-12-25,5:00 AM,Derailment,0,SUPERIOR,WI,25.0,1,Dawn,Cloudy,Yard,Yard/switching,5,1000,149171,150171,T102,46.666497,-92.043537999999998
NS,131828,2018-11-27,1:00 PM,Derailment,0,NORFOLK,VA,51.0,2,Day,Cloudy,Yard,Yard/switching,6,29780,2624,136790,T207,36.873776999999997,-76.301703000000003
CSX,000166734,2017-02-09,11:09 PM,Derailment,0,CHESTER,VA,48.0,4,Dark,Clear,Industry,Freight Train,8,10600,1884,12484,T110,37.337524999999999,-77.306093000000004
UP,0717PD018,2017-07-14,1:50 PM,Derailment,0,VALLEYFORD,WA,97.0,2,Day,Clear,Industry,Freight Train,11,154097,116115,270212,T110,47.521473,-117.196147
BNSF,NW1021126,2021-10-29,8:55 PM,Derailment,0,TACOMA,WA,50.0,3,Dusk,Clear,Yard,Yard/switching,6,23001,65000,88001,T205,47.251942999999997,-122.421993
TMBL,11232016A,2016-11-23,6:05 AM,Derailment,0,TACOMA,WA,42.0,4,Dark,Rain,Industry,Yard/switching,8,7000,69000,84000,T210,47.268805,-122.408624
BNSF,NW0622102,2022-06-06,11:00 AM,Derailment,0,SEATTLE,WA,58.0,2,Day,Clear,Industry,Light loco(s),5,15000,6000,21000,T111,47.624721999999998,-122.368627
BNSF,NW0518106,2018-05-08,11:30 AM,Derailment,0,LONGVIEW,WA,60.0,2,Day,Clear,Yard,Freight Train,2,199952,0,199952,T319,46.109999000000002,-122.906713
UP,0717PR010,2017-07-06,5:00 PM,Derailment,0,MILWAUKEE,WI,80.0,2,Day,Clear,Main,Freight Train,17,684510,480686,1165196,T110,42.994190000000003,-87.921000000000006
CSX,000202127,2021-12-30,12:28 PM,Derailment,0,CLIFTON FORGE,VA,54.0,2,Day,Clear,Yard,Freight Train,7,48111,2397,50508,T110,37.811388000000001,-79.835301000000001
KNWA,221006002,2022-10-06,4:30 PM,Derailment,0,ALLOY,WV,70.0,2,Day,Clear,Industry,Freight Train,5,1500,20000,21500,T314,38.143704999999997,-81.283355999999998
UP,0618DV025,2018-06-23,1:18 PM,Derailment,0,CHEYENNE,WY,75.0,2,Day,Cloudy,Yard,Light loco(s),5,500,48832,49332,T110,41.130724999999998,-104.81115200000001
PSAP,PSA062619D,2019-05-31,4:53 AM,Derailment,0,ABERDEEN,WA,50.0,1,Dawn,Clear,Yard,Freight Train,5,15000,3000,18000,T202,46.966943999999998,-123.824444
BNSF,NW0222104,2022-02-07,3:55 PM,Derailment,0,KENT,WA,55.0,2,Day,Clear,Industry,Freight Train,8,450,100000,100450,T110,47.433892,-122.22540499999999
BNSF,NW0619108,2019-06-19,1:55 PM,Derailment,0,KENT,WA,70.0,2,Day,Clear,Yard,Freight Train,2,7486,65000,72486,T102,47.448059000000001,-122.222217
WER,WER000003,2021-11-19,1:50 PM,Derailment,0,DAVENPORT,WA,35.0,2,Day,Clear,Main,Freight Train,10,108000,14241,122241,T202,47.646757000000001,-118.14720800000001
UP,1018PR015,2018-10-11,3:55 AM,Derailment,0,MILWAUKEE,WI,52.0,4,Dark,Cloudy,Yard,Yard/switching,6,21469,3460,24929,T210,43.112354000000003,-88.064021999999994
UP,1123GP033,2023-11-28,7:40 AM,Derailment,0,CHEYENNE,WY,31.0,2,Day,Clear,Yard,Freight Train,5,159,11480,11639,T111,41.130549999999999,-104.808537
NS,137017,2020-02-01,11:20 PM,Derailment,0,ROANOKE,VA,39.0,4,Dark,Cloudy,Yard,Yard/switching,6,9300,15383,24683,T207,37.271098000000002,-79.997944000000004
PSAP,PSA414923D,2023-05-14,5:20 PM,Derailment,0,MONTESANO,WA,68.0,2,Day,Clear,Main,Freight Train,10,26134,25000,51134,T109,46.965919999999997,-123.703452
NS,153151,2023-05-18,12:40 PM,Derailment,0,HOPEWELL,VA,70.0,2,Day,Clear,Yard,Yard/switching,9,46375,0,46375,T399,37.297151999999997,-77.292721
NS,129575,2018-05-23,7:25 AM,Derailment,0,HARRISONBURG,VA,75.0,1,Dawn,Clear,Main,Freight Train,1,610,12417,13027,T110,38.432025000000003,-78.902797000000007
WSOR,230528002,2023-05-28,7:40 PM,Derailment,0,BARABOO,WI,83.0,3,Dusk,Clear,Main,Freight Train,11,27686,2500,30186,T101,43.409765,-89.721412999999998