reportingrailroadcode,accidentnumber,date,time,accidenttype,hazmatreleasedcars,station,stateabbr,temperature,visibility_code,visibility,weathercondition,tracktype,equipmenttype,trainspeed,equipmentdamagecost,trackdamagecost,totaldamagecost,primaryaccidentcausecode,latitude,longitude
NS,119747,2016-03-16,12:57 AM,Derailment,0,WILLIAMSON,WV,58.0,4,Dark,Clear,Yard,Single Car,0,100,450,32538,T207,37.658448,-82.253871000000004
NS,133521,2019-04-10,9:30 AM,Derailment,0,NORFOLK,VA,72.0,2,Day,Clear,Yard,Yard/switching,4,7311,8666,15977,T314,36.873776999999997,-76.301703000000003
UP,0716DV017,2016-07-29,3:10 PM,Derailment,0,GREEN RIVER,WY,90.0,2,Day,Clear,Yard,Freight Train,4,16913,900,17813,T399,41.527673999999998,-109.471716
BNSF,NW0224114,2024-02-22,9:45 AM,Derailment,0,SPOKANE,WA,45.0,2,Day,Clear,Industry,Yard/switching,5,308,16748,17056,T111,47.688828000000001,-117.190941
BNSF,NW0216116,2016-02-24,9:30 AM,Derailment,0,KENT,WA,50.0,2,Day,Cloudy,Industry,Freight Train,8,17248,2000,19248,T110,47.419578999999999,-122.225683
NS,128206,2018-01-19,6:30 AM,Derailment,0,RICHMOND,VA,32.0,1,Dawn,Clear,Yard,Freight Train,5,530,20085,20615,T315,37.526898000000003,-77.451430999999999
BNSF,NW0120125,2020-01-30,5:51 PM,Derailment,0,LONGVIEW,WA,52.0,3,Dusk,Rain,Yard,Yard/switching,5,15000,18000,33000,T317,46.110984999999999,-122.954481
BNSF,NW0419101,2019-04-08,5:40 AM,Derailment,0,YAKIMA,WA,60.0,1,Dawn,Cloudy,Yard,Freight Train,4,3700,80000,83700,T199,46.591689000000002,-120.503289
NS,121348,2016-07-21,11:00 PM,Derailment,0,WILLIAMSON,WV,72.0,4,Dark,Clear,Main,Freight Train,7,29045,6414,35459,T499,37.656691000000002,-82.232218000000003
NS,125148,2017-05-21,2:20 PM,Derailment,0,ROANOKE,VA,65.0,2,Day,Cloudy,Yard,Freight Train,0,1200,12166,43285,T319,37.271098000000002,-79.997944000000004
ELS,19002,2019-02-11,6:50 PM,Derailment,0,CRIVITZ,WI,20.0,4,Dark,Snow,Main,Freight Train,23,120000,10000,130000,T202,45.232500000000002,-88.007599999999996
NS,130444,2018-08-03,4:00 AM,Derailment,0,WILLIAMSON,WV,68.0,1,Dawn,Cloudy,Yard,Cut of cars,0,2729,8816,43421,T110,37.670867999999999,-82.275271000000004
ELS,22003,2022-06-15,2:50 PM,Derailment,0,OCONTO FALLS,WI,71.0,2,Day,Clear,Yard,Cut of cars,5,42000,15500,57500,T205,44.873899999999999,-88.142899999999997
EWG,EWG201702,2017-02-07,1:10 AM,Derailment,0,CRESTON,WA,18.0,4,Dark,Snow,Main,Freight Train,6,250000,26500,276500,T002,47.702348000000001,-118.432096
BNSF,PR0423115,2023-04-30,8:50 AM,Derailment,1,SHERIDAN,WY,43.0,1,Dawn,Clear,Yard,Freight Train,6,156659,28189,184848,T309,44.817650999999998,-106.952701
BNSF,TC1016116,2016-10-31,5:10 PM,Derailment,0,SUPERIOR,WI,55.0,3,Dusk,Cloudy,Yard,Yard/switching,8,18600,20000,38600,T399,46.705263000000002,-92.112999000000002
UP,0723GP006,2023-07-10,6:00 AM,Derailment,0,LUSK,WY,51.0,1,Dawn,Clear,Siding,Freight Train,37,952509,762486,1714995,T201,42.737791999999999,-104.35647299999999
NS,129294,2018-04-29,10:30 AM,Derailment,0,NORFOLK,VA,68.0,2,Day,Clear,Yard,Yard/switching,4,26673,13524,40197,T207,36.873776999999997,-76.301703000000003
WC,915085,2017-03-03,11:00 AM,Derailment,0,FOND DU LAC,WI,22.0,2,Day,Clear,Yard,Freight Train,5,38446,3068,41514,T207,43.802197,-88.471362999999997
NS,118821,2016-01-07,2:30 PM,Derailment,0,HOPEWELL,VA,52.0,2,Day,Clear,Industry,Yard/switching,7,69392,300,69692,T108,37.30603,-77.278605999999996
NS,121555,2016-08-04,6:40 PM,Derailment,0,CHATMOSS,VA,77.0,3,Dusk,Clear,Industry,Freight Train,4,120,15140,15260,T110,36.625070000000001,-79.847436999999999
NS,120229,2016-04-22,8:00 AM,Derailment,0,NORFOLK,VA,72.0,2,Day,Clear,Yard,Freight Train,5,6614,4118,10732,T207,0.0,0.0
NS,144830,2022-03-29,8:10 PM,Derailment,0,DISPUTANTA,VA,43.0,4,Dark,Clear,Industry,Freight Train,10,25428,0,25428,T207,37.084726000000003,-77.168717000000001
UP,1118PR009,2018-11-11,3:07 AM,Derailment,0,MILWAUKEE,WI,32.0,4,Dark,Cloudy,Yard,Yard/switching,4,250,17767,18017,T304,43.117483,-88.063506000000004
CSX,000145182,2015-04-19,5:43 PM,Derailment,0,MILLVILLE,WV,45.0,3,Dusk,Rain,Industry,Freight Train,4,15416,150,15566,T312,39.301541,-77.771484000000001
BNSF,PR0124105,2024-01-12,4:50 AM,Derailment,0,BILL,WY,-20.0,1,Dawn,Snow,Main,Freight Train,35,1508057,359263,1867320,T299,42.673412999999996,-105.147808
CSX,000137436,2014-11-10,6:15 PM,Derailment,0,GREENSPRING,WV,44.0,4,Dark,Clear,Siding,Freight Train,4,37523,0,77707,T312,39.532477,-78.613315999999998
CSX,000161996,2016-08-09,9:05 AM,Derailment,0,FRANKLIN  CP,VA,88.0,2,Day,Clear,Siding,Freight Train,20,105000,94574,228262,T207,36.681460999999999,-76.914236000000002
WC,1140659,2023-10-31,11:52 PM,Derailment,0,STANLEY,WI,25.0,4,Dark,Clear,Main,Freight Train,39,114520,266697,381217,T111,44.958632000000001,-90.931832999999997
CSX,000174592,2018-02-07,3:58 AM,Derailment,0,COVINGTON,VA,45.0,4,Dark,Rain,Yard,Freight Train,5,24340,17800,42140,T111,37.800941000000002,-79.868769999999998
WC,1073516,2021-06-13,1:30 PM,Derailment,0,APPLETON,WI,88.0,2,Day,Clear,Industry,Freight Train,8,18336,7500,25836,T205,44.280106000000004,-88.468584000000007
UP,0923RM028,2023-09-25,11:50 AM,Derailment,0,ROCK SPRINGS,WY,52.0,2,Day,Clear,Industry,Freight Train,1,16866,41495,58361,T205,41.733252,-108.780479
NS,114017,2015-01-24,9:55 PM,Derailment,0,WAYNESBORO,VA,37.0,4,Dark,Clear,Yard,Freight Train,8,3650,24206,27856,T314,38.076070999999999,-78.872146000000001
BNSF,NW0815101,2015-08-06,12:10 AM,Derailment,0,TACOMA,WA,59.0,4,Dark,Clear,Yard,Yard/switching,7,14996,1000,15996,T207,47.24183,-122.42810299999999
UP,0123PN007,2023-01-10,2:01 PM,Derailment,0,KENNEWICK,WA,37.0,2,Day,Cloudy,Industry,Yard/switching,9,89666,3520,93186,T110,46.168269000000002,-119.02407700000001
BNSF,NW0822117,2022-08-24,2:00 PM,Derailment,0,TACOMA,WA,85.0,2,Day,Clear,Yard,Freight Train,7,35380,0,35380,T403,47.261783000000001,-122.396973
NS,140763,2021-02-27,12:00 AM,Derailment,0,ROANOKE,VA,34.0,4,Dark,Rain,Yard,Freight Train,5,1800,13916,15716,T110,37.277537000000002,-79.968579000000005
WSOR,IN17032902,2017-03-29,10:30 PM,Derailment,0,PRAIRIE DU CHIEN,WI,40.0,4,Dark,Rain,Yard,Freight Train,9,300000,0,381929,T210,43.017102000000001,-91.133628999999999
SBVR,202101,2021-08-24,2:45 PM,Derailment,0,GREENSPRING,WV,89.0,2,Day,Clear,Siding,Freight Train,4,36000,850,36850,T102,39.510593999999998,-78.641467000000006
UP,0819PN025,2019-08-21,8:15 AM,Derailment,0,FIFE,WA,57.0,2,Day,Cloudy,Yard,Yard/switching,68,23934,3253,27187,T207,47.236317999999997,-122.377982
BNSF,NW1016119,2016-10-19,5:20 PM,Derailment,0,KENT,WA,57.0,3,Dusk,Cloudy,Industry,Freight Train,9,10978,1000,11978,T110,47.434159999999999,-122.22714999999999
CSX,000165278,2016-12-18,12:06 PM,Derailment,0,BENWOOD,WV,30.0,2,Day,Clear,Yard,,0,0,1179,17179,T202,39.998721000000003,-80.732866000000001
UP,0915DV003,2015-09-11,10:50 PM,Derailment,0,GREEN RIVER,WY,55.0,4,Dark,Clear,Main,Freight Train,16,11497,109432,120929,T101,41.529699999999998,-109.474279
CSX,000180214,2018-12-06,5:15 AM,Derailment,0,BUFFALO,WV,29.0,1,Dawn,Cloudy,Industry,Freight Train,9,38825,700,39525,T207,37.789107000000001,-81.78049
NS,129548,2018-05-19,7:15 AM,Other (describe in narrative),0,ALEXANDRIA,VA,70.0,1,Dawn,Clear,Main,,0,0,268481,7096141,T002,38.806507000000003,-77.108037999999993
UP,0717DV002,2017-07-05,12:09 PM,Derailment,0,ROCK SPRINGS,WY,90.0,2,Day,Clear,Siding,Freight Train,24,661618,257863,919481,T001,41.537168999999999,-108.579359
BNSF,TC1119101,2019-11-02,4:20 AM,Derailment,0,SUPERIOR,WI,30.0,1,Dawn,Cloudy,Yard,Freight Train,4,75000,1000,76000,T210,46.659497999999999,-92.052127999999996
NS,139598,2020-10-30,10:15 PM,Derailment,0,SALEM,VA,40.0,4,Dark,Clear,Main,Freight Train,34,1258001,2005662,3263663,T207,37.268828999999997,-80.129347999999993
PSAP,PSA983816D,2016-05-31,2:00 PM,Derailment,0,ABERDEEN,WA,77.0,2,Day,Clear,Main,Freight Train,19,457169,41763,498932,T204,46.963071999999997,-123.704706
WER,121219D,2019-12-12,11:50 PM,Derailment,0,GOVAN,WA,25.0,4,Dark,Clear,Yard,Freight Train,9,90115,17000,107115,T210,47.738,-118.82299999999999
WC,892755,2016-06-26,9:02 AM,Derailment,0,SUPERIOR,WI,80.0,2,Day,Clear,Yard,Freight Train,5,24100,0,94663,T113,46.679488999999997,-92.013305000000003
ELS,20002,2020-12-14,11:00 AM,Derailment,0,STILES,WI,29.0,2,Day,Clear,Main,Freight Train,10,0,0,0,T101,0.0,0.0
CSX,000179452,2018-10-22,8:05 AM,Derailment,0,CALLAGHAN,VA,32.0,1,Dawn,Clear,Main,Freight Train,30,776620,125804,902424,T207,37.811900000000001,-80.074399999999997
BNSF,PR0524106,2024-05-12,8:53 AM,Derailment,0,WHEATLAND,WY,61.0,1,Dawn,Clear,Main,Freight Train,17,1012143,163000,1175143,T207,42.285964999999997,-104.894875
UP,0317PR015,2017-03-15,5:01 PM,Derailment,0,MILWAUKEE,WI,36.0,2,Day,Cloudy,Yard,Yard/switching,7,54369,33355,87724,T110,43.098593000000001,-88.064243000000005
NS,124986,2017-05-08,12:57 PM,Derailment,0,HARRISONBURG,VA,59.0,2,Day,Cloudy,Yard,Freight Train,10,311949,178599,490548,T110,38.440303,-78.878676999999996
NS,131828,2018-11-27,1:00 PM,Derailment,0,NORFOLK,VA,51.0,2,Day,Cloudy,Yard,Yard/switching,6,19972,0,136790,T207,36.873776999999997,-76.301703000000003
UP,1023GP022,2023-10-25,12:40 PM,Derailment,0,YODER,WY,58.0,2,Day,Clear,Industry,Yard/switching,6,479570,332,479902,T110,41.918858,-104.29843700000001
BNSF,NW1116112,2016-11-17,8:40 PM,Derailment,0,LACEY,WA,48.0,3,Dusk,Cloudy,Yard,Freight Train,5,73330,61687,135017,T001,47.024374000000002,-122.72814
CWA,19011401,2019-01-14,11:00 AM,Derailment,0,YAKIMA,WA,30.0,2,Day,Cloudy,Yard,Yard/switching,9,11387,12048,23435,T110,46.354574999999997,-120.30283900000001
UP,1119PN014,2019-11-15,10:30 PM,Derailment,0,SPOKANE,WA,37.0,4,Dark,Clear,Industry,Freight Train,5,68534,55232,123766,T206,47.657814000000002,-117.355904
UP,0620RM024,2020-06-13,2:49 PM,Derailment,4,ROCK SPRINGS,WY,80.0,2,Day,Clear,Main,Freight Train,35,1072776,258632,1331408,T108,41.595483999999999,-109.16555
BNSF,PR0523107,2023-05-19,3:40 PM,Derailment,0,CASPER,WY,57.0,2,Day,Cloudy,Yard,Freight Train,8,76424,103958,180382,T001,42.853862999999997,-106.326826
BNSF,TC0417117,2017-04-28,6:25 PM,Derailment,0,ALLOUEZ,WI,49.0,3,Dusk,Clear,Yard,Freight Train,9,98500,417347,515847,T403,46.681882000000002,-92.025394000000006
CSX,000167686,2017-03-24,4:57 AM,Derailment,0,RICHMOND,VA,36.0,4,Dark,Clear,Main,Freight Train,7,11200,145894,157094,T110,37.577933999999999,-77.472707
BNSF,NW1020117,2020-10-31,12:35 AM,Derailment,0,AUBURN,WA,54.0,4,Dark,Clear,Industry,Yard/switching,3,5508,8000,13508,T110,47.293621000000002,-122.23033
CBRW,18120201,2018-12-02,5:00 PM,Derailment,0,CONNELL,WA,33.0,4,Dark,Fog,Yard,Freight Train,8,0,0,83101,T204,46.66319,-118.862875
NS,129878,2018-06-18,8:50 PM,Derailment,0,NORFOLK,VA,78.0,4,Dark,Clear,Yard,Yard/switching,3,17488,2500,19988,T314,36.873776999999997,-76.301703000000003
NS,123656,2017-01-21,7:30 PM,Derailment,0,NORFOLK,VA,49.0,3,Dusk,Rain,Yard,Freight Train,6,32883,28000,60883,T207,36.873776999999997,-76.301703000000003
NECR,NEC324117D,2017-06-07,5:00 AM,Derailment,0,SAINT ALBANS,VT,39.0,1,Dawn,Clear,Main,Freight Train,10,180,12675,12855,T111,44.813501000000002,-73.086590999999999
BNSF,NW0319114,2019-03-08,9:45 PM,Derailment,0,PASCO,WA,28.0,4,Dark,Snow,Yard,Yard/switching,5,2000,16100,18100,T110,46.267172000000002,-119.099566
BNSF,NW0419106,2019-04-15,9:15 PM,Derailment,0,LONGVIEW,WA,55.0,4,Dark,Cloudy,Yard,Yard/switching,8,7500,22000,29500,T210,46.121474999999997,-122.92495700000001
CSX,000161996,2016-08-09,9:05 AM,Derailment,0,FRANKLIN  CP,VA,88.0,2,Day,Clear,Siding,Cut of cars,0,28688,0,228262,T207,36.681460999999999,-76.914236000000002
CWA,23110201,2023-11-02,8:30 AM,Derailment,0,GRANDVIEW,WA,37.0,2,Day,Cloudy,Main,Freight Train,25,1300,51250,52550,T202,46.285035999999998,-119.942628
UP,0624PN022,2024-06-21,4:48 PM,Derailment,0,TOUCHET,WA,95.0,2,Day,Clear,Main,Freight Train,29,664587,289370,953957,T204,46.057277999999997,-118.923939
BNSF,PR1019101,2019-10-01,3:26 PM,Derailment,0,COWLEY,WY,30.0,2,Day,Rain,Industry,Light loco(s),5,30000,0,30000,T002,44.846653000000003,-108.438492
BNSF,NW1014117,2014-10-31,5:40 PM,Derailment,0,TACOMA,WA,55.0,2,Day,Cloudy,Industry,Yard/switching,8,12001,1000,13001,T110,47.243229999999997,-122.41416
BNSF,NW0222120,2022-02-26,8:15 PM,Derailment,0,TACOMA,WA,41.0,3,Dusk,Cloudy,Yard,Yard/switching,2,26283,2500,28783,T207,47.260286000000001,-122.440533
UP,1121GL008,2021-11-11,6:13 PM,Derailment,0,WYEVILLE,WI,38.0,3,Dusk,Rain,Main,Freight Train,10,169432,126800,296232,T207,44.025874999999999,-90.374334000000005
ELS,16001,2016-01-13,10:15 AM,Derailment,0,CRIVITZ,WI,-1.0,2,Day,Cloudy,Main,Freight Train,10,30000,10000,40000,T110,45.210189999999997,-88.010959999999997
NS,128060,2018-01-09,12:15 PM,Derailment,0,RICHMOND,VA,48.0,2,Day,Clear,Yard,Freight Train,6,996,21922,22918,T110,37.531578000000003,-77.434776999999997
BNSF,NW0123110,2023-01-11,3:30 PM,Derailment,0,PASCO,WA,40.0,2,Day,Cloudy,Yard,Yard/switching,5,15322,1000,16322,T110,46.257725000000001,-119.093695
CSX,000166046,2017-01-16,2:42 PM,Derailment,0,LYNCHBURG,VA,42.0,2,Day,Cloudy,Yard,Freight Train,7,10890,1238,12128,T110,37.410156999999998,-79.135428000000005
BNSF,CH0317123,2017-03-29,10:30 PM,Derailment,0,PRAIRIE DU CHIEN,WI,40.0,4,Dark,Rain,Yard,,0,0,81929,381929,T210,43.017102000000001,-91.133628999999999
BNSF,NW0622107,2022-06-16,6:00 PM,Derailment,0,SPOKANE,WA,65.0,3,Dusk,Clear,Industry,Yard/switching,4,2004,31200,33204,T110,47.672196999999997,-117.320038
STPP,09162021,2021-09-16,6:30 AM,Derailment,0,KETTLE FALLS,WA,48.0,1,Dawn,Clear,Main,Freight Train,10,306838,54562,361400,T110,49.016751999999997,-118.100365
AO,A2021FEB1D,2021-02-05,11:20 PM,Derailment,0,PHILIPPI,WV,25.0,4,Dark,Cloudy,Industry,Freight Train,9,30611,59000,89611,T210,39.195422000000001,-80.058774999999997
CSX,000193600,2020-11-03,2:09 AM,Derailment,0,DANESE,WV,26.0,4,Dark,Clear,Main,Freight Train,27,160363,20473,180836,T207,37.834947,-81.042685000000006
BNSF,CH0423114,2023-04-27,12:37 PM,Derailment,0,DE SOTO,WI,65.0,2,Day,Clear,Main,Freight Train,60,1407075,3090440,4497515,T002,43.409720999999998,-91.193792999999999
BNSF,NW0923120,2023-09-28,10:00 AM,Derailment,0,SPOKANE,WA,65.0,2,Day,Cloudy,Industry,Yard/switching,5,931,12535,13466,T110,47.658177000000002,-117.39119700000001
BNSF,NW1221107,2021-12-14,11:30 AM,Derailment,0,SEATTLE,WA,40.0,2,Day,Clear,Industry,Yard/switching,6,13599,6000,19599,T314,47.626226000000003,-122.370131
CSX,000172502,2017-10-29,1:52 AM,Derailment,0,BENWOOD,WV,38.0,4,Dark,Rain,Yard,Freight Train,9,137561,1000,138561,T207,40.004325000000001,-80.734528999999995
WC,857661,2015-07-04,4:30 PM,Derailment,0,WESTON,WI,79.0,2,Day,Clear,Industry,Freight Train,5,33000,70338,103338,T313,44.857199999999999,-89.646209999999996
ATK,139775,2015-10-25,1:35 PM,Derailment,0,LORTON,VA,60.0,2,Day,Clear,Yard,Light loco(s),2,14000,0,14000,T113,38.708666000000001,-77.220187999999993
UP,1217PR017,2017-12-19,11:28 AM,Derailment,0,MILWAUKEE,WI,32.0,2,Day,Cloudy,Yard,Yard/switching,8,308772,121811,430583,T110,43.101348999999999,-88.064317000000003
BNSF,PR0224102,2024-02-05,9:50 AM,Derailment,0,NEWCASTLE,WY,47.0,2,Day,Clear,Industry,Freight Train,4,3169,13748,16917,T111,43.851098,-104.20429799999999
BNSF,NW0717110,2017-07-10,12:31 AM,Derailment,0,KENNEWICK,WA,72.0,4,Dark,Clear,Yard,Freight Train,6,110395,0,217628,T001,46.211855,-119.131941
UP,0719PN017,2019-07-17,9:03 PM,Derailment,0,SPOKANE,WA,68.0,4,Dark,Cloudy,Yard,Yard/switching,6,23548,9331,32879,T314,47.659705000000002,-117.33132999999999
NS,129959,2018-06-25,12:06 PM,Derailment,0,POCAHONTAS,VA,80.0,2,Day,Clear,Main,Freight Train,5,862,64679,65541,T311,37.288209000000002,-81.313485999999997
BNSF,NW0320114,2020-03-19,11:19 AM,Derailment,0,PASCO,WA,57.0,2,Day,Clear,Yard,Light loco(s),5,45000,3500,48500,T399,46.239134,-119.087279
BNSF,NW0122102,2022-01-04,12:30 AM,Derailment,0,KENNEWICK,WA,15.0,4,Dark,Cloudy,Industry,Freight Train,5,17898,1500,19398,T311,46.169826,-119.026315
BNSF,PR1216108,2016-12-17,6:17 AM,Derailment,0,GLENDO,WY,-13.0,1,Dawn,Cloudy,Main,Freight Train,27,2024150,356000,2380150,T207,42.629795999999999,-105.135358
WACR,1551,2019-11-23,2:00 PM,Derailment,0,BARRE,VT,32.0,2,Day,Clear,Yard,Freight Train,4,10385,3150,13535,T110,44.195008999999999,-72.501622999999995
ELS,18002,2018-02-25,9:20 AM,Derailment,0,BEAVER,WI,30.0,2,Day,Clear,Main,Freight Train,7,10000,50000,60000,T110,45.137500000000003,-88.017899999999997
UP,0215DV004,2015-02-08,8:10 PM,Derailment,0,GREEN RIVER,WY,30.0,4,Dark,Clear,Yard,Yard/switching,2,14760,13540,28300,T205,41.519725000000001,-109.45949400000001
WC,1129159,2023-03-27,1:30 AM,Derailment,0,SUPERIOR,WI,10.0,4,Dark,Clear,Yard,Freight Train,7,14000,0,24734,T113,44.513236999999997,-89.53434
WC,1029794,2020-03-15,2:25 AM,Derailment,0,STEVENS POINT,WI,22.0,4,Dark,Clear,Yard,Freight Train,9,36199,103851,140050,T207,44.512569999999997,-89.534204000000003
BNSF,TC0216102,2016-02-01,1:39 PM,Derailment,0,SUPERIOR,WI,34.0,2,Day,Cloudy,Industry,Yard/switching,4,800,10000,10800,T308,46.737771000000002,-92.102860000000007
VTR,1464,2018-11-27,1:40 PM,Derailment,0,PROCTOR,VT,30.0,2,Day,Cloudy,Siding,Freight Train,2,141457,15800,157257,T210,43.654921000000002,-73.035881000000003
RJCV,RJCV2301,2023-05-19,3:00 PM,Derailment,0,THURMOND,WV,70.0,2,Day,Clear,Main,Freight Train,9,13750,1500,15250,T204,37.954604000000003,-181.078754
CSX,000213128,2023-08-25,5:15 AM,Derailment,0,RICHMOND,VA,80.0,1,Dawn,Clear,Yard,Yard/switching,8,21016,155,21171,T108,37.492967999999998,-77.472195999999997
BNSF,PR0722107,2022-07-17,5:01 PM,Derailment,0,GILLETTE,WY,102.0,3,Dusk,Clear,Main,Freight Train,38,664942,182000,846942,T109,44.536439000000001,-105.967282
BNSF,NW0322113,2022-03-24,11:55 PM,Derailment,0,EVERETT,WA,44.0,4,Dark,Clear,Yard,Yard/switching,4,21442,981,22423,T309,48.011844000000004,-122.18829700000001
WSOR,210212004,2021-02-12,8:45 AM,Derailment,0,MILWAUKEE,WI,7.0,2,Day,Snow,Yard,Freight Train,7,13800,5192,18992,T299,43.103385000000003,-87.954493999999997
BNSF,PR0717103,2017-07-03,4:13 PM,Derailment,0,OSAGE,WY,90.0,2,Day,Clear,Main,Freight Train,32,25329,6800,32129,T499,44.024940000000001,-104.481026
VTR,1526,2019-07-02,9:35 AM,Derailment,0,MIDDLEBURY,VT,70.0,2,Day,Clear,Main,Freight Train,8,53210,65000,118210,T399,44.020105000000001,-73.170858999999993
BNSF,NW0718112,2018-07-12,2:20 PM,Derailment,0,MESA,WA,90.0,2,Day,Clear,Industry,Freight Train,5,5521,21000,26521,T111,46.577558000000003,-119.007915
UP,0524PR006,2024-05-14,11:45 PM,Derailment,0,ADAMS,WI,50.0,4,Dark,Clear,Yard,Freight Train,5,5884,13175,19059,T112,43.955606000000003,-89.831731000000005
UP,0621PR006,2021-06-12,3:22 PM,Derailment,0,CEDAR GROVE,WI,80.0,2,Day,Clear,Main,Freight Train,21,236627,159295,395922,T001,43.538007,-87.838993000000002
BNSF,PR0122104,2022-01-20,2:17 AM,Derailment,0,GUERNSEY,WY,6.0,4,Dark,Clear,Yard,Freight Train,10,18018,76053,94071,T307,42.261403999999999,-104.718439
CSX,000138455,2014-12-05,4:41 PM,Derailment,0,PARKERSBURG,WV,38.0,3,Dusk,Rain,Yard,Yard/switching,4,13488,500,13988,T207,39.276564999999998,-81.558631000000005
BNSF,NW1222113,2022-12-15,5:29 AM,Derailment,0,RICHLAND,WA,30.0,1,Dawn,Cloudy,Yard,Freight Train,5,67128,5000,72128,T110,46.335827000000002,-119.285815
NS,118842,2016-01-08,11:15 AM,Derailment,0,MORGANTOWN,WV,34.0,2,Day,Cloudy,Siding,Yard/switching,20,10680,1500,12180,T002,39.598306999999998,-79.966937999999999
AO,A2015AUG1D,2015-08-18,12:30 AM,Derailment,0,ALEXANDER,WV,65.0,4,Dark,Cloudy,Main,Freight Train,8,70000,0,70000,T314,38.782677,-80.221535000000003
NS,153769,2023-07-31,4:45 AM,Derailment,0,NORFOLK,VA,85.0,1,Dawn,Clear,Yard,Yard/switching,8,22400,19834,42234,T319,36.872762000000002,-76.298057
CSCD,CSC484620D,2020-07-14,8:15 AM,Derailment,0,RIVERSIDE,WA,70.0,2,Day,Clear,Main,Freight Train,10,114887,266293,381180,T001,48.577150000000003,-119.48196900000001
CWA,16011401,2016-01-14,11:34 AM,Derailment,0,SUNNYSIDE,WA,34.0,2,Day,Cloudy,Yard,Yard/switching,7,750,41580,42330,T110,46.310462999999999,-120.02839400000001
NS,153952,2023-08-17,2:20 AM,Derailment,0,NORFOLK,VA,79.0,4,Dark,Clear,Yard,Freight Train,5,68800,0,68800,T113,36.871878000000002,-76.295016000000004
ATK,157182,2019-01-12,10:40 PM,Derailment,0,SEATTLE,WA,42.0,4,Dark,Clear,Yard,Light loco(s),2,59413,3267,62680,T499,47.585771000000001,-122.331081
UP,1215DV007,2015-12-23,9:50 PM,Derailment,0,GREEN RIVER,WY,12.0,4,Dark,Clear,Yard,Yard/switching,5,18257,6010,24267,T403,41.520164999999999,-109.449763
CSX,000177248,2018-06-27,7:19 AM,Derailment,0,ST ALBANS,WV,78.0,2,Day,Cloudy,Main,Freight Train,28,1192570,415636,1608206,T207,38.376756,-81.788903000000005
WE,160108,2016-12-18,12:30 PM,Derailment,0,BENWOOD,WV,30.0,2,Day,Clear,Yard,Yard/switching,4,16000,0,17179,T202,39.998721000000003,-80.732866000000001
BNSF,PR0515100,2015-05-01,10:00 PM,Derailment,0,MILLS,WY,59.0,4,Dark,Clear,Industry,Yard/switching,6,21181,0,21181,T111,42.852355000000003,-106.37472200000001
PSAP,PSA645420D,2020-12-21,2:16 PM,Derailment,0,MONTESANO,WA,45.0,2,Day,Rain,Main,Freight Train,25,205103,100000,305103,T001,46.983472999999996,-123.56709600000001
BNSF,NW0419114,2019-04-22,12:45 AM,Derailment,0,CENTRALIA,WA,44.0,4,Dark,Clear,Yard,Light loco(s),6,1000,75783,76783,T110,46.72128,-122.95117999999999
NS,141461,2021-05-04,5:00 PM,Derailment,0,MAYBEURY,WV,67.0,3,Dusk,Clear,Industry,Freight Train,4,18280,943,19223,T319,37.377212999999998,-81.391767000000002
NS,153896,2023-08-10,7:00 PM,Derailment,0,WAVERLY,VA,80.0,3,Dusk,Cloudy,Industry,Cut of cars,7,38951,0,38951,T207,37.039020000000001,-77.098511000000002
NPB,AR201907,2019-07-30,7:40 PM,Derailment,0,CHESAPEAKE,VA,72.0,3,Dusk,Clear,Yard,Yard/switching,5,58400,3900,62300,T314,36.816163000000003,-76.282931000000005
UP,0621GL009,2021-06-07,8:17 PM,Derailment,0,FRIENDSHIP,WI,82.0,4,Dark,Clear,Yard,Freight Train,7,4102,9292,13394,T319,43.960425999999998,-89.846562000000006
WSOR,D751315,2015-03-14,7:47 PM,Derailment,0,JANESVILLE,WI,56.0,3,Dusk,Clear,Industry,Freight Train,9,3265,0,12213,T110,42.703293000000002,-89.025092000000001
NS,120525,2016-05-16,5:00 PM,Derailment,0,CHATMOSS,VA,68.0,3,Dusk,Clear,Industry,Freight Train,7,16000,31675,47675,T102,36.641221000000002,-79.845883999999998
BNSF,PR1018105,2018-10-09,8:29 AM,Derailment,0,DWYER,WY,34.0,1,Dawn,Clear,Main,Freight Train,23,411430,280000,691430,T207,42.241833999999997,-104.95670800000001
STPP,1253937,2019-07-30,10:15 PM,Derailment,0,ADDY,WA,75.0,4,Dark,Clear,Main,Freight Train,25,244512,29509,274021,T207,48.244388000000001,-117.512339
BNSF,NW1218103,2018-12-03,3:30 PM,Derailment,0,KENNEWICK,WA,39.0,2,Day,Fog,Industry,Freight Train,7,11700,1500,13200,T110,46.306835,-119.293915
PSAP,PSA834524D,2024-06-17,12:30 AM,Derailment,0,OAKVILLE,WA,46.0,4,Dark,Clear,Main,Freight Train,15,500000,5000,505000,T207,46.831448000000002,-123.188783