reportingrailroadcode,accidentnumber,date,time,accidenttype,hazmatreleasedcars,station,stateabbr,temperature,visibility_code,visibility,weathercondition,tracktype,equipmenttype,trainspeed,equipmentdamagecost,trackdamagecost,totaldamagecost,primaryaccidentcausecode,latitude,longitude
BEEM,BMRR201581,2015-08-18,12:30 AM,Derailment,0,ALEXANDER,WV,65.0,4,Dark,Cloudy,Main,,0,0,0,70000,T314,38.782677,-80.221535000000003
NS,144108,2022-01-22,9:30 AM,Derailment,0,WEST POINT,VA,27.0,2,Day,Clear,Yard,Freight Train,3,2575,134084,136659,T201,37.528238000000002,-76.798046999999997
BNSF,PR0615102,2015-06-07,7:40 AM,Derailment,0,WYARNO,WY,52.0,1,Dawn,Clear,Main,Single Car,0,77194,0,675615,T001,44.836860999999999,-106.829443
BNSF,NW0118104,2018-01-12,8:00 AM,Derailment,0,YAKIMA,WA,34.0,1,Dawn,Fog,Yard,Freight Train,8,1413,139886,141299,T202,46.586979999999997,-120.501448
UP,0715NP013,2015-07-24,1:45 PM,Derailment,0,TORRINGTON,WY,73.0,2,Day,Cloudy,Main,Freight Train,47,1749910,717542,2467452,T205,42.335385000000002,-104.09935299999999
CA,CAR831724D,2024-06-17,3:20 PM,Derailment,0,CHESAPEAKE,VA,85.0,2,Day,Clear,Main,Freight Train,10,30000,90000,120000,T109,36.712347000000001,-76.203939000000005
UP,1216DV021,2016-12-27,10:27 PM,Derailment,0,GREEN RIVER,WY,21.0,4,Dark,Clear,Yard,Yard/switching,4,12532,14860,27392,T313,41.525277000000003,-109.465085
NS,134473,2019-06-25,4:20 AM,Derailment,0,CHESAPEAKE,VA,80.0,1,Dawn,Clear,Main,Freight Train,50,1243728,421503,1665231,T207,36.751303,-76.436284999999998
WN,03282015,2015-03-28,3:30 PM,Derailment,0,BLOOMER,WI,47.0,2,Day,Cloudy,Industry,Freight Train,9,563650,295000,858650,T308,45.135993999999997,-91.508120000000005
UP,0123GP036,2023-01-26,6:55 PM,Derailment,0,TORRINGTON,WY,28.0,3,Dusk,Cloudy,Main,Freight Train,38,48096,29648,77744,T102,42.489342000000001,-104.105496
NS,123833,2017-02-04,6:50 AM,Derailment,0,SUFFOLK,VA,28.0,1,Dawn,Clear,Main,Freight Train,48,2204242,769984,2974226,T308,36.725347999999997,-76.589995999999999
UP,0818NP058,2018-08-30,6:00 PM,Derailment,0,DOUGLAS,WY,80.0,3,Dusk,Clear,Industry,Freight Train,2,18682,250,18932,T111,43.484999999999999,-105.269964
UP,0223GL009,2023-02-03,7:15 PM,Derailment,0,WYEVILLE,WI,1.0,3,Dusk,Cloudy,Industry,Light loco(s),7,2045,21310,23355,T313,44.044479000000003,-90.403137999999998
ELS,17007,2017-11-17,10:40 AM,Derailment,0,MARINETTE,WI,40.0,2,Day,Cloudy,Main,Freight Train,5,2000,38000,40000,T110,45.099110000000003,-87.650450000000006
NS,128376,2018-02-02,9:00 PM,Derailment,0,RICHMOND,VA,36.0,4,Dark,Clear,Yard,Freight Train,4,925,21265,22190,T308,37.526898000000003,-77.451430999999999
UP,0117PD011,2017-01-10,5:15 PM,Derailment,0,KAHLOTUS,WA,20.0,2,Day,Clear,Main,Freight Train,29,872581,312732,1185313,T210,46.641485000000003,-118.229333
UP,0721GP039,2021-07-28,3:20 PM,Derailment,0,BURNS,WY,95.0,2,Day,Clear,Siding,Freight Train,15,706554,161820,868374,T199,41.162951,-104.24035000000001
VTR,1325,2017-01-29,6:47 PM,Derailment,0,RUTLAND,VT,18.0,4,Dark,Cloudy,Yard,Freight Train,4,22499,38801,61300,T110,43.595221000000002,-72.975430000000003
BNSF,NW0822113,2022-08-16,11:35 AM,Derailment,0,KENNEWICK,WA,90.0,2,Day,Clear,Industry,Freight Train,5,16278,6500,22778,T111,46.306392000000002,-119.29340999999999
UP,1215PD007,2015-12-12,4:20 PM,Derailment,0,SPOKANE,WA,36.0,3,Dusk,Rain,Yard,Freight Train,6,755,15633,16388,T207,47.659340999999998,-117.343986
NS,125832,2017-07-15,3:30 PM,Derailment,0,NORFOLK,VA,92.0,2,Day,Clear,Yard,Freight Train,3,9394,2500,11894,T110,36.873776999999997,-76.301703000000003
BNSF,NW1221112,2021-12-18,9:45 AM,Derailment,0,SEATTLE,WA,42.0,2,Day,Rain,Yard,Yard/switching,7,26940,8000,34940,T202,47.648319999999998,-122.381396
NS,132050,2018-12-13,10:40 PM,Derailment,0,WEIRTON,WV,34.0,4,Dark,Cloudy,Industry,Freight Train,6,1400,0,1400,T110,40.397412000000003,-80.587061000000006
PCC,220513005,2022-05-13,1:00 PM,Derailment,0,COLFAX,WA,65.0,2,Day,Clear,Main,Freight Train,10,300521,125000,425521,T110,46.764342999999997,-118.009253
NS,151625,2022-12-02,3:35 AM,Derailment,0,JUSTICE,WV,22.0,4,Dark,Clear,Main,Freight Train,24,749891,90000,1716300,T207,37.581508999999997,-81.809925000000007
UP,0616DV004,2016-06-04,1:00 AM,Derailment,0,GREEN RIVER,WY,56.0,4,Dark,Clear,Yard,Light loco(s),6,18006,3835,21841,T403,41.523744000000001,-109.460881
UP,0623GP021,2023-06-18,12:05 AM,Derailment,0,CHEYENNE,WY,52.0,4,Dark,Clear,Yard,Freight Train,6,30513,140436,170949,T110,41.127580000000002,-104.81791200000001
UP,0416TC005,2016-04-25,9:59 PM,Derailment,0,SUPERIOR,WI,35.0,4,Dark,Rain,Yard,Yard/switching,10,117663,190001,307664,T210,46.670949999999998,-92.008662999999999
NS,114780,2015-03-12,1:00 AM,Derailment,0,WELCH,WV,45.0,4,Dark,Fog,Main,Freight Train,15,14,177030,177044,T002,37.445481000000001,-81.598918999999995
MRSR,127001,2017-12-07,2:00 PM,Derailment,0,ELBE,WA,40.0,2,Day,Clear,Main,Passenger Train - Pulling,5,15000,75000,90000,T110,0.0,0.0
BNSF,NW1017115,2017-10-24,5:30 AM,Derailment,0,PASCO,WA,40.0,1,Dawn,Clear,Yard,Yard/switching,5,31117,12500,43617,T201,46.262219000000002,-119.098146
WSOR,200310009,2020-03-10,9:00 PM,Derailment,0,GLENDALE,WI,36.0,4,Dark,Clear,Yard,Freight Train,5,10285,2340,12625,T001,43.008895000000003,-87.953649999999996
BNSF,NW0220104,2020-02-04,2:30 AM,Derailment,0,SEATTLE,WA,45.0,4,Dark,Clear,Industry,Yard/switching,3,1500,12000,13500,T110,47.624656999999999,-122.367947
NS,133494,2019-04-06,3:15 PM,Derailment,0,RURAL RETREAT,VA,72.0,2,Day,Clear,Main,Freight Train,42,1763170,428947,2192117,T109,36.893692999999999,-81.274581999999995
UP,0815TC008,2015-08-18,2:49 PM,Derailment,0,ADAMS,WI,73.0,2,Day,Rain,Yard,Freight Train,7,63526,3810,67336,T310,43.955559999999998,-89.832130000000006
UP,1114DV007,2014-11-08,4:15 AM,Derailment,0,GREEN RIVER,WY,28.0,4,Dark,Clear,Yard,Freight Train,8,127994,2861,130855,T207,41.518487,-109.43106
BNSF,NW0318101,2018-03-01,6:20 PM,Derailment,0,SEATTLE,WA,35.0,3,Dusk,Cloudy,Yard,Light loco(s),5,500,13415,13915,T314,47.580661999999997,-122.33743
WN,09052015,2015-09-06,10:30 PM,Derailment,0,CHETEK,WI,57.0,4,Dark,Clear,Industry,Light loco(s),3,90,12500,12590,T110,45.314238000000003,-91.654989999999998
UP,0118DV009,2018-01-17,7:34 PM,Derailment,0,CHEYENNE,WY,26.0,4,Dark,Clear,Yard,Freight Train,4,221923,5048,226971,T202,41.131802999999998,-104.81371900000001
NS,153754,2023-07-29,10:05 PM,Derailment,0,NORFOLK,VA,85.0,4,Dark,Clear,Yard,Freight Train,0,2440,12000,14440,T108,36.871878000000002,-76.295016000000004
UP,0315NP022,2015-03-12,10:07 AM,Derailment,0,LUSK,WY,58.0,2,Day,Clear,Main,Freight Train,28,807465,697775,1505240,T399,42.759483000000003,-104.43119799999999
UP,0816DV020,2016-08-29,8:05 AM,Derailment,0,GREEN RIVER,WY,62.0,2,Day,Clear,Yard,Freight Train,7,118089,311821,429910,T313,41.523027999999996,-109.459261
CSX,000175816,2018-04-15,9:15 AM,Derailment,0,RICHMOND,VA,65.0,2,Day,Cloudy,Yard,Freight Train,8,69535,7438,76973,T206,37.580632999999999,-77.474594999999994
UP,1221PR013,2021-12-21,5:15 AM,Derailment,0,EVANSVILLE,WI,16.0,1,Dawn,Clear,Industry,Freight Train,5,207961,117365,325326,T202,42.764724999999999,-89.269401999999999
PSAP,PSA278822R,2022-12-21,7:30 PM,Derailment,0,SHELTON,WA,28.0,4,Dark,Clear,Industry,Freight Train,4,25000,0,25000,T110,47.209833000000003,-123.09923999999999
BNSF,NW0616112,2016-06-30,2:55 AM,Derailment,0,EAST WENATCHEE,WA,68.0,4,Dark,Clear,Main,Freight Train,55,3000,21200,24200,T201,47.255288999999998,-120.08778700000001
BNSF,NW0422118,2022-04-26,11:03 PM,Derailment,0,CHEHALIS,WA,40.0,4,Dark,Cloudy,Industry,Yard/switching,7,27000,60000,87000,T301,46.629232999999999,-122.919676
NS,138633,2020-07-24,2:30 PM,Derailment,0,ROANOKE,VA,87.0,2,Day,Clear,Yard,Yard/switching,9,23000,26107,49107,T110,37.270170999999998,-79.999440000000007
KFR,KFR171716,2017-04-06,10:10 PM,Derailment,0,BLUECREEK,WA,40.0,4,Dark,Rain,Main,Freight Train,23,200000,200000,400000,T001,48.183490999999997,-117.472859
BNSF,CH1114100,2014-11-03,2:15 PM,Derailment,0,LA CROSSE,WI,55.0,2,Day,Cloudy,Yard,Freight Train,6,38825,233805,272630,T319,43.816110000000002,-91.245530000000002
WSOR,IN160517,2016-05-17,6:12 PM,Derailment,0,WAUZEKA,WI,72.0,2,Day,Clear,Main,Freight Train,10,175000,125000,300000,T108,43.087305000000001,-90.859806000000006
CSX,000176364,2018-05-13,6:04 PM,Derailment,0,NEWPORT NEWS,VA,75.0,3,Dusk,Clear,Yard,Freight Train,8,543198,256283,799481,T108,37.008687000000002,-76.443027000000001
NS,121519,2016-08-02,12:45 PM,Derailment,0,ROANOKE,VA,85.0,2,Day,Clear,Yard,Freight Train,6,20094,18348,38442,T110,37.270170999999998,-79.999441000000004
BNSF,NW0322112,2022-03-23,12:20 PM,Derailment,0,WENATCHEE,WA,52.0,2,Day,Clear,Industry,Yard/switching,5,7102,133915,141017,T207,47.414589999999997,-120.301282
NS,144661,2022-03-10,6:50 PM,Derailment,0,DANVILLE,VA,49.0,3,Dusk,Cloudy,Yard,Light loco(s),4,9820,2140,11960,T110,36.594754999999999,-79.372957999999997
CPKC,1001924178,2023-07-04,1:53 PM,Derailment,0,COLUMBUS,WI,90.0,2,Day,Clear,Main,Freight Train,46,481495,73498,554993,T109,43.499988000000002,-89.346852999999996
UP,0315PR011,2015-03-14,7:47 PM,Derailment,0,JANESVILLE,WI,40.0,4,Dark,Clear,Industry,,0,0,8948,12213,T110,42.703293000000002,-89.025092000000001
UP,0723RM027,2023-07-17,5:05 PM,Derailment,0,GREEN RIVER,WY,92.0,2,Day,Clear,Industry,Freight Train,10,32999,0,58685,T109,41.694308999999997,-109.732422
BNSF,NW0717106,2017-07-07,8:40 AM,Derailment,0,SPOKANE,WA,85.0,2,Day,Clear,Yard,Yard/switching,3,435,17303,17738,T205,47.668900000000001,-117.341284
NS,136368,2019-11-30,7:30 PM,Derailment,0,ROANOKE,VA,41.0,3,Dusk,Rain,Yard,Yard/switching,7,51800,0,51800,T210,37.271098000000002,-79.997944000000004
NS,125087,2017-05-17,2:20 PM,Derailment,0,HARDY,VA,90.0,2,Day,Clear,Main,Freight Train,33,6000,142600,148600,T109,37.228963999999998,-79.829582000000002
NS,113928,2015-01-20,11:25 AM,Derailment,0,BLACKSTONE,VA,48.0,2,Day,Cloudy,Main,Freight Train,8,42000,99465,141465,T319,37.106617999999997,-77.957268999999997
NS,139158,2020-09-15,8:45 AM,Derailment,0,BRISTOL,VA,72.0,2,Day,Clear,Yard,Freight Train,7,70622,4584,75206,T319,36.641137000000001,-82.127213999999995
UP,0424PR008,2024-04-04,12:10 AM,Derailment,0,JANESVILLE,WI,34.0,4,Dark,Snow,Yard,Freight Train,10,13239,4468,17707,T102,42.727767999999998,-89.126507000000004
NS,151625,2022-12-02,3:35 AM,Derailment,0,JUSTICE,WV,22.0,4,Dark,Clear,Main,Freight Train,24,749891,126518,1716300,T207,37.581508999999997,-81.809925000000007
BNSF,NW0515108,2015-05-13,5:53 AM,Derailment,0,WENATCHEE,WA,50.0,1,Dawn,Rain,Yard,Freight Train,9,211635,32500,244135,T207,47.421582999999998,-120.30625999999999
UP,0616DV016,2016-06-27,6:00 PM,Derailment,0,GREEN RIVER,WY,86.0,2,Day,Clear,Main,Freight Train,39,581020,320063,901083,T399,41.549464999999998,-109.592624
WC,966595,2018-07-19,3:30 AM,Derailment,1,SUPERIOR,WI,50.0,4,Dark,Clear,Yard,Freight Train,6,574488,46807,621295,T202,46.649707999999997,-92.150955999999994
BNSF,TC1016112,2016-10-24,11:00 PM,Derailment,0,SUPERIOR,WI,35.0,4,Dark,Clear,Yard,,0,0,80000,80556,T207,46.637478999999999,-92.108293000000003
UP,0321RM018,2021-03-19,2:40 PM,Derailment,0,GREEN RIVER,WY,56.0,2,Day,Clear,Yard,Yard/switching,4,12798,20461,33259,T110,41.524363999999998,-109.46254999999999
BNSF,NW0219120,2019-02-22,7:36 PM,Derailment,0,PASCO,WA,39.0,3,Dusk,Cloudy,Yard,Freight Train,5,16263,213000,229263,T207,46.235624999999999,-119.08550200000001
BNSF,NW0123108,2023-01-09,1:00 PM,Derailment,0,FERNDALE,WA,50.0,2,Day,Cloudy,Industry,Freight Train,7,171630,60000,231630,T110,48.841337000000003,-122.70698
BNSF,PR0615102,2015-06-07,7:40 AM,Derailment,0,WYARNO,WY,52.0,1,Dawn,Clear,Main,Freight Train,14,59936,538485,675615,T001,44.836860999999999,-106.829443
UP,0921GL002,2021-09-03,5:36 PM,Derailment,0,FRIENDSHIP,WI,62.0,2,Day,Rain,Yard,Freight Train,9,142173,209264,351437,T210,43.960920999999999,-89.848428999999996
UP,0116PD001,2016-01-02,5:44 AM,Derailment,0,SPOKANE,WA,5.0,4,Dark,Clear,Yard,Freight Train,9,91404,0,194224,T207,47.666029000000002,-117.368073
CSX,000159610,2016-05-05,5:07 PM,Derailment,0,CABIN CREEK,WV,65.0,3,Dusk,Cloudy,Main,Freight Train,10,149730,49184,198914,T207,38.171993999999998,-81.447314000000006
NS,133358,2019-03-27,7:15 AM,Derailment,0,RICHMOND,VA,32.0,1,Dawn,Clear,Main,Freight Train,9,9719,109321,119040,T207,37.523907999999999,-77.414406
BNSF,NW0416108,2016-04-13,6:00 PM,Derailment,0,VANCOUVER,WA,46.0,3,Dusk,Cloudy,Yard,Yard/switching,9,10712,1000,11712,T307,45.635945999999997,-122.686486
BNSF,NW1114103,2014-11-04,12:30 AM,Derailment,0,WENATCHEE,WA,50.0,4,Dark,Rain,Yard,Freight Train,8,11726,5000,16726,T207,47.385762,-120.274885
CSX,000173458,2017-12-14,6:55 AM,Derailment,0,SHINNSTON,WV,33.0,1,Dawn,Cloudy,Industry,Freight Train,4,267230,496,267726,T210,39.367333000000002,-80.410798
BNSF,NW0224115,2024-02-22,12:45 PM,Derailment,0,SPOKANE,WA,45.0,2,Day,Clear,Industry,Yard/switching,4,154,19976,20130,T111,47.680948000000001,-117.18669300000001
UP,1218GP018,2018-12-07,2:34 PM,Derailment,0,CHEYENNE,WY,34.0,2,Day,Cloudy,Yard,Freight Train,6,17183,31440,48623,T206,41.1327,-104.798779
UP,0719GP009,2019-07-11,1:30 PM,Derailment,0,CHEYENNE,WY,90.0,2,Day,Clear,Yard,Freight Train,4,5125,73826,78951,T102,41.126246000000002,-104.82338799999999
BNSF,NW0116115,2016-01-19,4:40 AM,Derailment,0,PASCO,WA,34.0,4,Dark,Cloudy,Yard,Yard/switching,7,19693,60000,79693,T201,46.260067999999997,-119.095659
UP,0218PD008,2018-02-08,2:20 PM,Derailment,0,ROCKFORD,WA,55.0,2,Day,Clear,Industry,Freight Train,11,2953,18560,21513,T106,47.435102000000001,-117.159537
KFR,KFR202706,2020-01-06,4:40 PM,Derailment,0,ORIENT,WA,30.0,4,Dark,Cloudy,Main,Freight Train,12,45000,78000,123000,T110,48.736325999999998,-118.129155
UP,0419GL012,2019-04-08,3:59 AM,Derailment,0,RACINE,WI,53.0,4,Dark,Clear,Main,Freight Train,12,152644,594678,747322,T205,42.803125000000001,-87.821450999999996
TMBL,11232016A,2016-11-23,6:05 AM,Derailment,0,TACOMA,WA,42.0,4,Dark,Rain,Industry,Single Car,0,8000,0,84000,T210,47.268805,-122.408624
BNSF,NW1218102,2018-12-02,5:00 PM,Derailment,0,CONNELL,WA,33.0,3,Dusk,Fog,Yard,Freight Train,8,26101,57000,83101,T204,46.66319,-118.862875
UP,1120RM014,2020-11-12,10:10 AM,Derailment,0,ROCK SPRINGS,WY,22.0,2,Day,Cloudy,Main,Freight Train,20,5381,14480,19861,T108,41.562168,-109.28539000000001
CSX,000216177,2024-02-12,3:11 PM,Derailment,0,PAW PAW,WV,45.0,2,Day,Cloudy,Main,Freight Train,39,510827,522754,1033581,T001,39.538196999999997,-78.447852999999995
NS,128256,2018-01-23,12:10 PM,Derailment,0,PEARISBURG,VA,60.0,2,Day,Clear,Main,Freight Train,7,70000,56078,126078,T206,37.356645,-80.699831000000003
BNSF,NW1020105,2020-10-09,1:02 PM,Derailment,0,ARLINGTON,WA,62.0,2,Day,Cloudy,Industry,Freight Train,5,13000,0,13000,T314,48.184159000000001,-122.13641200000001
NS,116478,2015-07-11,9:45 PM,Derailment,0,WILLIAMSON,WV,62.0,4,Dark,Clear,Yard,Freight Train,4,100975,82974,183949,T309,37.655385000000003,-82.229260999999994
BNSF,NW1117105,2017-11-10,4:20 AM,Derailment,0,PASCO,WA,43.0,1,Dawn,Cloudy,Yard,Yard/switching,7,1312,16800,18112,T207,46.272502000000003,-119.101632
UP,0723RM027,2023-07-17,5:05 PM,Derailment,0,GREEN RIVER,WY,92.0,2,Day,Clear,Industry,Freight Train,10,25686,0,58685,T109,41.694308999999997,-109.732422
NS,117575,2015-09-30,12:01 AM,Derailment,0,MARSHALL,VA,70.0,4,Dark,Rain,Main,Freight Train,0,730946,52000,782946,T002,38.871965000000003,-77.879351
CSX,000174515,2018-01-28,12:11 AM,Derailment,0,CLIFTON FORGE,VA,36.0,4,Dark,Cloudy,Yard,Freight Train,1,11432,820,12252,T206,37.813678000000003,-79.820348999999993
CSX,000165558,2016-12-29,1:14 PM,Derailment,0,RICHMOND,VA,49.0,2,Day,Cloudy,Yard,Freight Train,4,25000,4852,29852,T202,37.514812999999997,-77.413708999999997
VTR,1333,2017-03-07,8:24 AM,Derailment,0,RUTLAND,VT,35.0,2,Day,Rain,Yard,Yard/switching,3,105473,46824,152297,T210,43.590273000000003,-72.975989999999996
CP,1000421892,2016-07-11,2:25 PM,Derailment,0,PORTAGE,WI,88.0,2,Day,Cloudy,Yard,Freight Train,7,70824,2114,72938,T314,43.5473,-89.458380000000005
CSX,000142192,2015-02-27,9:38 PM,Derailment,0,PEACH CREEK,WV,15.0,4,Dark,Clear,Yard,Freight Train,8,134311,4000,138311,T203,37.904685999999998,-81.983097000000001
UP,0622GL009,2022-06-13,6:00 PM,Derailment,0,ADAMS,WI,73.0,3,Dusk,Cloudy,Yard,Freight Train,8,100,19336,31376,T313,43.957019000000003,-89.835708999999994
NS,119747,2016-03-16,12:57 AM,Derailment,0,WILLIAMSON,WV,58.0,4,Dark,Clear,Yard,Yard/switching,4,31988,0,32538,T207,37.658448,-82.253871000000004
UP,0922PN001,2022-09-01,12:15 PM,Derailment,0,KELSO,WA,62.0,2,Day,Cloudy,Yard,Light loco(s),5,12843,0,12843,T314,46.078192000000001,-122.86806799999999
NS,125058,2017-05-15,4:00 PM,Derailment,0,NORFOLK,VA,70.0,3,Dusk,Clear,Yard,Yard/switching,5,6774,25714,32488,T207,36.873776999999997,-76.301703000000003
UP,0220GP005,2020-02-04,4:28 AM,Derailment,0,CHEYENNE,WY,10.0,1,Dawn,Snow,Yard,Yard/switching,2,8026,8480,16506,T111,41.127445000000002,-104.818456
FOXY,230906007,2023-09-06,5:30 PM,Derailment,0,APPLETON,WI,71.0,2,Day,Rain,Yard,Freight Train,12,95213,10055,105268,T110,44.263176999999999,-88.436091000000005
UP,0224PR021,2024-02-29,6:50 AM,Derailment,0,EVANSVILLE,WI,29.0,1,Dawn,Cloudy,Main,Freight Train,10,10000,3184,13184,T201,42.734513,-89.154302000000001
BNSF,PR1119104,2019-11-04,3:03 PM,Derailment,0,CHEYENNE,WY,49.0,2,Day,Clear,Yard,Freight Train,4,91521,0,91521,T303,41.137692999999999,-104.83319
UP,0718TC026,2018-07-27,6:10 PM,Derailment,0,ADAMS,WI,85.0,3,Dusk,Clear,Yard,Light loco(s),5,250,16964,17214,T314,43.954579000000003,-89.828406000000001
BNSF,TC0619109,2019-06-18,4:00 PM,Derailment,0,SAUNDERS,WI,58.0,2,Day,Cloudy,Yard,,0,0,45000,106977,T111,46.677174000000001,-92.029293999999993
NS,153823,2023-08-04,10:15 PM,Derailment,0,NORFOLK,VA,75.0,4,Dark,Clear,Yard,Freight Train,10,178750,24318,203068,T108,36.871878000000002,-76.295016000000004
BNSF,NW1216109,2016-12-20,3:10 PM,Derailment,0,VANCOUVER,WA,45.0,2,Day,Clear,Yard,Freight Train,10,9500,12500,22000,T108,45.633794999999999,-122.693735
NS,127307,2017-11-06,3:15 AM,Derailment,0,ROANOKE,VA,72.0,4,Dark,Fog,Yard,Yard/switching,8,7094,17884,24978,T110,37.272137999999998,-80.011322000000007
CSX,000166533,2017-02-05,5:30 AM,Derailment,0,RICHMOND,VA,30.0,1,Dawn,Clear,Yard,Yard/switching,7,33992,5752,39744,T202,37.570107,-77.466873000000007
BNSF,NW0819110,2019-08-13,7:30 PM,Derailment,0,SEATTLE,WA,70.0,3,Dusk,Clear,Industry,Yard/switching,5,14076,0,14076,T311,47.578541000000001,-122.351477
BNSF,NW0918115,2018-09-24,6:30 PM,Derailment,0,SEATTLE,WA,65.0,3,Dusk,Clear,Yard,Yard/switching,6,52753,8595,61348,T207,47.568877000000001,-122.33686
NS,121371,2016-07-23,10:15 PM,Derailment,0,WILLIAMSON,WV,72.0,4,Dark,Cloudy,Main,Freight Train,6,14350,7113,21463,T499,37.655385000000003,-82.229260999999994
NS,153815,2023-08-03,6:00 PM,Derailment,0,WHARNCLIFFE,WV,80.0,3,Dusk,Clear,Industry,Freight Train,4,33515,970,34485,T102,37.568297000000001,-81.995221999999998
PSAP,PSA781224R,2024-04-26,10:14 PM,Derailment,0,ABERDEEN,WA,51.0,4,Dark,Rain,Industry,Freight Train,10,225000,5000,230000,T110,46.964736000000002,-123.851224
UP,0419GP003,2019-04-03,6:49 AM,Derailment,0,CHEYENNE,WY,36.0,1,Dawn,Cloudy,Yard,Freight Train,7,192090,39579,231669,T207,41.124993000000003,-104.828902
CSX,000169610,2017-06-13,1:10 PM,Derailment,0,FREDERICKSBURG,VA,95.0,2,Day,Clear,Main,Freight Train,8,32309,35600,67909,T403,38.286517000000003,-77.435694999999996
BNSF,NW1215118,2015-12-29,7:00 PM,Derailment,0,CENTRALIA,WA,41.0,4,Dark,Cloudy,Yard,Freight Train,9,13607,500,14107,T207,46.718432,-122.95223900000001
NS,113676,2015-01-05,5:40 PM,Derailment,0,CLOVERDALE,VA,30.0,3,Dusk,Clear,Siding,Freight Train,4,2000,24854,26854,T110,37.37359,-79.903305000000003
UP,0619GL021,2019-06-18,4:00 PM,Derailment,0,SUPERIOR,WI,58.0,2,Day,Cloudy,Yard,Yard/switching,5,18873,43104,106977,T111,46.681223000000003,-92.019351
BNSF,PR0720101,2020-07-06,4:15 PM,Derailment,0,SLATER,WY,88.0,2,Day,Clear,Main,Freight Train,43,1018280,321793,1340073,T109,41.854494000000003,-104.81926300000001
CWRY,CWR519819,2019-12-02,11:50 AM,Derailment,0,SUFFOLK,VA,45.0,2,Day,Cloudy,Industry,Freight Train,2,0,12000,12000,T110,36.776938999999999,-76.54213
NS,130444,2018-08-03,4:00 AM,Derailment,0,WILLIAMSON,WV,68.0,1,Dawn,Cloudy,Yard,Yard/switching,4,31876,0,43421,T110,37.670867999999999,-82.275271000000004
NS,133345,2019-03-25,7:15 PM,Derailment,0,RICHMOND,VA,55.0,3,Dusk,Rain,Main,Freight Train,24,41180,178092,219272,T110,37.53387,-77.515299999999996
FOXY,230110004,2023-01-10,5:50 PM,Derailment,0,COMBINED LOCKS,WI,37.0,4,Dark,Clear,Industry,Yard/switching,8,6800,6164,12964,T113,44.271090000000001,-88.316137999999995
NS,125148,2017-05-21,2:20 PM,Derailment,0,ROANOKE,VA,65.0,2,Day,Cloudy,Yard,Freight Train,8,29919,0,43285,T319,37.271098000000002,-79.997944000000004
UP,0622GL009,2022-06-13,6:00 PM,Derailment,0,ADAMS,WI,73.0,3,Dusk,Cloudy,Yard,Cut of cars,0,11940,0,31376,T313,43.957019000000003,-89.835708999999994
BNSF,NW0116100,2016-01-02,5:44 AM,Derailment,0,SPOKANE,WA,4.0,1,Dawn,Clear,Yard,,0,0,102820,194224,T207,47.666029000000002,-117.368073
BEEM,1,2022-11-26,9:00 AM,Derailment,0,MILL CREEK,WV,50.0,2,Day,Clear,Main,Cut of cars,5,0,50000,50000,T001,38.732005000000001,-80.136617999999999
CSX,000157776,2016-03-04,10:26 PM,Derailment,0,CLIFTON FORGE,VA,30.0,4,Dark,Clear,Yard,Yard/switching,4,10543,1356,11899,T110,37.811369999999997,-79.835289000000003
SBVR,201701,2017-03-07,12:15 PM,Derailment,0,GREENSPRING,WV,51.0,2,Day,Cloudy,Siding,Freight Train,8,50000,21999,71999,T312,39.510593999999998,-78.641467000000006
CSX,000212702,2023-08-01,3:12 PM,Derailment,0,QUINWOOD,WV,85.0,2,Day,Clear,Industry,Freight Train,6,16918,2500,19418,T109,38.027619000000001,-80.630287999999993
WIR,01,2018-04-20,12:30 PM,Derailment,0,PALOUSE,WA,68.0,2,Day,Clear,Main,Freight Train,8,70000,5000,75000,T001,46.937528,-117.099485
UP,1116DV012,2016-11-22,6:20 AM,Derailment,0,CHEYENNE,WY,30.0,1,Dawn,Snow,Yard,Freight Train,9,128054,3960,132014,T210,41.130153999999997,-104.809318
CSX,000137436,2014-11-10,6:15 PM,Derailment,0,GREENSPRING,WV,44.0,4,Dark,Clear,Siding,Cut of cars,0,3566,0,77707,T312,39.532477,-78.613315999999998
CP,1000299155,2015-11-08,2:08 PM,Derailment,1,WATERTOWN,WI,50.0,2,Day,Clear,Main,Freight Train,27,1706174,181500,1887674,T299,43.191212999999998,-88.736070999999995
NS,113950,2015-01-21,11:15 AM,Derailment,0,CHESAPEAKE,VA,47.0,2,Day,Cloudy,Yard,Yard/switching,3,3000,14477,17477,T110,36.787320999999999,-76.269801000000001
CSX,000138616,2014-12-06,7:45 PM,Derailment,0,DANVILLE,WV,41.0,4,Dark,Cloudy,Industry,Freight Train,4,115365,16000,131365,T207,38.130237000000001,-81.840879000000001
NS,131828,2018-11-27,1:00 PM,Derailment,0,NORFOLK,VA,51.0,2,Day,Cloudy,Yard,Freight Train,4,84414,0,136790,T207,36.873776999999997,-76.301703000000003