reportingrailroadcode,accidentnumber,date,time,accidenttype,hazmatreleasedcars,station,stateabbr,temperature,visibility_code,visibility,weathercondition,tracktype,equipmenttype,trainspeed,equipmentdamagecost,trackdamagecost,totaldamagecost,primaryaccidentcausecode,latitude,longitude
CCT,031224DR,2024-03-12,7:30 AM,Derailment,0,STOCKTON,CA,45.0,2,Day,Clear,Yard,,0,0,9600,28600,T001,37.975439999999999,-121.266508
SJVR,SJV748624D,2024-03-31,1:05 PM,Derailment,0,FRESNO,CA,60.0,2,Day,Clear,Industry,Freight Train,4,1500,17000,18500,T110,36.721220000000002,-119.76709
UP,1014UT005,2014-10-19,3:00 PM,Derailment,0,ELKO,NV,65.0,2,Day,Clear,Yard,Freight Train,5,14963,90090,105053,T202,40.862887000000001,-115.724576
UP,0423RM017,2023-04-14,2:08 PM,Derailment,0,LAS VEGAS,NV,66.0,2,Day,Clear,Yard,Freight Train,6,9648,3000,12648,T208,36.005972,-115.237306
UP,0219RM008,2019-02-09,12:45 AM,Derailment,0,CALIENTE,NV,37.0,4,Dark,Clear,Main,Freight Train,41,1764972,81536,1846508,T299,37.128911000000002,-114.48908
UP,1219NC052,2019-12-18,5:00 AM,Derailment,0,ELKO,NV,21.0,1,Dawn,Cloudy,Yard,Freight Train,9,100722,224218,324940,T207,40.868782000000003,-115.72229900000001
UP,0123NC060,2023-01-29,12:00 AM,Derailment,0,ANTELOPE,CA,44.0,4,Dark,Clear,Yard,Yard/switching,4,22533,636,46349,T207,38.708016999999998,-121.329921
UP,1222NC016,2022-12-12,8:35 PM,Derailment,0,SPARKS,NV,32.0,4,Dark,Cloudy,Yard,Yard/switching,6,73833,1056,74889,T111,39.530746999999998,-119.74359699999999
SERA,SERA202404,2024-01-19,9:15 AM,Derailment,0,SONORA,CA,50.0,2,Day,Clear,Main,Freight Train,5,0,300000,300000,T103,37.974479000000002,-120.37739500000001
BNSF,CA0222114,2022-02-20,2:45 PM,Derailment,0,MOJAVE,CA,70.0,2,Day,Clear,Main,Freight Train,32,1398204,952344,2350548,T199,35.037502000000003,-118.16892
UP,0118UT046,2018-01-30,5:00 AM,Derailment,0,ELKO,NV,30.0,4,Dark,Cloudy,Yard,Freight Train,9,241978,55767,297745,T207,40.863500000000002,-115.725852
UP,0921NC053,2021-09-30,1:30 AM,Derailment,0,STOCKTON,CA,65.0,4,Dark,Clear,Yard,Freight Train,5,68335,0,73835,T201,37.948196000000003,-121.331182
PHL,201901111,2019-01-11,4:10 AM,Derailment,0,LOS ANGELES,CA,49.0,4,Dark,Fog,Yard,Freight Train,9,85000,81883,166883,T111,33.755132000000003,-118.253573
UP,1114RS016,2014-11-18,1:13 PM,Derailment,0,GILROY,CA,65.0,2,Day,Rain,Yard,Freight Train,5,3726,7989,11715,T314,36.988545999999999,-121.556989
UP,0224NC047,2024-02-28,4:46 AM,Derailment,0,ELKO,NV,27.0,1,Dawn,Clear,Main,Freight Train,30,1258144,760089,2018233,T204,40.837299999999999,-115.74976599999999
UP,1118LA003,2018-11-07,9:50 AM,Derailment,0,WHITTIER,CA,78.0,2,Day,Cloudy,Main,Freight Train,15,216402,8271,234944,T304,33.966470999999999,-118.08857999999999
UP,1216RS013,2016-12-17,7:50 AM,Derailment,0,SPARKS,NV,18.0,2,Day,Clear,Yard,Freight Train,5,13497,1576,15073,T210,39.531410000000001,-119.757023
BNSF,CA0423104,2023-04-14,7:15 AM,Derailment,0,BARSTOW,CA,60.0,1,Dawn,Clear,Yard,Light loco(s),10,2500,9553,12053,T207,34.895699999999998,-117.069508
ARZC,ARZ038733D,2022-03-24,2:40 AM,Derailment,1,RICE,CA,60.0,4,Dark,Clear,Main,Freight Train,25,521009,136000,657009,T207,34.079555999999997,-114.80969399999999
UP,0120NC013,2020-01-01,7:15 PM,Derailment,0,ELKO,NV,34.0,4,Dark,Cloudy,Yard,Yard/switching,4,197650,241015,438665,T106,40.873404000000001,-115.716973
UP,0615LA006,2015-06-07,1:55 PM,Derailment,0,BLOOMINGTON,CA,78.0,2,Day,Clear,Yard,Light loco(s),4,250,36800,37050,T207,34.067124999999997,-117.370532
ARZC,ARZ673018D,2018-05-27,8:50 PM,Derailment,0,CADIZ,CA,80.0,4,Dark,Clear,Main,Freight Train,27,741547,109012,850559,T207,34.277377999999999,-115.17209200000001
UP,0918LA025,2018-09-16,7:15 AM,Derailment,0,LOS ANGELES,CA,85.0,2,Day,Clear,Yard,Freight Train,5,1463,82582,84045,T110,34.008237000000001,-118.170204
SERA,SERA202204,2022-03-08,3:30 PM,Derailment,0,JAMESTOWN,CA,72.0,2,Day,Clear,Main,Freight Train,10,80000,20000,100000,T110,37.949480000000001,-120.417261
BNSF,CA1118103,2018-11-07,9:50 AM,Derailment,0,PICO RIVERA,CA,72.0,2,Day,Clear,Main,,0,0,10271,234944,T304,33.966799000000002,-118.08907000000001
BNSF,CA0115104,2015-01-06,1:20 AM,Derailment,0,PERRIS,CA,40.0,4,Dark,Clear,Industry,Freight Train,4,36310,2000,38310,T110,33.491680000000002,-117.14592
SJVR,SJV780018D,2018-09-09,3:10 PM,Derailment,0,FRESNO,CA,85.0,2,Day,Clear,Yard,Freight Train,8,70681,4409,75090,T110,36.720633999999997,-119.771765
SERA,SERA202206,2022-03-24,4:30 PM,Derailment,0,CHINESE CAMP,CA,87.0,2,Day,Clear,Main,Freight Train,5,0,10000,10000,T109,37.741484,-120.542242
BNSF,CA0818106,2018-08-19,6:49 PM,Derailment,0,BAKERSFIELD,CA,100.0,3,Dusk,Clear,Yard,Freight Train,5,175000,24000,199000,T319,35.371282999999998,-119.025305
SERA,SERA202205,2022-03-15,2:00 PM,Derailment,0,JAMESTOWN,CA,78.0,2,Day,Clear,Main,Freight Train,10,0,15000,15000,T110,37.957287000000001,-120.399078
UP,0723NC046,2023-07-27,2:10 AM,Derailment,0,OAKLAND,CA,59.0,4,Dark,Clear,Yard,Freight Train,7,11577,5280,16857,T207,37.802622999999997,-122.30321000000001
SERA,SERA202202,2022-02-23,3:30 PM,Derailment,0,SONORA,CA,70.0,2,Day,Clear,Main,Freight Train,5,0,20000,20000,T110,37.974604999999997,-120.37908299999999
PHL,PHL00119F,2024-05-15,11:26 PM,Derailment,0,LONG BEACH,CA,60.0,4,Dark,Clear,Industry,Yard/switching,8,98440,107960,206400,T314,33.741083000000003,-118.234931
BNSF,CA0121105,2021-01-12,9:30 AM,Derailment,0,PITTSBURG,CA,62.0,2,Day,Clear,Industry,Freight Train,4,11610,0,11610,T110,38.023045000000003,-121.864913
UP,0420LA022,2020-04-18,6:34 AM,Derailment,0,ANAHEIM,CA,57.0,1,Dawn,Cloudy,Yard,Light loco(s),7,18620,3150,21770,T314,33.828682999999998,-117.932726
UP,1119LA016,2019-11-13,3:30 AM,Derailment,0,LONG BEACH,CA,59.0,4,Dark,Cloudy,Yard,Cut of cars,0,276,0,19580,T399,33.77843,-118.210487
UP,0420NC035,2020-04-19,1:40 PM,Derailment,0,EMERYVILLE,CA,59.0,2,Day,Cloudy,Yard,Freight Train,10,185527,48710,234237,T210,37.843131999999997,-122.29333200000001
BNSF,CA0121112,2021-01-26,4:45 PM,Derailment,0,CADIZ,CA,60.0,3,Dusk,Clear,Yard,Freight Train,5,60000,0,104786,T113,34.517156999999997,-115.50411
BNSF,CA0618112,2018-06-18,10:00 AM,Derailment,0,MADERA,CA,74.0,2,Day,Clear,Industry,Freight Train,6,25000,0,25000,T399,36.919338000000003,-119.97032400000001
ARZC,ARZ642723O,2023-12-20,9:25 PM,Derailment,0,CADIZ,CA,50.0,4,Dark,Clear,Yard,,0,0,10950,10950,T111,34.518720999999999,-115.503618
SJVR,SJV131422R,2022-07-10,5:47 AM,Derailment,0,BAKERSFIELD,CA,78.0,1,Dawn,Clear,Yard,Freight Train,8,115095,0,182679,T314,35.375149999999998,-118.98244
BNSF,NW0415113,2015-04-20,4:55 PM,Derailment,0,GREENVILLE,CA,74.0,2,Day,Clear,Main,Freight Train,25,156672,1178511,1335183,T109,40.107384000000003,-120.89895300000001
BNSF,CA0324106,2024-03-12,7:30 AM,Derailment,0,STOCKTON,CA,56.0,1,Dawn,Cloudy,Yard,Yard/switching,8,19000,0,28600,T001,37.975439999999999,-121.266508
UP,0715RS027,2015-07-29,3:20 PM,Derailment,0,GALT,CA,106.0,2,Day,Clear,Main,Freight Train,50,639313,328442,967755,T109,38.235140999999999,-121.30010799999999
BNSF,CA1222109,2022-12-16,3:18 AM,Derailment,0,SAN DIEGO,CA,50.0,4,Dark,Clear,Industry,Yard/switching,5,1275,13000,14275,T311,32.878269000000003,-117.16614199999999
UP,0115LA008,2015-01-14,9:20 AM,Derailment,0,BAKERSFIELD,CA,45.0,2,Day,Clear,Yard,Freight Train,7,120300,37437,157737,T210,35.353364999999997,-118.892636
BNSF,CA0621109,2021-06-11,4:40 PM,Derailment,0,BARSTOW,CA,93.0,2,Day,Clear,Yard,Light loco(s),5,72658,500,73158,T207,34.892139999999998,-117.07755
BNSF,CA0922107,2022-09-06,10:30 PM,Derailment,0,BARSTOW,CA,95.0,4,Dark,Clear,Yard,Yard/switching,10,10241,600000,610241,T299,34.903582999999998,-117.02866
UP,0217RS028,2017-02-15,1:00 AM,Derailment,0,OAKLAND,CA,56.0,4,Dark,Clear,Yard,Yard/switching,7,12215,910,13125,T314,37.799517999999999,-122.290192
UP,1120NC028,2020-11-23,6:45 AM,Derailment,1,GOSHEN,CA,40.0,1,Dawn,Clear,Siding,Freight Train,14,410310,77420,487730,T207,36.367203000000003,-119.431589
PHL,201801031,2018-01-03,11:30 PM,Derailment,0,LOS ANGELES,CA,60.0,4,Dark,Clear,Yard,,0,0,20000,22000,T311,33.741078000000002,-118.235032
UP,0217LA041,2017-02-28,8:50 PM,Derailment,0,BLOOMINGTON,CA,50.0,4,Dark,Clear,Yard,Yard/switching,10,29916,405482,435398,T207,34.064874000000003,-117.37764900000001
BNSF,CA1119106,2019-11-06,1:14 AM,Derailment,0,BARSTOW,CA,43.0,4,Dark,Clear,Yard,Yard/switching,9,81323,5000,86323,T202,34.899349999999998,-117.04398
PHL,201801191,2018-01-19,5:21 AM,Derailment,0,LOS ANGELES,CA,57.0,4,Dark,Clear,Yard,Freight Train,7,11000,5000,16000,T314,33.752294999999997,-118.19887
SCAX,123017,2017-12-30,12:34 AM,Derailment,0,VAN NUYS,CA,50.0,4,Dark,Clear,Yard,,0,0,90000,90984,T102,34.211829000000002,-118.449372
UP,0217LA036,2017-02-25,2:11 AM,Derailment,0,ONTARIO,CA,45.0,4,Dark,Cloudy,Main,Freight Train,41,2766,311460,314226,T207,34.062922999999998,-117.592142
BNSF,CA0215102,2015-02-08,9:40 AM,Derailment,0,MODESTO,CA,50.0,2,Day,Rain,Yard,Freight Train,5,114818,253433,368251,T202,37.659300000000002,-120.9091
SERA,SERA202306,2023-03-14,6:29 PM,Derailment,0,RIVERBANK,CA,50.0,3,Dusk,Rain,Yard,Freight Train,5,0,0,40000,T110,37.732210000000002,-120.93508
BNSF,CA0118112,2018-01-03,11:30 PM,Derailment,0,LOS ANGELES,CA,58.0,4,Dark,Clear,Yard,Light loco(s),9,2000,0,22000,T311,33.741078000000002,-118.235032
UP,0820NC034,2020-08-15,3:55 PM,Derailment,0,RODEO,CA,91.0,2,Day,Clear,Main,Freight Train,30,477,31896,32373,T109,38.058011,-122.240233
BNSF,CA0323110,2023-03-14,8:45 PM,Derailment,0,RIVERBANK,CA,50.0,3,Dusk,Rain,Yard,,0,0,40000,40000,T110,37.732218000000003,-120.93508
UP,0515RS027,2015-05-29,12:25 PM,Derailment,0,ROSEVILLE,CA,83.0,2,Day,Clear,Yard,Light loco(s),3,37557,250,37807,T110,38.748412000000002,-121.28896899999999
BNSF,CA0120105,2020-01-09,9:00 AM,Derailment,0,FRESNO,CA,41.0,2,Day,Rain,Yard,Single Car,0,2747,0,24792,T210,36.698076999999998,-119.753242
UP,1219NC021,2019-12-06,11:34 AM,Derailment,0,ROSEVILLE,CA,54.0,2,Day,Clear,Yard,Yard/switching,7,146115,55519,201634,T311,38.719248999999998,-121.317172
UP,0223NC007,2023-02-06,5:30 AM,Derailment,0,ANTELOPE,CA,37.0,1,Dawn,Clear,Yard,Freight Train,10,6830,22509,29339,T319,38.719335999999998,-121.31700499999999
UP,1222NC028,2022-12-17,11:27 AM,Derailment,0,STOCKTON,CA,33.0,2,Day,Clear,Yard,Freight Train,8,9162,9430,18592,T111,37.929465999999998,-121.273011
UP,0524NC016,2024-05-13,8:07 PM,Derailment,0,ROSEVILLE,CA,88.0,4,Dark,Clear,Yard,Yard/switching,5,25718,43790,69508,T111,38.733438999999997,-121.304033
UP,0724NC005,2024-07-05,3:50 PM,Derailment,0,FLORISTON,CA,82.0,2,Day,Clear,Main,Freight Train,32,9039,58555,67594,T109,39.397941000000003,-120.02160600000001
SERA,SERA202308,2023-03-23,9:30 PM,Derailment,0,CHINESE CAMP,CA,55.0,4,Dark,Clear,Main,Freight Train,10,10000,10000,20000,T106,37.865783,-120.482527
BNSF,CA0718121,2018-07-20,3:30 AM,Derailment,0,BARSTOW,CA,87.0,4,Dark,Cloudy,Yard,Yard/switching,8,30792,168000,198792,T207,34.899185000000003,-117.04607900000001
BNSF,CA1219118,2019-12-31,8:00 AM,Derailment,0,RICHMOND,CA,65.0,1,Dawn,Clear,Industry,Freight Train,8,12269,0,12269,T111,37.997914999999999,-122.34014000000001
UP,1018LA021,2018-10-20,2:00 AM,Derailment,0,LOS ANGELES,CA,71.0,4,Dark,Clear,Yard,Freight Train,9,17660,20536,38196,T311,34.010134999999998,-118.165316
PCMZ,20190305C,2019-03-05,8:54 PM,Obstruction,0,SANTA CLARA,CA,59.0,3,Dusk,Clear,Main,Commuter Train - Pushing,70,16452,0,16452,T499,37.363394999999997,-121.959176
BNSF,CA0319116,2019-03-30,12:55 AM,Derailment,0,BUENA PARK,CA,60.0,4,Dark,Clear,Yard,Freight Train,10,0,47000,47000,T102,33.882249000000002,-118.002139
UP,1219LA009,2019-12-10,10:15 PM,Derailment,0,CITY OF INDUSTRY,CA,57.0,4,Dark,Cloudy,Yard,Light loco(s),7,117354,3699,121053,T207,34.013551999999997,-117.945747
BNSF,CA0721103,2021-07-07,4:30 AM,Derailment,0,VERNON,CA,75.0,1,Dawn,Clear,Yard,Light loco(s),4,10500,0,13650,T403,34.001309999999997,-118.19502
UP,0119NC046,2019-01-25,12:40 AM,Derailment,0,FOWLER,CA,47.0,4,Dark,Clear,Industry,Freight Train,4,17040,150,17190,T110,36.601421999999999,-119.64828900000001
BNSF,CA1021110,2021-10-29,6:30 AM,Derailment,0,LUDLOW,CA,51.0,1,Dawn,Clear,Main,Freight Train,47,549268,418000,967268,T204,34.759044000000003,-116.354399
BNSF,CA0218113,2018-02-17,3:22 AM,Derailment,0,TEHACHAPI,CA,29.0,4,Dark,Clear,Main,Freight Train,19,196203,153000,554189,T210,35.175933999999998,-118.482063
UP,0818RS002,2018-08-02,5:48 PM,Derailment,0,CERES,CA,98.0,2,Day,Clear,Yard,Freight Train,8,149036,147000,296036,T202,37.588563000000001,-120.984476
BNSF,CA0421109,2021-04-13,10:05 PM,Derailment,0,ATWATER,CA,70.0,4,Dark,Clear,Industry,Freight Train,7,20301,10000,30301,T205,37.360112000000001,-120.56117500000001
UP,0319NC024,2019-03-16,2:46 PM,Derailment,0,BENICIA,CA,70.0,2,Day,Clear,Industry,Yard/switching,10,27160,221744,248904,T205,38.055385000000001,-122.127968
UP,1119LA016,2019-11-13,3:30 AM,Derailment,0,LONG BEACH,CA,59.0,4,Dark,Cloudy,Yard,Freight Train,10,16054,0,19580,T399,33.77843,-118.210487
UP,0819LA011,2019-08-13,2:50 AM,Derailment,0,CARSON,CA,68.0,4,Dark,Clear,Yard,Yard/switching,10,10207,25837,36044,T311,33.836182999999998,-118.22468600000001
UP,0720LA017,2020-07-13,10:55 PM,Derailment,0,LONG BEACH,CA,72.0,4,Dark,Clear,Industry,Freight Train,6,318,17161,17479,T207,33.844143000000003,-118.230468
UP,0520LA018,2020-05-22,3:24 PM,Derailment,0,EAST LOS ANGELES,CA,63.0,2,Day,Clear,Industry,Yard/switching,4,159,18832,18991,T311,33.794088000000002,-118.227718
UP,0419ST044,2019-04-21,6:10 AM,Derailment,0,LOS ANGELES,CA,59.0,1,Dawn,Cloudy,Yard,Freight Train,4,102252,2733,104985,T319,34.062461999999996,-118.216014
PCMZ,20190224B,2019-02-24,2:34 PM,Derailment,0,SAN JOSE,CA,60.0,2,Day,Cloudy,Main,Commuter Train - Pushing,9,33140,14143,47283,T399,37.331029999999998,-121.903541
UP,1218ST013,2018-12-09,4:46 AM,Derailment,0,BLOOMINGTON,CA,49.0,1,Dawn,Clear,Yard,Yard/switching,3,90529,80775,171304,T202,34.067517000000002,-117.36944200000001
UP,1216LA047,2016-12-27,5:05 AM,Derailment,0,BLOOMINGTON,CA,45.0,4,Dark,Clear,Yard,Light loco(s),4,250,21386,21636,T199,34.066642999999999,-117.425809
BNSF,CA0121103,2021-01-11,7:20 PM,Derailment,0,BUENA PARK,CA,70.0,3,Dusk,Clear,Yard,Freight Train,11,33255,1000,34255,T205,33.883777000000002,-118.00539000000001
BNSF,CA0421115,2021-04-22,6:10 AM,Derailment,0,KRAMER JUNCTION,CA,58.0,1,Dawn,Clear,Main,Freight Train,62,711992,600000,1311992,T207,34.982790000000001,-117.479148
UP,0720LA022,2020-07-18,9:08 PM,Derailment,0,WOODFORDS,CA,87.0,4,Dark,Clear,Main,Freight Train,11,56299,63232,119531,T106,35.222866000000003,-118.55723999999999
TRC,201901,2019-02-20,6:40 PM,Derailment,0,TRONA,CA,50.0,4,Dark,Clear,Yard,Yard/switching,5,4200,55400,59600,T002,35.752026000000001,-117.38751600000001
UP,0123NC060,2023-01-29,12:00 AM,Derailment,0,ANTELOPE,CA,44.0,4,Dark,Clear,Yard,Yard/switching,4,22544,636,46349,T207,38.708016999999998,-121.329921
UP,0616LA012,2016-06-18,5:15 PM,Derailment,0,YUMA,AZ,115.0,2,Day,Clear,Yard,Freight Train,3,139,41191,41330,T317,32.704608999999998,-114.61402
BNSF,NW0420115,2020-04-29,1:11 AM,Derailment,0,KEDDIE,CA,35.0,4,Dark,Clear,Main,Freight Train,19,13117,171700,184817,T108,40.018546999999998,-120.95475999999999
MET,10M2021,2021-04-28,12:10 AM,Derailment,0,EMPIRE,CA,55.0,4,Dark,Clear,Industry,Yard/switching,7,28535,36883,65418,T110,37.374651,-120.540809
UP,0118RS029,2018-01-16,12:10 PM,Derailment,0,TRACY,CA,59.0,2,Day,Fog,Industry,Freight Train,10,9071,4192,13263,T111,37.718029999999999,-121.425473
UP,0819LA020,2019-08-15,1:07 PM,Derailment,0,MIRA LOMA,CA,100.0,2,Day,Clear,Yard,Yard/switching,9,19714,2650,22364,T310,34.036265,-117.541415
BNSF,CA1220117,2020-12-30,10:42 AM,Derailment,0,BARSTOW,CA,56.0,2,Day,Clear,Yard,Yard/switching,8,102872,55000,157872,T207,34.899884999999998,-117.04141199999999
UP,0218LA015,2018-02-17,3:22 AM,Derailment,0,TEHACHAPI,CA,29.0,4,Dark,Clear,Main,,0,0,204986,554189,T210,35.175933999999998,-118.482063
UP,0121ES033,2021-01-09,3:30 AM,Obstruction,0,SANTA BARBARA,CA,46.0,4,Dark,Clear,Main,Spec. MoW Equip.,15,14980,0,14980,T499,34.440952000000003,-119.81085
BNSF,CA1021105,2021-10-08,10:35 AM,Derailment,0,BARSTOW,CA,75.0,2,Day,Clear,Yard,Yard/switching,10,12000,310000,322000,T202,34.900179000000001,-117.044411